0.9064116477966309,0.9370770454406738,0.949113130569458,0.8282697200775146,0.925633430480957,0.7015600204467773,0.8575007319450378,0.6259964108467102,0.7944140434265137,0.5961282849311829,0.9193922281265259,0.6723152995109558,0.8278026580810547,0.578833281993866,0.7571858763694763,0.5438723564147949,0.6998131275177002,0.532328188419342,0.8717553019523621,0.7180798649787903,0.778706431388855,0.6323931813240051,0.7128328084945679,0.5921506285667419,0.6611779928207397,0.569644570350647,0.824306309223175,0.7625495195388794,0.7396683096885681,0.6735235452651978,0.6847093105316162,0.6288696527481079,0.6410271525382996,0.6035211086273193,0.7828134894371033,0.8016709089279175,0.7176684141159058,0.7230232357978821,0.6783894300460815,0.6818105578422546,0.6470839381217957,0.6547257900238037,Eat
0.564820408821106,0.6416096687316895,0.5728033781051636,0.5296621322631836,0.5407676100730896,0.42287829518318176,0.4838113784790039,0.3582912087440491,0.4260175824165344,0.3410659432411194,0.574516773223877,0.32628491520881653,0.4913337826728821,0.2771657109260559,0.4721473157405853,0.3179035186767578,0.4805415868759155,0.357207328081131,0.5418888330459595,0.3375561237335205,0.4653763473033905,0.3053582012653351,0.4515213370323181,0.34647512435913086,0.4626142382621765,0.38432201743125916,0.5033531188964844,0.3696092367172241,0.43854209780693054,0.33490943908691406,0.42956066131591797,0.3661288321018219,0.44009286165237427,0.39980268478393555,0.460386723279953,0.40952977538108826,0.4080926775932312,0.3746955394744873,0.39927759766578674,0.39147043228149414,0.40348872542381287,0.41322439908981323,Eat
0.5678661465644836,0.5964466333389282,0.6226922869682312,0.47961685061454773,0.6205974221229553,0.36773037910461426,0.5723223686218262,0.30279403924942017,0.5240175724029541,0.29658272862434387,0.657986044883728,0.3255600333213806,0.5688529014587402,0.21889826655387878,0.529836893081665,0.25386860966682434,0.531928539276123,0.29751574993133545,0.6020938158035278,0.3212267756462097,0.5275802612304688,0.20039156079292297,0.4968501329421997,0.2345520555973053,0.4982990324497223,0.2858363389968872,0.5424466729164124,0.3408098518848419,0.4708213210105896,0.23947487771511078,0.45290738344192505,0.2717307507991791,0.45830631256103516,0.30917277932167053,0.48453599214553833,0.3789112865924835,0.41760969161987305,0.33567872643470764,0.38323965668678284,0.3484918773174286,0.36423513293266296,0.36165300011634827,Eat
0.5601505637168884,0.5902261734008789,0.6069483757019043,0.4824638366699219,0.6139824390411377,0.36692580580711365,0.5696102380752563,0.29038527607917786,0.5185745358467102,0.26430609822273254,0.6642162799835205,0.3294338881969452,0.571045994758606,0.18367865681648254,0.5098259449005127,0.19992323219776154,0.48870790004730225,0.24513162672519684,0.6241806149482727,0.3417162597179413,0.5321580767631531,0.2168460488319397,0.4847106337547302,0.24203358590602875,0.47809121012687683,0.28267937898635864,0.5708773136138916,0.36482518911361694,0.4865275025367737,0.2664618194103241,0.4616653323173523,0.29021456837654114,0.4677886664867401,0.3259459435939789,0.5123164057731628,0.3929098844528198,0.45334330201148987,0.3267329931259155,0.44015130400657654,0.3439538776874542,0.4469575583934784,0.3696160912513733,Eat
0.5620325803756714,0.5981125831604004,0.6231024861335754,0.5030595064163208,0.6346808075904846,0.3797682821750641,0.583254337310791,0.288909912109375,0.5291773080825806,0.25399404764175415,0.6846714019775391,0.3480977714061737,0.6017042398452759,0.18901769816875458,0.5357179641723633,0.1880469173192978,0.5092885494232178,0.2238442599773407,0.6376897096633911,0.3437792956829071,0.5642025470733643,0.1747206598520279,0.5063011646270752,0.18698090314865112,0.4862797260284424,0.23575258255004883,0.57985919713974,0.35136961936950684,0.510398268699646,0.22095724940299988,0.4780544936656952,0.24685148894786835,0.47786834836006165,0.29343247413635254,0.5147476196289062,0.36720913648605347,0.46976399421691895,0.3064442276954651,0.4601580798625946,0.3295806050300598,0.4689698815345764,0.35999274253845215,Eat
0.5592023134231567,0.6126906871795654,0.6266056299209595,0.5209646224975586,0.6348179578781128,0.3859155774116516,0.574029266834259,0.2760370075702667,0.5166158080101013,0.2227369248867035,0.7003312110900879,0.36197105050086975,0.6208444237709045,0.19945144653320312,0.5594136118888855,0.17190046608448029,0.5286298990249634,0.18344061076641083,0.6493991613388062,0.3598819077014923,0.5821832418441772,0.1896938532590866,0.5289373993873596,0.17306877672672272,0.5019174814224243,0.1989210993051529,0.5888378024101257,0.36476871371269226,0.5256882905960083,0.2254006266593933,0.49434638023376465,0.21974793076515198,0.48369649052619934,0.24500598013401031,0.5218536257743835,0.3757167160511017,0.4854692220687866,0.2958211600780487,0.4761825501918793,0.2996862828731537,0.47744348645210266,0.31877508759498596,Eat
0.5635320544242859,0.6292402744293213,0.634843111038208,0.5349786281585693,0.6498206257820129,0.4040282964706421,0.6004542112350464,0.2912161946296692,0.5476009845733643,0.22738264501094818,0.7082704901695251,0.3824538290500641,0.6474102735519409,0.2162635624408722,0.5904803276062012,0.16234049201011658,0.553281307220459,0.15167254209518433,0.6603723168373108,0.3767126798629761,0.6097827553749084,0.19587966799736023,0.5574662089347839,0.15404309332370758,0.5219513773918152,0.15733702480793,0.5996705889701843,0.37777724862098694,0.5528985857963562,0.2152838408946991,0.5165486931800842,0.18051110208034515,0.4937775731086731,0.180140420794487,0.5290205478668213,0.3864966928958893,0.5033035278320312,0.2796168625354767,0.48983973264694214,0.24232178926467896,0.4826963543891907,0.22157756984233856,Eat
0.5673081278800964,0.6344019174575806,0.6428995728492737,0.5413435101509094,0.6697274446487427,0.41499772667884827,0.6411711573600769,0.304177850484848,0.5951706767082214,0.24085929989814758,0.7177231311798096,0.3837871849536896,0.6597900986671448,0.21528130769729614,0.6052374243736267,0.15330995619297028,0.5667585134506226,0.13234607875347137,0.6717645525932312,0.38108542561531067,0.6260583400726318,0.1907632052898407,0.5746065974235535,0.13444574177265167,0.5334883332252502,0.12589682638645172,0.6108347773551941,0.3835048973560333,0.5672528147697449,0.20590470731258392,0.5313775539398193,0.16169999539852142,0.5065653324127197,0.15577174723148346,0.537631630897522,0.3936666250228882,0.5103229880332947,0.26076334714889526,0.49753567576408386,0.20954209566116333,0.4918334484100342,0.18113182485103607,Eat
0.5706874132156372,0.6389545202255249,0.6264373660087585,0.549269437789917,0.6493317484855652,0.40948212146759033,0.6128135323524475,0.27488991618156433,0.5673767924308777,0.18965816497802734,0.7365490794181824,0.3844422996044159,0.6815056204795837,0.1948069930076599,0.6149120330810547,0.12258513271808624,0.5631884336471558,0.10145941376686096,0.6924232244491577,0.3912283182144165,0.6521936655044556,0.17727220058441162,0.5927870273590088,0.10633307695388794,0.5435574054718018,0.09176045656204224,0.6304513216018677,0.39455080032348633,0.5863478183746338,0.19382207095623016,0.5443848967552185,0.13596594333648682,0.5139114260673523,0.12593133747577667,0.5544215440750122,0.3966926038265228,0.533313512802124,0.23757730424404144,0.5221949815750122,0.17074763774871826,0.5184091329574585,0.13386379182338715,Eat
0.5679256916046143,0.6547485589981079,0.6332528591156006,0.5522109270095825,0.6570760607719421,0.4083440899848938,0.6191903948783875,0.2756190001964569,0.5662723183631897,0.19502080976963043,0.7404991984367371,0.3885801434516907,0.6806822419166565,0.19037432968616486,0.609778106212616,0.12048973143100739,0.5604122877120972,0.10364049673080444,0.6995924115180969,0.39394500851631165,0.6500003933906555,0.16732142865657806,0.5841708779335022,0.10141095519065857,0.5364722609519958,0.0921555757522583,0.6366140842437744,0.39873969554901123,0.5865664482116699,0.17865774035453796,0.5376420021057129,0.12132963538169861,0.5060214996337891,0.11327697336673737,0.5574223399162292,0.40236881375312805,0.5304297208786011,0.2378552109003067,0.5153681039810181,0.17248746752738953,0.5089848637580872,0.14075179398059845,Eat
0.5666278004646301,0.6671633720397949,0.5855326056480408,0.5399467945098877,0.6013005971908569,0.39481669664382935,0.5803428292274475,0.2603799104690552,0.544845461845398,0.1679852306842804,0.7386861443519592,0.3880431354045868,0.682802677154541,0.1850554198026657,0.6107765436172485,0.11523757874965668,0.5593274235725403,0.10268324613571167,0.7102742195129395,0.3981713652610779,0.6646121144294739,0.16966937482357025,0.5928664207458496,0.10253643989562988,0.5376072525978088,0.09332746267318726,0.654116153717041,0.4037845730781555,0.6085384488105774,0.17980417609214783,0.5524863600730896,0.11331970989704132,0.512469470500946,0.09864720702171326,0.575534462928772,0.4054093360900879,0.5513217449188232,0.23250101506710052,0.5335927605628967,0.1605662852525711,0.523899495601654,0.12561291456222534,Eat
0.570267379283905,0.6714900732040405,0.6298441290855408,0.5566580295562744,0.6514309048652649,0.40874993801116943,0.6142396330833435,0.26863202452659607,0.5598660111427307,0.17893962562084198,0.7480599284172058,0.3869909942150116,0.6853247880935669,0.1809779405593872,0.6133348941802979,0.11062216758728027,0.5611064434051514,0.09055918455123901,0.7029565572738647,0.3925606906414032,0.6560388207435608,0.15933728218078613,0.589008092880249,0.09423109889030457,0.5365864038467407,0.0827505886554718,0.637141227722168,0.40040725469589233,0.5938491225242615,0.17707552015781403,0.5441969633102417,0.1191500872373581,0.5102815628051758,0.10487473011016846,0.5550739765167236,0.40795594453811646,0.5337652564048767,0.23486801981925964,0.5202429294586182,0.16000036895275116,0.515221893787384,0.11238880455493927,Eat
0.5697507262229919,0.674217700958252,0.6222813725471497,0.5512881278991699,0.6433571577072144,0.40239956974983215,0.609610378742218,0.2645753026008606,0.5591229200363159,0.1734333485364914,0.7502849102020264,0.38706034421920776,0.691222071647644,0.18405351042747498,0.621601939201355,0.10924997925758362,0.570121705532074,0.08599641919136047,0.7086847424507141,0.3938085436820984,0.6652963757514954,0.16471168398857117,0.5981835126876831,0.0931914746761322,0.5427490472793579,0.07379969954490662,0.6445435881614685,0.4017871022224426,0.5997349619865417,0.18341585993766785,0.5507414937019348,0.11855605244636536,0.5156580805778503,0.09465456008911133,0.562785267829895,0.4086545407772064,0.5394544005393982,0.23838767409324646,0.5252041816711426,0.16464106738567352,0.5188299417495728,0.1146688312292099,Eat
0.5637446641921997,0.676967442035675,0.6070001125335693,0.5559388399124146,0.6274241805076599,0.4069784879684448,0.5977429151535034,0.2657933235168457,0.5511990785598755,0.16963237524032593,0.7487924098968506,0.38944703340530396,0.6909645199775696,0.18204449117183685,0.6188445091247559,0.10708281397819519,0.5660650730133057,0.08518114686012268,0.7084357738494873,0.3964758515357971,0.6633371114730835,0.16216301918029785,0.594150185585022,0.09016194939613342,0.5394078493118286,0.07345885038375854,0.6449146866798401,0.4025840759277344,0.5989297032356262,0.18018706142902374,0.5480907559394836,0.11233769357204437,0.5127812623977661,0.0893925130367279,0.5636889934539795,0.40684521198272705,0.5407283902168274,0.23387277126312256,0.525546669960022,0.157388374209404,0.519551694393158,0.10825154185295105,Eat
0.5651566982269287,0.6801782846450806,0.6157339811325073,0.5595359802246094,0.6395186185836792,0.40880829095840454,0.6069352030754089,0.2646981179714203,0.5562679171562195,0.16988199949264526,0.7512434124946594,0.39147475361824036,0.6905126571655273,0.1793203502893448,0.6173664331436157,0.10386916995048523,0.5633799433708191,0.08271825313568115,0.708982527256012,0.3994816839694977,0.6632012128829956,0.1580767035484314,0.5941430926322937,0.08568170666694641,0.538611888885498,0.07035508751869202,0.6438789367675781,0.40652263164520264,0.5965853333473206,0.17561186850070953,0.5456984639167786,0.10765650868415833,0.5101897716522217,0.08644503355026245,0.5606772899627686,0.4110528826713562,0.5371875762939453,0.2352454960346222,0.5221851468086243,0.15744322538375854,0.5157774090766907,0.10770687460899353,Eat
0.5645400285720825,0.6793805360794067,0.60724937915802,0.5552796721458435,0.6310743689537048,0.40572136640548706,0.602637767791748,0.2621456980705261,0.5545640587806702,0.16596901416778564,0.7530715465545654,0.38926807045936584,0.6893979907035828,0.17512471973896027,0.6141706109046936,0.09838813543319702,0.5600308179855347,0.07711425423622131,0.7123304605484009,0.399682879447937,0.6635748147964478,0.1552855670452118,0.5923417210578918,0.08246108889579773,0.5369466543197632,0.06820610165596008,0.6478279232978821,0.4065268337726593,0.5969744324684143,0.17409445345401764,0.5442613959312439,0.1053888201713562,0.5087443590164185,0.08570274710655212,0.5655535459518433,0.40948617458343506,0.5402919054031372,0.23268283903598785,0.5246902704238892,0.1543261557817459,0.5187233686447144,0.10601511597633362,Eat
0.5661917924880981,0.6806234121322632,0.5913970470428467,0.5495171546936035,0.6160830855369568,0.3918459713459015,0.5938192009925842,0.24433423578739166,0.5508394837379456,0.1449085772037506,0.7572046518325806,0.3796221911907196,0.6926799416542053,0.16071878373622894,0.6128870844841003,0.08831396698951721,0.5596499443054199,0.07328209280967712,0.720059871673584,0.39677920937538147,0.6689535975456238,0.14193333685398102,0.5899233818054199,0.07448464632034302,0.5359195470809937,0.06772735714912415,0.6564018726348877,0.40821343660354614,0.5984481573104858,0.16396494209766388,0.5387221574783325,0.10178568959236145,0.5052874088287354,0.09273913502693176,0.5740811824798584,0.4129490554332733,0.5438275933265686,0.2248365730047226,0.5237135887145996,0.14348292350769043,0.5184444785118103,0.09782359004020691,Eat
0.5660673975944519,0.6855900287628174,0.6191619634628296,0.5608189702033997,0.6490193605422974,0.4076167643070221,0.6167340278625488,0.25907382369041443,0.559871256351471,0.16054950654506683,0.7605389952659607,0.3854111135005951,0.6926873922348022,0.16230566799640656,0.6142058372497559,0.08191648125648499,0.5584866404533386,0.05620512366294861,0.7133411169052124,0.3999422788619995,0.6624874472618103,0.14394836127758026,0.5900617837905884,0.07032859325408936,0.5382795929908752,0.05206716060638428,0.6438578963279724,0.4113020896911621,0.5935186743736267,0.16685955226421356,0.5394370555877686,0.09659090638160706,0.5070487260818481,0.07390052080154419,0.5591931939125061,0.41687482595443726,0.5336938500404358,0.23399518430233002,0.5187211036682129,0.147452712059021,0.51530522108078,0.08890238404273987,Eat
0.5652930736541748,0.6841531991958618,0.6151170134544373,0.5572197437286377,0.6441883444786072,0.4047390818595886,0.6193645000457764,0.25928205251693726,0.5678132176399231,0.16184893250465393,0.7624754309654236,0.38326388597488403,0.6957840919494629,0.15996845066547394,0.616392970085144,0.07763484120368958,0.5596950650215149,0.054399698972702026,0.7184223532676697,0.39888039231300354,0.6680850982666016,0.14105133712291718,0.5908553600311279,0.06260544061660767,0.53374183177948,0.045530766248703,0.6490176916122437,0.41093528270721436,0.5977452397346497,0.16714273393154144,0.540891706943512,0.09077802300453186,0.5049349665641785,0.06688186526298523,0.562114417552948,0.41787347197532654,0.5372844338417053,0.22874785959720612,0.5198184847831726,0.14174389839172363,0.5140390396118164,0.0853436291217804,Eat
0.5657550096511841,0.6844660043716431,0.6108770966529846,0.5562788248062134,0.6399056911468506,0.40069228410720825,0.6161883473396301,0.25303390622138977,0.5658162832260132,0.15128891170024872,0.7628493905067444,0.3801862597465515,0.6978588104248047,0.15299808979034424,0.6182231307029724,0.07156479358673096,0.5614886283874512,0.05164036154747009,0.7186461687088013,0.39588192105293274,0.6714301109313965,0.1360117793083191,0.593987226486206,0.05754140019416809,0.5366095900535583,0.04303354024887085,0.649232029914856,0.4073539674282074,0.5993252992630005,0.1624598354101181,0.541876494884491,0.08356049656867981,0.5055354833602905,0.05961430072784424,0.5622260570526123,0.4133088290691376,0.5380566120147705,0.2235637605190277,0.5201842188835144,0.13394133746623993,0.5136342644691467,0.07659095525741577,Eat
0.5612826347351074,0.6910523772239685,0.5856603980064392,0.5583574771881104,0.6142260432243347,0.40016627311706543,0.5975190997123718,0.24690473079681396,0.5565750002861023,0.13673035800457,0.7606939077377319,0.37944766879081726,0.6978581547737122,0.15044748783111572,0.6200699806213379,0.0650596022605896,0.5659599304199219,0.044076740741729736,0.7194746136665344,0.39499524235725403,0.6690230965614319,0.14677242934703827,0.5942910313606262,0.06538781523704529,0.5389310121536255,0.047658562660217285,0.6545372009277344,0.40465086698532104,0.6043660640716553,0.17416352033615112,0.5475429892539978,0.08802425861358643,0.5096279978752136,0.05954986810684204,0.5732789635658264,0.40794116258621216,0.5469160079956055,0.22575467824935913,0.5261116623878479,0.13554747402668,0.515914797782898,0.07959052920341492,Eat
0.5604271292686462,0.6921424865722656,0.6174464225769043,0.5650545954704285,0.6502643823623657,0.4046499729156494,0.6265589594841003,0.2483164221048355,0.5749408602714539,0.14300666749477386,0.7649564146995544,0.3866249918937683,0.7021037936210632,0.1493186205625534,0.6230558156967163,0.06727960705757141,0.5695434212684631,0.05081358551979065,0.7202824950218201,0.4039941132068634,0.6698591709136963,0.13984645903110504,0.594993531703949,0.05758482217788696,0.5403799414634705,0.042460232973098755,0.6508973836898804,0.4152514636516571,0.599644660949707,0.16399630904197693,0.5445380806922913,0.07848691940307617,0.5084392428398132,0.053770512342453,0.5637490153312683,0.4186902940273285,0.5400365591049194,0.2269519418478012,0.5242981910705566,0.13203996419906616,0.5184568166732788,0.07234689593315125,Eat
0.5502748489379883,0.7022865414619446,0.5489095449447632,0.5559693574905396,0.5788089632987976,0.3865682780742645,0.5740028619766235,0.23237593472003937,0.5441585779190063,0.11970609426498413,0.7508895397186279,0.38542869687080383,0.6986817121505737,0.15606482326984406,0.6247138977050781,0.062119513750076294,0.5700682401657104,0.03624817728996277,0.7149948477745056,0.4055260419845581,0.6726155877113342,0.16000798344612122,0.6024125218391418,0.06617516279220581,0.5462989807128906,0.03910660743713379,0.6540740132331848,0.4153025448322296,0.6113777756690979,0.18612399697303772,0.5570223927497864,0.08925247192382812,0.5174288749694824,0.05453851819038391,0.5752807855606079,0.41531747579574585,0.5516731142997742,0.22851760685443878,0.5295575857162476,0.1363935023546219,0.5158686637878418,0.08574950695037842,Eat
0.5312573313713074,0.6995130777359009,0.47967761754989624,0.5438995361328125,0.5145931243896484,0.3769617974758148,0.5410094261169434,0.23316988348960876,0.5436671376228333,0.1336287409067154,0.7110424637794495,0.3754727244377136,0.6773850321769714,0.15945973992347717,0.6015222668647766,0.06830841302871704,0.5484004616737366,0.038713932037353516,0.7268672585487366,0.3936567008495331,0.6824159622192383,0.1850237250328064,0.601063072681427,0.11399106681346893,0.5409690737724304,0.1004514992237091,0.7163646817207336,0.40183645486831665,0.6586633324623108,0.21762165427207947,0.5887590646743774,0.15444177389144897,0.5427960157394409,0.14244355261325836,0.6943938732147217,0.39737072587013245,0.6384701728820801,0.25163257122039795,0.5839669108390808,0.20341576635837555,0.5507028102874756,0.19331786036491394,Eat
0.5293420553207397,0.7217035293579102,0.4862233102321625,0.561898946762085,0.5156260132789612,0.3843349814414978,0.5334826707839966,0.24168118834495544,0.5385144948959351,0.14460574090480804,0.7080988883972168,0.3982628583908081,0.6777300834655762,0.18675927817821503,0.6041532158851624,0.0894942581653595,0.5539186596870422,0.0499902069568634,0.7133391499519348,0.4196103811264038,0.668181300163269,0.21303416788578033,0.5871629118919373,0.1526055485010147,0.5341812372207642,0.14690744876861572,0.696353554725647,0.42431211471557617,0.6388706564903259,0.23904287815093994,0.5681757926940918,0.19720424711704254,0.5285153985023499,0.1988811194896698,0.6754429936408997,0.422503799200058,0.6202731132507324,0.2720867097377777,0.5676939487457275,0.23390117287635803,0.5369287729263306,0.2331206202507019,Eat
0.8279520273208618,0.8442023396492004,0.7397123575210571,0.8521628379821777,0.6529331207275391,0.7413452863693237,0.5836507081985474,0.5926415920257568,0.5408117175102234,0.47900617122650146,0.7298868298530579,0.6237625479698181,0.6090471744537354,0.3573673665523529,0.5574881434440613,0.32519227266311646,0.5427685379981995,0.3428940176963806,0.7542868852615356,0.5586839914321899,0.6086693406105042,0.302766889333725,0.5508089661598206,0.3018168807029724,0.5447422862052917,0.34896159172058105,0.7683578729629517,0.5147709250450134,0.6340717673301697,0.2961006164550781,0.583398163318634,0.31832626461982727,0.5756425261497498,0.36587822437286377,0.773615837097168,0.4879261255264282,0.6788765788078308,0.3273161053657532,0.6325238347053528,0.3288313150405884,0.6228368878364563,0.3578852713108063,Eat
0.7146791815757751,0.9705752730369568,0.7832111120223999,0.8613404035568237,0.7922804951667786,0.6760931611061096,0.720658004283905,0.5080707669258118,0.6412873864173889,0.4085988998413086,0.8652595281600952,0.6559703946113586,0.7609080076217651,0.41904205083847046,0.6793757677078247,0.3319512605667114,0.6208605170249939,0.29393815994262695,0.8127264380455017,0.6438704133033752,0.7156955003738403,0.39307892322540283,0.6436758637428284,0.3066661059856415,0.599358856678009,0.2757532596588135,0.7407105565071106,0.6344314217567444,0.6518346667289734,0.4078161418437958,0.6016198396682739,0.32452210783958435,0.5726504325866699,0.2922242283821106,0.657261848449707,0.6264523267745972,0.6059402823448181,0.45257121324539185,0.579254686832428,0.3739643096923828,0.5624676942825317,0.33818861842155457,Eat
0.6855329275131226,0.9769492745399475,0.7703263163566589,0.8600895404815674,0.7944421172142029,0.6954823136329651,0.7169315218925476,0.5501040816307068,0.6278500556945801,0.4674115777015686,0.8998838663101196,0.6882762312889099,0.8164151310920715,0.45213013887405396,0.7123331427574158,0.3363313376903534,0.6363927721977234,0.28629934787750244,0.8461022973060608,0.7507686614990234,0.7645774483680725,0.47697633504867554,0.6659268736839294,0.33268728852272034,0.5942934155464172,0.26848194003105164,0.7544288635253906,0.7996708154678345,0.6580403447151184,0.5411935448646545,0.5861945152282715,0.40739643573760986,0.544684886932373,0.3437230885028839,0.6445148587226868,0.8271523118019104,0.580447256565094,0.6261831521987915,0.5462273359298706,0.5115343928337097,0.531665563583374,0.4406037926673889,Eat
0.7034075260162354,0.9847082495689392,0.7850062251091003,0.8379405736923218,0.8103408813476562,0.6643579602241516,0.7717045545578003,0.5102136731147766,0.7073688507080078,0.40736234188079834,0.911500096321106,0.6387190818786621,0.7988236546516418,0.41852474212646484,0.7002681493759155,0.3229009509086609,0.6159337759017944,0.2697812020778656,0.8559889793395996,0.7120909094810486,0.7438973784446716,0.46571657061576843,0.6462423801422119,0.34575387835502625,0.5673660039901733,0.2751273214817047,0.7665852904319763,0.7736403346061707,0.6558499336242676,0.5315289497375488,0.5800296068191528,0.3936603367328644,0.5219307541847229,0.31698092818260193,0.6609283685684204,0.8156255483627319,0.568698525428772,0.6115084886550903,0.5172195434570312,0.47835293412208557,0.47948652505874634,0.38631224632263184,Eat
0.685546338558197,0.9596490263938904,0.7094383835792542,0.8359562158584595,0.7035781145095825,0.6729956269264221,0.6427620053291321,0.5271037220954895,0.5895106792449951,0.4142412543296814,0.8710452318191528,0.6006264090538025,0.8037900924682617,0.41798216104507446,0.7051815986633301,0.32602518796920776,0.6091630458831787,0.26891443133354187,0.8328281044960022,0.6448365449905396,0.7108562588691711,0.47342997789382935,0.6175731420516968,0.3798850476741791,0.5473625659942627,0.31471988558769226,0.7651163935661316,0.6928882002830505,0.638788104057312,0.5433563590049744,0.5672058463096619,0.44184255599975586,0.5126070380210876,0.37194979190826416,0.6847555637359619,0.7396944165229797,0.5792521834373474,0.5987566709518433,0.5171022415161133,0.5070824027061462,0.4698584973812103,0.4363361597061157,Eat
0.700439453125,0.9094821810722351,0.7100595235824585,0.7312219142913818,0.6996419429779053,0.5616463422775269,0.6548805832862854,0.43947985768318176,0.6200923919677734,0.34081587195396423,0.8496630787849426,0.5311692357063293,0.8011317849159241,0.37610143423080444,0.7013183236122131,0.29412347078323364,0.6108576655387878,0.24246355891227722,0.8347493410110474,0.6208975315093994,0.7442384958267212,0.4537937045097351,0.6364677548408508,0.3563622534275055,0.5596323609352112,0.29865342378616333,0.7795447111129761,0.7095699310302734,0.6680101156234741,0.5470378398895264,0.5820173621177673,0.4460369944572449,0.5270227789878845,0.38936638832092285,0.7054492235183716,0.7927493453025818,0.5952128767967224,0.6456699967384338,0.531147301197052,0.5518615245819092,0.4910769462585449,0.49075454473495483,Eat
0.5770337581634521,0.9450554847717285,0.5036458373069763,0.8486974835395813,0.4739336669445038,0.673327624797821,0.4715631306171417,0.5485100746154785,0.46843308210372925,0.45908382534980774,0.6230965852737427,0.5038332343101501,0.6329469680786133,0.3504219651222229,0.6081522703170776,0.250932902097702,0.5688379406929016,0.17803552746772766,0.6828997135162354,0.5300866365432739,0.7120367288589478,0.35661813616752625,0.696272075176239,0.2341490387916565,0.6664177179336548,0.1370886266231537,0.727476954460144,0.5968136787414551,0.7668173909187317,0.42190486192703247,0.7555213570594788,0.29485878348350525,0.7333738207817078,0.18237358331680298,0.7551999688148499,0.6970296502113342,0.7914528846740723,0.5605701208114624,0.7933899164199829,0.4537619352340698,0.7831982970237732,0.35275977849960327,Eat
0.5833278298377991,0.9762997627258301,0.49268674850463867,0.8756563663482666,0.4506332278251648,0.6928362250328064,0.42366698384284973,0.5551192760467529,0.3870992362499237,0.4481807351112366,0.6033673286437988,0.5155887603759766,0.6028184294700623,0.3579139709472656,0.5789724588394165,0.2591650187969208,0.5454823970794678,0.1756664216518402,0.6644692420959473,0.5235859155654907,0.6975084543228149,0.3388405740261078,0.6807138919830322,0.21068328619003296,0.6489079594612122,0.1013142466545105,0.7135677933692932,0.5694845914840698,0.7562559247016907,0.3744952380657196,0.745439350605011,0.2409529983997345,0.7246968150138855,0.12487855553627014,0.7471811771392822,0.6424446702003479,0.8086642622947693,0.48759081959724426,0.8428759574890137,0.3709200620651245,0.8689369559288025,0.2611597180366516,Eat
0.5867930054664612,0.9966160655021667,0.489505410194397,0.8930788636207581,0.43950098752975464,0.7156599760055542,0.41153430938720703,0.5775270462036133,0.37613847851753235,0.4603574573993683,0.5829411149024963,0.51773601770401,0.5792917609214783,0.3598909378051758,0.5579553842544556,0.26199543476104736,0.530491828918457,0.17438644170761108,0.6482442617416382,0.5203255414962769,0.6729766726493835,0.33233875036239624,0.6588906049728394,0.20591676235198975,0.6347063779830933,0.09724876284599304,0.7018675804138184,0.5620640516281128,0.738588273525238,0.36997196078300476,0.7334733605384827,0.24426603317260742,0.723396360874176,0.12973755598068237,0.7444624900817871,0.6334323883056641,0.8029941916465759,0.4777337312698364,0.8411636352539062,0.3650272786617279,0.8755924105644226,0.25468409061431885,Eat
0.5903276801109314,1.0013811588287354,0.4922404885292053,0.9016703367233276,0.4383123517036438,0.7240318059921265,0.407598078250885,0.5835713148117065,0.36727920174598694,0.4680733382701874,0.5716733932495117,0.519934892654419,0.5615771412849426,0.36449551582336426,0.5407518744468689,0.2662508189678192,0.5170326232910156,0.17741769552230835,0.6354689598083496,0.5183739066123962,0.6561762094497681,0.33092179894447327,0.6441647410392761,0.20682260394096375,0.6226940751075745,0.10188370943069458,0.6890618205070496,0.5529453754425049,0.725206732749939,0.36346757411956787,0.719119668006897,0.24021700024604797,0.7062645554542542,0.13146141171455383,0.7340158820152283,0.6139274835586548,0.7963365912437439,0.46290624141693115,0.8365452289581299,0.3550150692462921,0.870868444442749,0.2521301507949829,Eat
0.5945491790771484,0.9971435070037842,0.4955960214138031,0.9021610021591187,0.43643736839294434,0.7285946011543274,0.40244823694229126,0.5913192629814148,0.3626728653907776,0.48354434967041016,0.562116801738739,0.5198935270309448,0.5497468709945679,0.36683234572410583,0.5288527607917786,0.2720549404621124,0.5058798789978027,0.1859692633152008,0.626471757888794,0.5146645903587341,0.6454043388366699,0.3303103446960449,0.6336411833763123,0.20955410599708557,0.6132346987724304,0.10650220513343811,0.6802036166191101,0.544873058795929,0.7136159539222717,0.3619374632835388,0.7087588906288147,0.24059167504310608,0.6973498463630676,0.13396131992340088,0.725335419178009,0.6006016135215759,0.7883002161979675,0.4582807719707489,0.8298400044441223,0.35537785291671753,0.8654050827026367,0.25763940811157227,Eat
0.5977817177772522,0.9917806386947632,0.4990185797214508,0.9016295671463013,0.43694254755973816,0.7348117828369141,0.40070459246635437,0.60065758228302,0.3605259656906128,0.49624335765838623,0.5561131238937378,0.5273288488388062,0.5440283417701721,0.3755510747432709,0.5242632031440735,0.283323734998703,0.5034093856811523,0.1991279125213623,0.6197161078453064,0.5194573402404785,0.6362953186035156,0.336554616689682,0.624614953994751,0.21841007471084595,0.6051287055015564,0.11777803301811218,0.6739819645881653,0.5455136895179749,0.705787181854248,0.36494994163513184,0.7017400860786438,0.2492704689502716,0.691145658493042,0.14767053723335266,0.721595048904419,0.596659779548645,0.7826445698738098,0.4568687677383423,0.8223458528518677,0.3564268946647644,0.8553152084350586,0.26106709241867065,Eat
0.5985550284385681,0.9898454546928406,0.49954256415367126,0.9026020169258118,0.438012957572937,0.7379485368728638,0.4049709439277649,0.6057451963424683,0.3666909635066986,0.5016134977340698,0.5542414784431458,0.5303008556365967,0.5435915589332581,0.3815453350543976,0.5231372117996216,0.2913528382778168,0.5011810064315796,0.209809809923172,0.6164525747299194,0.5228157043457031,0.6321229934692383,0.343763142824173,0.6204808950424194,0.22935813665390015,0.6013504266738892,0.13136082887649536,0.6694901585578918,0.5478765964508057,0.6987356543540955,0.3703378438949585,0.6937674880027771,0.2570514976978302,0.6828813552856445,0.15648743510246277,0.715997040271759,0.5973225235939026,0.7759384512901306,0.4609077572822571,0.8152638673782349,0.3632465898990631,0.8484774231910706,0.2698109447956085,Eat
0.6053217053413391,0.9870586395263672,0.5076882243156433,0.9042763710021973,0.4450867772102356,0.7384430170059204,0.41179341077804565,0.6074015498161316,0.3743385672569275,0.5074694752693176,0.5589097738265991,0.5397250056266785,0.5503042340278625,0.3943350315093994,0.5323415398597717,0.3044936954975128,0.51279616355896,0.22189024090766907,0.6184746026992798,0.5303599238395691,0.6317821741104126,0.3546198010444641,0.6186645030975342,0.24218937754631042,0.5982122421264648,0.14630410075187683,0.6696662902832031,0.552941083908081,0.6962838172912598,0.3776402175426483,0.6880106925964355,0.26531410217285156,0.6735782623291016,0.16636162996292114,0.7152215242385864,0.5994469523429871,0.772791862487793,0.4648018479347229,0.8094384670257568,0.36793094873428345,0.8394485116004944,0.2749824821949005,Eat
0.6136617660522461,0.9876545667648315,0.5160843133926392,0.9062607884407043,0.4531813859939575,0.7383675575256348,0.41822391748428345,0.6093112230300903,0.37843698263168335,0.5147095918655396,0.5610270500183105,0.547976553440094,0.553450345993042,0.40588128566741943,0.5369081497192383,0.31763720512390137,0.5187605619430542,0.23673409223556519,0.6188797950744629,0.5369212627410889,0.6316124200820923,0.3648279309272766,0.6205243468284607,0.25315842032432556,0.6024098992347717,0.15902715921401978,0.669338583946228,0.5578733682632446,0.6960406303405762,0.38720542192459106,0.6901184320449829,0.2779896855354309,0.6781378984451294,0.1826481819152832,0.7143154740333557,0.6027705073356628,0.7701995968818665,0.4713937044143677,0.8056496381759644,0.3765439987182617,0.8348426818847656,0.28612908720970154,Eat
0.6273151636123657,1.003028392791748,0.5383709669113159,0.919414222240448,0.47937214374542236,0.7602708339691162,0.44804006814956665,0.6367202401161194,0.4101364016532898,0.541843056678772,0.5862261652946472,0.5829960703849792,0.57890784740448,0.4483909010887146,0.5628679394721985,0.3665268123149872,0.5423957109451294,0.28859686851501465,0.6382767558097839,0.5748187899589539,0.6473007202148438,0.4158954918384552,0.6335055828094482,0.3159775137901306,0.6118381023406982,0.22841057181358337,0.6838676333427429,0.5958322882652283,0.7017863392829895,0.4393482804298401,0.6932795643806458,0.3411877751350403,0.6777468323707581,0.2503809630870819,0.7258670330047607,0.6383317708969116,0.7623644471168518,0.5099812150001526,0.7813168168067932,0.41957587003707886,0.7940499782562256,0.33000555634498596,Eat
0.6248614192008972,0.9900414943695068,0.5387749075889587,0.912169337272644,0.4804629385471344,0.7505000829696655,0.4492109417915344,0.6287550330162048,0.4110971689224243,0.5452250838279724,0.5868385434150696,0.5803773999214172,0.5799936652183533,0.45098716020584106,0.5631418824195862,0.37400296330451965,0.5432939529418945,0.30190184712409973,0.6375044584274292,0.5736184120178223,0.6446042656898499,0.42037561535835266,0.6305633187294006,0.32258880138397217,0.6101965308189392,0.23812183737754822,0.6823417544364929,0.5965588092803955,0.6986474990844727,0.44296354055404663,0.6867681741714478,0.34858497977256775,0.669013261795044,0.2641141414642334,0.7233916521072388,0.6418163776397705,0.7569702863693237,0.5120790004730225,0.774422287940979,0.4223882555961609,0.786873459815979,0.33457401394844055,Eat
0.6247770190238953,0.9851261377334595,0.5391620993614197,0.9070836305618286,0.4823298752307892,0.748731255531311,0.45090967416763306,0.627650797367096,0.414016991853714,0.5414082407951355,0.5908973813056946,0.5834264755249023,0.5835749506950378,0.4550165832042694,0.5643703937530518,0.38093042373657227,0.5407318472862244,0.31092241406440735,0.640711784362793,0.5790567398071289,0.6492465734481812,0.4274336099624634,0.6345636248588562,0.3319966495037079,0.6124507784843445,0.24953535199165344,0.6836919784545898,0.6033117771148682,0.6982508897781372,0.45019060373306274,0.6826564073562622,0.3565896451473236,0.6614596247673035,0.2731550633907318,0.7220972180366516,0.6468637585639954,0.7522115707397461,0.5171571373939514,0.7667967081069946,0.4264334440231323,0.7774391174316406,0.33786678314208984,Eat
0.6231393814086914,0.9804555177688599,0.5383446216583252,0.90043705701828,0.48300373554229736,0.7454896569252014,0.4519123435020447,0.6266412734985352,0.41694003343582153,0.541221022605896,0.5923038721084595,0.5853483080863953,0.5859278440475464,0.45822396874427795,0.5652768015861511,0.3861187994480133,0.5391592979431152,0.31850484013557434,0.641039252281189,0.5820162296295166,0.6492940187454224,0.4315972328186035,0.6333058476448059,0.33732450008392334,0.6097704172134399,0.2572765052318573,0.6835522651672363,0.6064009666442871,0.6965914368629456,0.45461612939834595,0.6794764995574951,0.36196455359458923,0.6569904088973999,0.28095218539237976,0.7218507528305054,0.6495075821876526,0.7494311332702637,0.5202803015708923,0.7613339424133301,0.4298507869243622,0.7696865797042847,0.3426310420036316,Eat
0.6210946440696716,0.9782474637031555,0.537177562713623,0.8952995538711548,0.4843748211860657,0.7411497831344604,0.45530179142951965,0.6222985982894897,0.4228610098361969,0.5321531295776367,0.5945136547088623,0.5852352380752563,0.5879395604133606,0.45870447158813477,0.5665118098258972,0.3892967104911804,0.5392239689826965,0.324697345495224,0.6417771577835083,0.5838451981544495,0.6474385261535645,0.43524327874183655,0.6307142376899719,0.34403932094573975,0.6071975231170654,0.26520517468452454,0.6834057569503784,0.6090694665908813,0.6936532855033875,0.4585200846195221,0.676490306854248,0.3671470284461975,0.6543095707893372,0.28736305236816406,0.7213981747627258,0.6524893045425415,0.7447524070739746,0.5233825445175171,0.7537196278572083,0.4340665936470032,0.760037362575531,0.3489936590194702,Eat
0.6190343499183655,0.9776421785354614,0.5377665162086487,0.8830294609069824,0.4920351803302765,0.7231343984603882,0.4665133059024811,0.6020193099975586,0.4356442093849182,0.5098894238471985,0.5970773696899414,0.5834001302719116,0.5892883539199829,0.4636189043521881,0.567609429359436,0.395260751247406,0.5412981510162354,0.3330385982990265,0.6443589925765991,0.5852087140083313,0.6481005549430847,0.4425989091396332,0.6296499371528625,0.35321375727653503,0.603610634803772,0.2766950726509094,0.6861705780029297,0.6141147017478943,0.6954778432846069,0.4738433063030243,0.6773414611816406,0.3866038918495178,0.6497967839241028,0.3135225474834442,0.7240820527076721,0.6642242670059204,0.7402347326278687,0.5520581007003784,0.7331139445304871,0.4726737439632416,0.7166579365730286,0.4010900855064392,Eat
0.6046807169914246,0.9754396080970764,0.547588586807251,0.8539276123046875,0.5255125164985657,0.6907385587692261,0.503261923789978,0.5854736566543579,0.47759810090065,0.49515724182128906,0.671485960483551,0.5863509178161621,0.6643981337547302,0.462823748588562,0.6137068271636963,0.39694541692733765,0.5568974018096924,0.3594318926334381,0.7041825652122498,0.6038399338722229,0.6978456974029541,0.45022153854370117,0.6353522539138794,0.3816109597682953,0.5676108002662659,0.3470422327518463,0.7235780358314514,0.6460280418395996,0.7070554494857788,0.4847933053970337,0.6425440311431885,0.4134780168533325,0.5778368711471558,0.3687796890735626,0.7258826494216919,0.7060996890068054,0.6838331818580627,0.593076229095459,0.6347675919532776,0.5239677429199219,0.5897195935249329,0.4650825262069702,Eat
0.6109890341758728,0.9725124835968018,0.5502528548240662,0.8516619801521301,0.5301462411880493,0.6828473806381226,0.5080013275146484,0.572193443775177,0.4818284511566162,0.4840806722640991,0.6793017387390137,0.5849929451942444,0.6716305613517761,0.4531134366989136,0.6187826991081238,0.38491353392601013,0.5590552091598511,0.3458233177661896,0.7145309448242188,0.6085641980171204,0.6947972774505615,0.4475613832473755,0.628889262676239,0.3798072934150696,0.562093198299408,0.3444358706474304,0.7339343428611755,0.6569008231163025,0.7076149582862854,0.4920318126678467,0.6389711499214172,0.41620105504989624,0.572961151599884,0.3681774139404297,0.730796754360199,0.7198238968849182,0.683147132396698,0.5950220227241516,0.635091245174408,0.5216404795646667,0.592348039150238,0.46318358182907104,Eat
0.6122931838035583,0.9736895561218262,0.5506448745727539,0.8528286218643188,0.5313670039176941,0.685032069683075,0.5103495121002197,0.5739477872848511,0.4834896922111511,0.4841664433479309,0.6798440217971802,0.5866806507110596,0.6697733402252197,0.4563418924808502,0.6168842911720276,0.38775306940078735,0.5569155216217041,0.34885290265083313,0.7159448266029358,0.6079968810081482,0.6942418217658997,0.44734060764312744,0.6282729506492615,0.38103505969047546,0.5621251463890076,0.3453439772129059,0.7357977032661438,0.6551732420921326,0.7136659622192383,0.4892931580543518,0.6452706456184387,0.4145575761795044,0.5792341232299805,0.3665219843387604,0.7322350740432739,0.7176421880722046,0.682564914226532,0.5976243019104004,0.6332392692565918,0.5258210897445679,0.5896018147468567,0.467166006565094,Eat
0.612570583820343,0.9776211977005005,0.550910234451294,0.8543787598609924,0.5325814485549927,0.6859651803970337,0.510270893573761,0.5744844079017639,0.4814172387123108,0.48452287912368774,0.6880345344543457,0.5918025374412537,0.6728538274765015,0.4614213705062866,0.6200676560401917,0.3912659287452698,0.5608604550361633,0.3496374189853668,0.723041296005249,0.613795280456543,0.6963980197906494,0.4526669681072235,0.6316872835159302,0.38299477100372314,0.5662866234779358,0.34503477811813354,0.7404511570930481,0.6612905263900757,0.7116735577583313,0.49574583768844604,0.6440172791481018,0.4154638350009918,0.5788400769233704,0.3632779121398926,0.7328869104385376,0.7224377393722534,0.6807050108909607,0.6011552810668945,0.6304777264595032,0.526421844959259,0.5860138535499573,0.4659053683280945,Eat
0.6124809384346008,0.9773421287536621,0.5500890612602234,0.8548901081085205,0.5308379530906677,0.687832772731781,0.5084686875343323,0.5757573246955872,0.47884130477905273,0.4846493899822235,0.6860513687133789,0.5880419611930847,0.6715418100357056,0.45835399627685547,0.6189953088760376,0.3894209861755371,0.5598154664039612,0.34765100479125977,0.7233603596687317,0.6087562441825867,0.6964924335479736,0.44932377338409424,0.6336250305175781,0.37999290227890015,0.5700816512107849,0.3434268534183502,0.7419443726539612,0.6557244658470154,0.7117676734924316,0.49341124296188354,0.6446763873100281,0.4163391590118408,0.5806732177734375,0.3672138452529907,0.7356171607971191,0.7170295119285583,0.6807986497879028,0.6011891961097717,0.629875898361206,0.5302322506904602,0.5848111510276794,0.47306013107299805,Eat
0.6102051138877869,0.9784961938858032,0.5482923984527588,0.8587762713432312,0.5273152589797974,0.6928369998931885,0.5038929581642151,0.5789470076560974,0.4747636020183563,0.4842653274536133,0.6774967908859253,0.5923905968666077,0.6730613708496094,0.45732754468917847,0.6203011870384216,0.3890073299407959,0.5602864027023315,0.35205286741256714,0.7144074440002441,0.6140419244766235,0.6986157298088074,0.4539831280708313,0.6355777978897095,0.38373395800590515,0.5718648433685303,0.3489493131637573,0.7341309785842896,0.6618108153343201,0.7112951278686523,0.4983499050140381,0.6434823870658875,0.4206279516220093,0.5789613723754883,0.3737218976020813,0.7317145466804504,0.7250388860702515,0.6841323971748352,0.6054307222366333,0.633094847202301,0.5313748717308044,0.5874555110931396,0.47376778721809387,Eat
0.6031823754310608,0.9741184711456299,0.5441800951957703,0.8649882078170776,0.5230751037597656,0.6984175443649292,0.5025879740715027,0.5822523832321167,0.47408634424209595,0.4869065582752228,0.66044020652771,0.5881699323654175,0.6604002118110657,0.4481237530708313,0.6061449646949768,0.38297581672668457,0.5462230443954468,0.35266029834747314,0.6989045143127441,0.6081975102424622,0.6894224882125854,0.44854736328125,0.6247081756591797,0.38408344984054565,0.56093430519104,0.35458138585090637,0.723139226436615,0.6555094718933105,0.7106409072875977,0.49230560660362244,0.6410009860992432,0.4216110110282898,0.5755356550216675,0.3799411952495575,0.7287277579307556,0.7204026579856873,0.6839818954467773,0.6027794480323792,0.6307247281074524,0.5360440611839294,0.5840545296669006,0.4849812388420105,Eat
0.6018191576004028,0.9726428985595703,0.5417317748069763,0.8590109348297119,0.5206590890884399,0.6940574049949646,0.498818576335907,0.5789006948471069,0.46909838914871216,0.486208438873291,0.6492188572883606,0.5822001099586487,0.6518112421035767,0.4425164461135864,0.5991359353065491,0.3796932101249695,0.541228175163269,0.35109221935272217,0.6897974014282227,0.6021394729614258,0.6848548054695129,0.4445391893386841,0.6186119318008423,0.3841884434223175,0.5539944767951965,0.35889339447021484,0.716623842716217,0.6506183743476868,0.7103515267372131,0.49454766511917114,0.6384139657020569,0.42939329147338867,0.5723218321800232,0.39259040355682373,0.724138081073761,0.7170866131782532,0.6797095537185669,0.6042601466178894,0.6224822402000427,0.5435485243797302,0.5737417340278625,0.4989975392818451,Eat
0.6003939509391785,0.9727801084518433,0.5378048419952393,0.8663011193275452,0.5046201348304749,0.7055831551551819,0.4753230810165405,0.5905632376670837,0.44410213828086853,0.4952278733253479,0.609958827495575,0.5746868252754211,0.6163668632507324,0.43514806032180786,0.5655791759490967,0.37728866934776306,0.5121589303016663,0.3604753613471985,0.6544850468635559,0.5884880423545837,0.6544266939163208,0.42971286177635193,0.5893098711967468,0.3772278428077698,0.524511992931366,0.36630699038505554,0.6874386072158813,0.6271724104881287,0.6817963719367981,0.4745669364929199,0.6125785708427429,0.42679083347320557,0.5475237965583801,0.4099089503288269,0.7017026543617249,0.6865754723548889,0.630040168762207,0.5964834690093994,0.5677817463874817,0.5524778366088867,0.5176225900650024,0.5220528244972229,Eat
0.6021765470504761,0.9767714738845825,0.5344140529632568,0.8654440641403198,0.49924999475479126,0.6971107721328735,0.46822643280029297,0.5820823907852173,0.430564820766449,0.49120527505874634,0.6060447692871094,0.5753220915794373,0.6061950922012329,0.438870906829834,0.5599437952041626,0.38571277260780334,0.5077570080757141,0.36838242411613464,0.6502145528793335,0.5865713357925415,0.6491155028343201,0.42938315868377686,0.5865334272384644,0.3791879117488861,0.518096923828125,0.36759939789772034,0.6848605275154114,0.6228942275047302,0.6750321388244629,0.46499520540237427,0.6079098582267761,0.4143249988555908,0.5413492918014526,0.3924076557159424,0.7018108367919922,0.6789474487304688,0.631953239440918,0.5906567573547363,0.5692436695098877,0.5478282570838928,0.5172051191329956,0.5142374038696289,Eat
0.6114116907119751,0.9799827337265015,0.5350444316864014,0.8676308393478394,0.49606260657310486,0.7024326920509338,0.4608682096004486,0.5880323648452759,0.41688549518585205,0.4978732168674469,0.6019978523254395,0.5806982517242432,0.5954451560974121,0.4483259618282318,0.5455833077430725,0.39120960235595703,0.49254536628723145,0.3657580018043518,0.6418315768241882,0.5892304182052612,0.6339536905288696,0.431347131729126,0.5700609683990479,0.3785254955291748,0.5031882524490356,0.3599318861961365,0.673336923122406,0.6210060119628906,0.6549512147903442,0.4630110561847687,0.5868019461631775,0.40954384207725525,0.5203653573989868,0.38270655274391174,0.6905749440193176,0.6723610162734985,0.6194452047348022,0.5825408697128296,0.5599128007888794,0.5373167991638184,0.5099504590034485,0.5005178451538086,Eat
0.6101322770118713,0.9766251444816589,0.537625253200531,0.868331789970398,0.4979276657104492,0.7026904821395874,0.4614710807800293,0.5889418125152588,0.41767174005508423,0.4960629940032959,0.6025792956352234,0.5803886651992798,0.5912959575653076,0.44651949405670166,0.542576789855957,0.3870539963245392,0.4912678301334381,0.36038345098495483,0.6418011784553528,0.5876972079277039,0.6262534260749817,0.4296911954879761,0.563764214515686,0.37465664744377136,0.4971614480018616,0.3554617166519165,0.6738336086273193,0.6181215643882751,0.6491953134536743,0.4552779793739319,0.5794552564620972,0.40207189321517944,0.5109842419624329,0.37606003880500793,0.6921592354774475,0.6678589582443237,0.6198911666870117,0.577739953994751,0.5605816841125488,0.5337792634963989,0.5101739168167114,0.4978296160697937,Eat
0.6089028120040894,0.9724483489990234,0.5355939865112305,0.8670425415039062,0.4932372272014618,0.7004241943359375,0.45786088705062866,0.5874229669570923,0.4180843234062195,0.4917300343513489,0.5943089127540588,0.5768846869468689,0.5826568603515625,0.4461804926395416,0.5377053618431091,0.38481560349464417,0.48853999376296997,0.3522866368293762,0.6345570683479309,0.5847849249839783,0.6190703511238098,0.42968645691871643,0.5589510798454285,0.37372153997421265,0.4923437535762787,0.35101866722106934,0.6686052083969116,0.6161015629768372,0.6455362439155579,0.45507609844207764,0.5777367949485779,0.4011625647544861,0.5088521242141724,0.3721086382865906,0.6912233829498291,0.6680214405059814,0.6269963979721069,0.5783812999725342,0.5709137320518494,0.5324938297271729,0.5214056372642517,0.4934195876121521,Eat
0.607164204120636,0.9665674567222595,0.5361623764038086,0.8665384650230408,0.49049970507621765,0.6972982883453369,0.4536752700805664,0.5847267508506775,0.41420793533325195,0.49041396379470825,0.5934611558914185,0.5741486549377441,0.5829005837440491,0.4441525936126709,0.5410187840461731,0.38065505027770996,0.49547284841537476,0.34333357214927673,0.633315920829773,0.5826826095581055,0.6218650937080383,0.428627610206604,0.5634657740592957,0.3705371022224426,0.49902281165122986,0.3440679609775543,0.6667622923851013,0.614126980304718,0.6456700563430786,0.45377257466316223,0.5773828625679016,0.3986951410770416,0.509610652923584,0.3658868670463562,0.6883412599563599,0.6655978560447693,0.6256679892539978,0.5789945125579834,0.570227861404419,0.5335476994514465,0.5226417183876038,0.49219125509262085,Eat
0.6040241718292236,0.9627680778503418,0.5328133702278137,0.8675191402435303,0.48670145869255066,0.697187066078186,0.4507037401199341,0.5832489728927612,0.41006553173065186,0.4893140196800232,0.5869572758674622,0.5702715516090393,0.5743728876113892,0.4431231617927551,0.5330158472061157,0.3811090290546417,0.48800480365753174,0.3432462513446808,0.628110945224762,0.5781462788581848,0.6142094135284424,0.4267605245113373,0.5581536889076233,0.3685891628265381,0.49551820755004883,0.33883005380630493,0.6635602712631226,0.6102268099784851,0.640121340751648,0.4507814347743988,0.5719626545906067,0.396723210811615,0.5039680600166321,0.36197149753570557,0.6881121397018433,0.6628424525260925,0.6254637241363525,0.5767830014228821,0.5706765055656433,0.5323998332023621,0.5229902863502502,0.4904298186302185,Eat
0.6050229072570801,0.9608809947967529,0.5315274596214294,0.8724963068962097,0.47884055972099304,0.7037436962127686,0.4402706027030945,0.5906052589416504,0.39891254901885986,0.4946712851524353,0.5754062533378601,0.5668350458145142,0.5523895621299744,0.445262610912323,0.5089832544326782,0.38768577575683594,0.4636201858520508,0.3497432470321655,0.6186695098876953,0.570617139339447,0.5968945026397705,0.4256424903869629,0.5423750877380371,0.37186360359191895,0.48201149702072144,0.33864733576774597,0.6561907529830933,0.6022961139678955,0.6308510303497314,0.44207483530044556,0.5637028813362122,0.3915371000766754,0.49571460485458374,0.35590118169784546,0.6836453676223755,0.6553535461425781,0.6197294592857361,0.5735560655593872,0.5650807023048401,0.5309622883796692,0.5164902806282043,0.4878515601158142,Eat
0.6021108627319336,0.9636870622634888,0.5287736654281616,0.8714495897293091,0.47989919781684875,0.7000460624694824,0.44264525175094604,0.5870512127876282,0.39968281984329224,0.4900023937225342,0.5810505747795105,0.5682280659675598,0.5541874766349792,0.44432777166366577,0.5084785223007202,0.38320645689964294,0.46101829409599304,0.34422120451927185,0.6231392621994019,0.5725451111793518,0.5949559807777405,0.4280828833580017,0.5385647416114807,0.37038418650627136,0.4770268499851227,0.3356674909591675,0.6593154072761536,0.6062389612197876,0.6306353211402893,0.44565075635910034,0.5652955174446106,0.38947951793670654,0.4992322027683258,0.34990495443344116,0.684425950050354,0.6627965569496155,0.6223775148391724,0.5831948518753052,0.5686382055282593,0.5367113947868347,0.5198737382888794,0.48931387066841125,Eat
0.6017733812332153,0.966038703918457,0.528709888458252,0.8710376024246216,0.4795151948928833,0.7001165151596069,0.4419727325439453,0.587943434715271,0.39956948161125183,0.4914869964122772,0.584225058555603,0.567192018032074,0.5576294660568237,0.4467860460281372,0.5129445195198059,0.3869220018386841,0.4657818377017975,0.34695401787757874,0.6271401047706604,0.5726786255836487,0.597610592842102,0.4298170208930969,0.5415542125701904,0.3718976080417633,0.48004525899887085,0.335144579410553,0.6634480357170105,0.6073387861251831,0.6309923529624939,0.451732337474823,0.564083993434906,0.3955840468406677,0.49692296981811523,0.35440167784690857,0.6882817149162292,0.6644026041030884,0.6249425411224365,0.584932267665863,0.5701258182525635,0.540449321269989,0.5211473107337952,0.49437662959098816,Eat
0.601681649684906,0.9617630243301392,0.5288254022598267,0.8677219748497009,0.47989141941070557,0.7003872990608215,0.44221821427345276,0.5885769128799438,0.4003792405128479,0.4930655360221863,0.5816774368286133,0.5669418573379517,0.5603671073913574,0.44310444593429565,0.5173450112342834,0.38188937306404114,0.47138655185699463,0.34206825494766235,0.6250834465026855,0.5735706686973572,0.6016896367073059,0.4273124635219574,0.5458196997642517,0.37014007568359375,0.4834944009780884,0.3366168737411499,0.6621501445770264,0.6092076301574707,0.6358607411384583,0.44973036646842957,0.5683419704437256,0.3961600065231323,0.49983322620391846,0.35962560772895813,0.6880954504013062,0.6673755049705505,0.6265751123428345,0.5871265530586243,0.5722087025642395,0.5425379276275635,0.5233727097511292,0.4977738559246063,Eat
0.600669801235199,0.9591832160949707,0.5289323925971985,0.8654680252075195,0.4812089800834656,0.6968153715133667,0.4443027675151825,0.5832495093345642,0.401369571685791,0.48782873153686523,0.5828104615211487,0.5649116635322571,0.5645709037780762,0.43692219257354736,0.522213876247406,0.372429221868515,0.4762576222419739,0.33337801694869995,0.6263152956962585,0.5721926689147949,0.6043856143951416,0.4237947463989258,0.54881751537323,0.36468935012817383,0.48691099882125854,0.3313699960708618,0.6630855202674866,0.6083030700683594,0.6371026635169983,0.44796210527420044,0.5709120631217957,0.39161163568496704,0.5043490529060364,0.35234662890434265,0.6881511807441711,0.6669428944587708,0.6254298090934753,0.5872457027435303,0.571692705154419,0.5416644215583801,0.5244091153144836,0.4959593415260315,Eat
0.6022976636886597,0.9603148102760315,0.5298950672149658,0.8682776093482971,0.48144006729125977,0.6998653411865234,0.44402626156806946,0.5858175158500671,0.4029541313648224,0.48714619874954224,0.5814034938812256,0.5665347576141357,0.5612031817436218,0.43966004252433777,0.518047034740448,0.37794601917266846,0.4717872142791748,0.34137144684791565,0.6262937784194946,0.5719619393348694,0.6055409908294678,0.4237504005432129,0.5498590469360352,0.3663232922554016,0.48806583881378174,0.3347143828868866,0.6639361381530762,0.6069680452346802,0.6374900937080383,0.4459879398345947,0.570839524269104,0.3909646272659302,0.5042579174041748,0.35360410809516907,0.6890946626663208,0.6649466753005981,0.624255359172821,0.5857748985290527,0.5690280199050903,0.5414063334465027,0.5206670761108398,0.49616289138793945,Eat
0.6027295589447021,0.9606418609619141,0.5303186178207397,0.8689942359924316,0.48177826404571533,0.7009251117706299,0.4444783329963684,0.5866705775260925,0.40294933319091797,0.48741573095321655,0.580636203289032,0.5658589005470276,0.5608067512512207,0.43907809257507324,0.5173463225364685,0.3771277070045471,0.47088098526000977,0.34029296040534973,0.6257977485656738,0.571450412273407,0.6044177412986755,0.4234844446182251,0.5486069321632385,0.3665759563446045,0.4868834614753723,0.33480018377304077,0.6638078689575195,0.6067734956741333,0.6376564502716064,0.4446523189544678,0.5716369152069092,0.3894718587398529,0.5054343938827515,0.35142090916633606,0.6897833347320557,0.6654424667358398,0.6247327923774719,0.5860545039176941,0.5697314739227295,0.5410062670707703,0.5215222239494324,0.49468785524368286,Eat
0.6052603125572205,0.9603269100189209,0.5318101048469543,0.8685819506645203,0.48222029209136963,0.7003350853919983,0.4440136253833771,0.5868885517120361,0.40207457542419434,0.48747938871383667,0.5788679122924805,0.5638744831085205,0.5555306673049927,0.4393659234046936,0.5104286074638367,0.38105836510658264,0.4627034664154053,0.3461209833621979,0.623410165309906,0.567316472530365,0.5993649959564209,0.42134231328964233,0.5429025292396545,0.3672090768814087,0.4809338450431824,0.33560431003570557,0.6616429090499878,0.6008505821228027,0.6347874402999878,0.4407811760902405,0.5676261782646179,0.3888501226902008,0.49996304512023926,0.35241037607192993,0.6889591217041016,0.6578755378723145,0.6247963309288025,0.5798453092575073,0.5692089200019836,0.5378737449645996,0.5197202563285828,0.4939797520637512,Eat
0.605632483959198,0.9606980085372925,0.5310887694358826,0.8688733577728271,0.4812217950820923,0.6983262300491333,0.4436839818954468,0.5839892029762268,0.4014723598957062,0.48454925417900085,0.5824130773544312,0.5642094016075134,0.5598188042640686,0.4387947916984558,0.5166173577308655,0.37521272897720337,0.47052836418151855,0.33426204323768616,0.6261209845542908,0.5693413019180298,0.6028450131416321,0.4222984313964844,0.546647846698761,0.3653309941291809,0.48408564925193787,0.3329560458660126,0.6629946827888489,0.6034185290336609,0.6370037794113159,0.442002534866333,0.5709268450737,0.38839298486709595,0.503852128982544,0.35168954730033875,0.6888129711151123,0.6605303287506104,0.6268875598907471,0.5822542309761047,0.5717052221298218,0.5379822254180908,0.522232174873352,0.4925273060798645,Eat
0.605410635471344,0.959960401058197,0.5301889777183533,0.8679531216621399,0.4808207154273987,0.6977759599685669,0.4435896873474121,0.5834996700286865,0.40131300687789917,0.4854251444339752,0.5817460417747498,0.5638949275016785,0.5597811937332153,0.43784672021865845,0.5173594951629639,0.37479260563850403,0.4714789390563965,0.33537882566452026,0.625895619392395,0.568981409072876,0.6028774380683899,0.4218752980232239,0.5471132397651672,0.3644256889820099,0.4843705892562866,0.3323354423046112,0.663293182849884,0.6025159358978271,0.6368089318275452,0.4423908293247223,0.5700051784515381,0.38873106241226196,0.5019879341125488,0.3524991571903229,0.6894910931587219,0.6583627462387085,0.6260650753974915,0.5783406496047974,0.5700284242630005,0.5356416702270508,0.5198429822921753,0.4926815629005432,Eat
0.6043088436126709,0.9579354524612427,0.5300137400627136,0.862409234046936,0.48116469383239746,0.6953927874565125,0.4437372088432312,0.5833920836448669,0.4030327796936035,0.4840298295021057,0.5851858258247375,0.5612123608589172,0.5621162056922913,0.4362211525440216,0.5175384283065796,0.37300699949264526,0.4700033962726593,0.33346986770629883,0.6284230947494507,0.5669534206390381,0.6018466949462891,0.420730322599411,0.5452612042427063,0.36310720443725586,0.4836561679840088,0.3297733962535858,0.6644012331962585,0.6015201807022095,0.6348865628242493,0.4431682527065277,0.5689394474029541,0.3887174427509308,0.5025342702865601,0.35078442096710205,0.6888138651847839,0.6593179702758789,0.6261362433433533,0.581853985786438,0.5716646909713745,0.5370423197746277,0.5229976177215576,0.4911271333694458,Eat
0.605934202671051,0.9596593379974365,0.5319900512695312,0.867149293422699,0.48199644684791565,0.7001295685768127,0.4441930651664734,0.5868008732795715,0.40460312366485596,0.486657053232193,0.5850822329521179,0.5601601600646973,0.5617765188217163,0.43654167652130127,0.516863226890564,0.3750079870223999,0.46863266825675964,0.3371559977531433,0.6283645629882812,0.5645362138748169,0.6019976735115051,0.42013922333717346,0.5455240607261658,0.3636693060398102,0.4835439622402191,0.330643892288208,0.6647967100143433,0.5986435413360596,0.6349064111709595,0.4412994980812073,0.5682794451713562,0.3864724338054657,0.5011528730392456,0.3480682969093323,0.6895757913589478,0.6564021110534668,0.6251484155654907,0.5782133340835571,0.5698117613792419,0.5348156690597534,0.5203893184661865,0.4906061887741089,Eat
0.6044607162475586,0.9594392776489258,0.5314902067184448,0.8634130954742432,0.48255497217178345,0.6957480907440186,0.4447619318962097,0.5835708379745483,0.4039298892021179,0.4837219715118408,0.5891952514648438,0.5588497519493103,0.5656492114067078,0.43458855152130127,0.5191419720649719,0.3732836842536926,0.4695350229740143,0.3357275426387787,0.6321353316307068,0.5644040703773499,0.6038734912872314,0.4191704988479614,0.5453429818153381,0.3635684549808502,0.4824245870113373,0.332169771194458,0.6672165393829346,0.5992491245269775,0.6349495053291321,0.4417726397514343,0.5674710273742676,0.38773801922798157,0.5001074075698853,0.3499314785003662,0.6897906064987183,0.6573949456214905,0.6249071955680847,0.5802497267723083,0.5700502991676331,0.5357040762901306,0.5213243365287781,0.4896397888660431,Eat
0.6047280430793762,0.9603071212768555,0.5305134057998657,0.864987850189209,0.48231416940689087,0.6989127397537231,0.44430434703826904,0.5855955481529236,0.40437227487564087,0.485603392124176,0.5859149098396301,0.5620260238647461,0.5688858032226562,0.4354017674922943,0.5270636677742004,0.3710061013698578,0.48127812147140503,0.3314915597438812,0.6309536099433899,0.5676758289337158,0.6119933128356934,0.4192958474159241,0.5560712218284607,0.3611241579055786,0.4933036267757416,0.33041912317276,0.6676632761955261,0.602427065372467,0.6430462598800659,0.44305533170700073,0.5778585076332092,0.3865699768066406,0.5118609666824341,0.349069207906723,0.691002607345581,0.659601092338562,0.626340925693512,0.5797373056411743,0.5711163878440857,0.5342772006988525,0.522724986076355,0.48904240131378174,Eat
0.6055625081062317,0.9612724781036377,0.5303347706794739,0.8673789501190186,0.48145705461502075,0.7003440260887146,0.4440680146217346,0.5864195227622986,0.4041454792022705,0.4852396547794342,0.5826863646507263,0.561896800994873,0.5630877017974854,0.4364148676395416,0.5195361971855164,0.3755541145801544,0.47284770011901855,0.33961454033851624,0.6282414197921753,0.5661689639091492,0.608382523059845,0.41811782121658325,0.5521348714828491,0.36259618401527405,0.48960262537002563,0.3340297341346741,0.6658967733383179,0.6000535488128662,0.6421170830726624,0.44059234857559204,0.5772188305854797,0.3868199586868286,0.511436939239502,0.3520463705062866,0.6908289194107056,0.6566774845123291,0.6257616281509399,0.5787322521209717,0.5703569650650024,0.5350782871246338,0.5217410326004028,0.49106383323669434,Eat
0.6054581999778748,0.9601908922195435,0.5305745601654053,0.8663513660430908,0.4813411235809326,0.6980940699577332,0.44470107555389404,0.5842095613479614,0.4045555293560028,0.4829869866371155,0.5843057036399841,0.5582772493362427,0.5638399720191956,0.43475455045700073,0.5208298563957214,0.372466117143631,0.47396183013916016,0.33321651816368103,0.6287741661071777,0.5642173290252686,0.6034998893737793,0.4184191823005676,0.5489032864570618,0.3619738221168518,0.48756474256515503,0.33073046803474426,0.6661245822906494,0.6002018451690674,0.6367596387863159,0.4423351287841797,0.5733063817024231,0.38772881031036377,0.5082058310508728,0.3500615954399109,0.6921826004981995,0.6597073078155518,0.629063606262207,0.5826273560523987,0.5748315453529358,0.5380192995071411,0.5259416103363037,0.49260395765304565,Eat
0.6061703562736511,0.9590863585472107,0.530412495136261,0.8658108711242676,0.48063725233078003,0.6993504762649536,0.44369539618492126,0.5852560997009277,0.40329983830451965,0.4852781295776367,0.5846171975135803,0.5586000084877014,0.564986526966095,0.4343602657318115,0.5228977799415588,0.3709604740142822,0.4769262969493866,0.33178919553756714,0.6294963955879211,0.5642212629318237,0.6061995625495911,0.4183505177497864,0.551871657371521,0.3607428967952728,0.4905531406402588,0.32952624559402466,0.6670408248901367,0.5993086695671082,0.6389658451080322,0.441561758518219,0.5745154023170471,0.38681888580322266,0.5088334083557129,0.350167453289032,0.6929153203964233,0.657524824142456,0.6286319494247437,0.5808718204498291,0.5735124349594116,0.5373126864433289,0.5242291688919067,0.4937934875488281,Eat
0.6062586307525635,0.9589313864707947,0.5301631093025208,0.8655921220779419,0.47990068793296814,0.699354350566864,0.4431305229663849,0.5853179693222046,0.4032990336418152,0.48392045497894287,0.5809135437011719,0.5569576025009155,0.5629066228866577,0.43284088373184204,0.522358775138855,0.36961013078689575,0.47782349586486816,0.3305685520172119,0.6264123320579529,0.5627638101577759,0.6048394441604614,0.4174932539463043,0.5512625575065613,0.361712247133255,0.49116095900535583,0.3313477337360382,0.6649510860443115,0.5982108116149902,0.6397222280502319,0.43997371196746826,0.575947105884552,0.3864951729774475,0.5113558173179626,0.3493691384792328,0.6925070881843567,0.6574137806892395,0.6283136606216431,0.5836988687515259,0.573764979839325,0.5410021543502808,0.5259901285171509,0.4963279068470001,Eat
0.6066690683364868,0.9578810930252075,0.5304737687110901,0.8645809888839722,0.48042672872543335,0.6973978281021118,0.4445338845252991,0.5835437774658203,0.405364990234375,0.48118436336517334,0.5794249176979065,0.5569437742233276,0.5598251223564148,0.43254584074020386,0.5186691284179688,0.37045061588287354,0.47389382123947144,0.3312254250049591,0.6244921684265137,0.5628563165664673,0.6007677912712097,0.4176618456840515,0.5468454957008362,0.36197739839553833,0.4868447184562683,0.3302784562110901,0.6633445620536804,0.5985421538352966,0.6371427774429321,0.4391568899154663,0.573735773563385,0.38545361161231995,0.5094559192657471,0.346834272146225,0.692203938961029,0.6583208441734314,0.6300712823867798,0.5828732252120972,0.5758391618728638,0.5401037335395813,0.5279331803321838,0.49496546387672424,Eat
0.6072854399681091,0.9591270685195923,0.5316950678825378,0.8673142194747925,0.4810720682144165,0.6996108889579773,0.4455999433994293,0.5846505165100098,0.4066268801689148,0.48055389523506165,0.5787046551704407,0.5577905178070068,0.5539084076881409,0.43547433614730835,0.510853111743927,0.3761686384677887,0.4656713008880615,0.3393464684486389,0.6243816614151001,0.5621777772903442,0.5968393683433533,0.4191712737083435,0.542707622051239,0.3646506071090698,0.48383575677871704,0.3323007822036743,0.6640069484710693,0.5972780585289001,0.6351115703582764,0.43973270058631897,0.5711705088615417,0.386549174785614,0.5072891712188721,0.3465659022331238,0.6937655210494995,0.6571251153945923,0.6300093531608582,0.5852997899055481,0.5756251215934753,0.5439275503158569,0.5277342796325684,0.49845147132873535,Eat
0.6075428128242493,0.9600716829299927,0.5313342213630676,0.8678430318832397,0.4800174832344055,0.6971027851104736,0.4444865584373474,0.5821004509925842,0.4035000801086426,0.4807731807231903,0.5803911089897156,0.555596113204956,0.5583572387695312,0.43349453806877136,0.5158571600914001,0.3732297122478485,0.47002601623535156,0.33554795384407043,0.6260155439376831,0.5613123178482056,0.5990216732025146,0.4188232421875,0.5447426438331604,0.36408737301826477,0.48467642068862915,0.33244264125823975,0.6655423641204834,0.5969820618629456,0.6354573369026184,0.4409613311290741,0.570854127407074,0.3892790973186493,0.5056807994842529,0.3521651029586792,0.6952054500579834,0.6569141149520874,0.6310809254646301,0.5834046006202698,0.5763246417045593,0.5418474674224854,0.5277391672134399,0.4972630739212036,Eat
0.6062542796134949,0.9611010551452637,0.5302208662033081,0.8693629503250122,0.4800238013267517,0.6986629366874695,0.44446149468421936,0.5843594074249268,0.4019941985607147,0.4838666319847107,0.5792090892791748,0.5569130182266235,0.5561692714691162,0.43462657928466797,0.5116261839866638,0.37665823101997375,0.46307846903800964,0.3422080874443054,0.6243430376052856,0.5621165633201599,0.5975620746612549,0.4187990427017212,0.5426986813545227,0.36425191164016724,0.48107269406318665,0.33286213874816895,0.6635712385177612,0.5972262024879456,0.6336471438407898,0.441305935382843,0.5700416564941406,0.3891347050666809,0.5046242475509644,0.3516528904438019,0.6932702660560608,0.6560372710227966,0.6308770775794983,0.5818068981170654,0.5765686631202698,0.5405799150466919,0.5272620916366577,0.4968754053115845,Eat
0.6039126515388489,0.9600404500961304,0.5307170152664185,0.86915522813797,0.4808632433414459,0.6992049217224121,0.4464804530143738,0.5840122103691101,0.40698838233947754,0.47977638244628906,0.5806329846382141,0.556175708770752,0.5580716133117676,0.43280404806137085,0.5137782096862793,0.37465932965278625,0.46584171056747437,0.33985474705696106,0.6265211701393127,0.5613606572151184,0.6015889048576355,0.41674166917800903,0.5461615920066833,0.35992828011512756,0.48482242226600647,0.32736170291900635,0.6656821966171265,0.5980139374732971,0.6388534903526306,0.4392741620540619,0.5746675133705139,0.3860182464122772,0.5094856023788452,0.3470019996166229,0.6939311623573303,0.6595590710639954,0.6307784914970398,0.5856009125709534,0.5767605900764465,0.5431571006774902,0.5287709832191467,0.4968411922454834,Eat
0.6056609153747559,0.9586591124534607,0.5300762057304382,0.8662329912185669,0.4812406897544861,0.6985523700714111,0.44576168060302734,0.5846314430236816,0.4047643542289734,0.48455673456192017,0.5816758275032043,0.5564953684806824,0.5624605417251587,0.4316580891609192,0.5197567939758301,0.3716549277305603,0.4734402298927307,0.3357616066932678,0.6269137859344482,0.5617960095405579,0.603578507900238,0.4166870713233948,0.5487474799156189,0.3617141544818878,0.48805978894233704,0.3308604061603546,0.6656766533851624,0.5982198715209961,0.6397562623023987,0.4406035542488098,0.5764186382293701,0.3871219754219055,0.5122585296630859,0.3479383587837219,0.6935786008834839,0.6591030955314636,0.6324843764305115,0.5844541788101196,0.5782361030578613,0.5411809682846069,0.5300247669219971,0.49447178840637207,Eat
0.6060157418251038,0.960342288017273,0.5311547517776489,0.8684211373329163,0.4822368323802948,0.6998501420021057,0.4468543827533722,0.5859874486923218,0.40664979815483093,0.48503378033638,0.5831308364868164,0.5582091212272644,0.5610325336456299,0.43450120091438293,0.5171433091163635,0.375728040933609,0.4702090620994568,0.34046369791030884,0.6277985572814941,0.5632140040397644,0.6022278666496277,0.4186742305755615,0.5483474135398865,0.3621482253074646,0.4889407455921173,0.328437864780426,0.66645747423172,0.5994741916656494,0.6388772130012512,0.4411449432373047,0.5761958956718445,0.38617128133773804,0.5128536224365234,0.3448103666305542,0.694490373134613,0.6600434184074402,0.6322166323661804,0.5844129323959351,0.5787041187286377,0.5410502552986145,0.5313441157341003,0.4941289722919464,Eat
0.6076635122299194,0.9585374593734741,0.5323789715766907,0.8669897317886353,0.4819159507751465,0.7006398439407349,0.44611576199531555,0.5868068337440491,0.40564998984336853,0.48513537645339966,0.5798145532608032,0.5564917922019958,0.5589792132377625,0.43159762024879456,0.5143798589706421,0.3746057450771332,0.46608075499534607,0.3434891104698181,0.6255823969841003,0.5612192749977112,0.602706789970398,0.41561248898506165,0.5482960343360901,0.36070868372917175,0.4873424172401428,0.33099961280822754,0.6657263040542603,0.59814453125,0.642750084400177,0.43693122267723083,0.5801238417625427,0.3851327896118164,0.5155341625213623,0.3493255376815796,0.6958078145980835,0.6600555181503296,0.6347305178642273,0.5858463048934937,0.5816621780395508,0.5428162217140198,0.5340788960456848,0.496884822845459,Eat
0.6086817979812622,0.959070086479187,0.5316187739372253,0.8667559623718262,0.48195555806159973,0.6997079253196716,0.4468778371810913,0.5854308009147644,0.40687620639801025,0.48456522822380066,0.5792912244796753,0.5590097904205322,0.5613956451416016,0.4323579668998718,0.5188790559768677,0.3734048008918762,0.4722888767719269,0.33918309211730957,0.6239903569221497,0.5641824007034302,0.6028474569320679,0.41716063022613525,0.5499500036239624,0.3603822588920593,0.4903647303581238,0.3284018933773041,0.6634786128997803,0.6004090905189514,0.6413198113441467,0.43783900141716003,0.5807153582572937,0.3838276267051697,0.5180794596672058,0.34568914771080017,0.6940687894821167,0.6612326502799988,0.6352066397666931,0.5839130282402039,0.5821725130081177,0.5398542284965515,0.5344302654266357,0.4935053586959839,Eat
0.608226478099823,0.9605594277381897,0.5316693186759949,0.8680791854858398,0.4826856255531311,0.7004013657569885,0.44820186495780945,0.5859306454658508,0.4084520936012268,0.4833660125732422,0.5770564079284668,0.5592049360275269,0.5599345564842224,0.4342021346092224,0.5194339156150818,0.3760067820549011,0.4743296802043915,0.34081682562828064,0.6220871806144714,0.5641467571258545,0.6024370193481445,0.41912710666656494,0.5522232055664062,0.3602093458175659,0.49442118406295776,0.3250125050544739,0.661879301071167,0.59930419921875,0.6405828595161438,0.4398897588253021,0.5824514031410217,0.38499414920806885,0.5213609337806702,0.3459112346172333,0.6932528018951416,0.6581804752349854,0.6349421143531799,0.5818243622779846,0.5826093554496765,0.5389461517333984,0.5351129174232483,0.4946349859237671,Eat
0.608477771282196,0.9604066014289856,0.5326967835426331,0.8682723641395569,0.48266899585723877,0.6987425088882446,0.447200208902359,0.5844016671180725,0.40605366230010986,0.4813820421695709,0.5770264863967896,0.5557193756103516,0.5584408640861511,0.43184638023376465,0.5162413716316223,0.37209293246269226,0.4696650505065918,0.3354375958442688,0.6224680542945862,0.5603347420692444,0.6001246571540833,0.41677284240722656,0.548239529132843,0.36011290550231934,0.48981478810310364,0.32598769664764404,0.6624215245246887,0.5956647396087646,0.6385185122489929,0.4371684193611145,0.5776849389076233,0.3840481638908386,0.5145121812820435,0.34533974528312683,0.6931790113449097,0.655695378780365,0.6322926878929138,0.5831500291824341,0.5785359144210815,0.5415709018707275,0.529958188533783,0.49677836894989014,Eat
0.6108791828155518,0.9621647000312805,0.5330490469932556,0.8694527745246887,0.48276206851005554,0.6988716125488281,0.447055846452713,0.5837637782096863,0.4050082564353943,0.4823293685913086,0.5776939392089844,0.5558035373687744,0.5620821118354797,0.4313477873802185,0.521643877029419,0.37112197279930115,0.4759046733379364,0.333359032869339,0.6234291195869446,0.5607337355613708,0.6039052605628967,0.4169192910194397,0.5521167516708374,0.3598371148109436,0.4929737448692322,0.32650449872016907,0.663231372833252,0.5966805219650269,0.6408621668815613,0.43896085023880005,0.5804345011711121,0.3857303857803345,0.517531156539917,0.34796783328056335,0.6937438249588013,0.6569980382919312,0.6342805624008179,0.5822433829307556,0.5800313949584961,0.5407141447067261,0.5309750437736511,0.4967992305755615,Eat
0.6074811220169067,0.9614264965057373,0.5309811234474182,0.8659751415252686,0.48205700516700745,0.6970564723014832,0.44615939259529114,0.5837126970291138,0.40369540452957153,0.4814079701900482,0.5800110101699829,0.5546442270278931,0.5612492561340332,0.430800199508667,0.5175460577011108,0.3710857033729553,0.4694840610027313,0.33413782715797424,0.6247645616531372,0.5597084760665894,0.6019225120544434,0.41617533564567566,0.5480354428291321,0.3599543273448944,0.4879875183105469,0.326610803604126,0.6636982560157776,0.5959530472755432,0.6392863392829895,0.43667012453079224,0.5774738788604736,0.38332831859588623,0.5135423541069031,0.34512555599212646,0.6931186318397522,0.6571342945098877,0.632850170135498,0.5829354524612427,0.5782663822174072,0.540138304233551,0.5285360813140869,0.49452266097068787,Eat
0.6090502738952637,0.9620463848114014,0.5296435356140137,0.8663734197616577,0.4798421263694763,0.6982593536376953,0.4426721930503845,0.5852299928665161,0.4003808796405792,0.48487573862075806,0.5768625736236572,0.5580966472625732,0.5593688488006592,0.43263083696365356,0.5174931883811951,0.37174275517463684,0.4715197682380676,0.33298996090888977,0.6207849979400635,0.5632154941558838,0.5991677641868591,0.41718214750289917,0.5455127954483032,0.3596618175506592,0.48530828952789307,0.3247152268886566,0.6593678593635559,0.5973293781280518,0.6351452469825745,0.43799662590026855,0.5732055306434631,0.38318800926208496,0.5091949105262756,0.34432995319366455,0.689193606376648,0.6544885635375977,0.6293841004371643,0.5774938464164734,0.5746257305145264,0.5356677770614624,0.5249096751213074,0.49262088537216187,Eat
0.6047520637512207,0.9588323831558228,0.5283330082893372,0.8638633489608765,0.4780559241771698,0.6928215026855469,0.44189754128456116,0.580065131187439,0.3983529806137085,0.48003190755844116,0.5793396830558777,0.5522414445877075,0.5583407282829285,0.4266306161880493,0.5138411521911621,0.3668287396430969,0.46464410424232483,0.32995855808258057,0.6237607002258301,0.5580071806907654,0.5976067781448364,0.41367650032043457,0.5418070554733276,0.35888203978538513,0.4799584150314331,0.32646119594573975,0.6625072956085205,0.5948908925056458,0.6354020237922668,0.4350745677947998,0.5727695226669312,0.38207560777664185,0.5082316994667053,0.3431028723716736,0.6910543441772461,0.6570146679878235,0.629457414150238,0.5826446413993835,0.5753753781318665,0.5391832590103149,0.5268124938011169,0.4919130802154541,Eat
0.6036342978477478,0.9497427344322205,0.5269768834114075,0.8540645837783813,0.47486335039138794,0.6846193671226501,0.43882864713668823,0.5715497136116028,0.3983932435512543,0.4755960702896118,0.5755589008331299,0.5478934645652771,0.5609781742095947,0.4203106164932251,0.5228827595710754,0.35518595576286316,0.47830700874328613,0.31392332911491394,0.6205020546913147,0.5548393130302429,0.602983832359314,0.40809136629104614,0.5512551665306091,0.3450010418891907,0.49150708317756653,0.30597546696662903,0.6598077416419983,0.5903453826904297,0.6389949321746826,0.4293052554130554,0.576562225818634,0.3746976852416992,0.5117939710617065,0.33629241585731506,0.6891030073165894,0.6484823822975159,0.6273432970046997,0.5696955919265747,0.5708725452423096,0.5281813144683838,0.5204277038574219,0.4857219159603119,Eat
0.6056411266326904,0.9494770765304565,0.527086079120636,0.853028416633606,0.47458964586257935,0.6818579435348511,0.43744826316833496,0.5695923566818237,0.39637547731399536,0.47326090931892395,0.5724605321884155,0.5469295382499695,0.5523961186408997,0.4217721223831177,0.5111384987831116,0.3584979772567749,0.4652862250804901,0.3192439377307892,0.6164528727531433,0.5515192151069641,0.5959498286247253,0.4058147370815277,0.5440958142280579,0.34171730279922485,0.48487019538879395,0.3015129268169403,0.6553464531898499,0.5849059820175171,0.6295362710952759,0.42636239528656006,0.5675100088119507,0.36947014927864075,0.5040199160575867,0.32821574807167053,0.6849449872970581,0.6412181258201599,0.6215222477912903,0.5632360577583313,0.5654277801513672,0.5213531255722046,0.5152067542076111,0.4784032702445984,Eat
0.6046047806739807,0.9467796087265015,0.5270776152610779,0.8476282358169556,0.4741378426551819,0.6768824458122253,0.43526583909988403,0.5672464370727539,0.39494889974594116,0.4703599214553833,0.5730704069137573,0.5483736991882324,0.5509874224662781,0.4209032654762268,0.5073302388191223,0.3593197762966156,0.45976200699806213,0.3224097192287445,0.6158422231674194,0.5531607270240784,0.595884382724762,0.4043533205986023,0.5404762625694275,0.3415653705596924,0.478904664516449,0.30466121435165405,0.6542028188705444,0.5871005654335022,0.63152676820755,0.4212052822113037,0.5679196119308472,0.36440709233283997,0.5038869380950928,0.32529890537261963,0.6831636428833008,0.6447929739952087,0.6223908066749573,0.5649620890617371,0.567858099937439,0.5196688175201416,0.5198007822036743,0.47323620319366455,Eat
0.6026785373687744,0.9428483247756958,0.5265079736709595,0.8419451117515564,0.4744381308555603,0.671848714351654,0.4352484941482544,0.562854528427124,0.3931621313095093,0.46847444772720337,0.5767143368721008,0.5450901985168457,0.5559763312339783,0.4157946705818176,0.5143933892250061,0.3506729304790497,0.4685898423194885,0.3101222813129425,0.6188084483146667,0.5511077642440796,0.5976995229721069,0.4015476107597351,0.5418040156364441,0.3378186523914337,0.4797329604625702,0.300182968378067,0.6561436057090759,0.5863282680511475,0.6304832696914673,0.4223266839981079,0.5666536092758179,0.36315208673477173,0.5026373863220215,0.321773886680603,0.6834863424301147,0.6451643109321594,0.6211338043212891,0.5624794363975525,0.5661035180091858,0.5146642327308655,0.5179755091667175,0.4666232466697693,Eat
0.60170978307724,0.9400482177734375,0.5258400440216064,0.8387336134910583,0.4730098843574524,0.6687759160995483,0.43346107006073,0.5610821843147278,0.39319750666618347,0.46486836671829224,0.5717824101448059,0.5426778793334961,0.5415024161338806,0.4192722737789154,0.4956493675708771,0.36029574275016785,0.44836464524269104,0.3246326446533203,0.6158382296562195,0.5465333461761475,0.5927525162696838,0.39983540773391724,0.5384315848350525,0.3359590768814087,0.4796246290206909,0.29512542486190796,0.655285656452179,0.5817689299583435,0.6318990588188171,0.4178107678890228,0.5689911246299744,0.3594452440738678,0.5067908763885498,0.31642916798591614,0.6848552227020264,0.6406859159469604,0.6223376989364624,0.5608904957771301,0.5671299695968628,0.5140671730041504,0.5195085406303406,0.4648311734199524,Eat
0.6019548773765564,0.934204638004303,0.5257947444915771,0.8355138897895813,0.47298842668533325,0.6647490859031677,0.4334993362426758,0.557237982749939,0.39237087965011597,0.4633282423019409,0.5769162178039551,0.5352368354797363,0.5498105883598328,0.4108952283859253,0.5073041915893555,0.34915706515312195,0.46157950162887573,0.30999746918678284,0.6190876364707947,0.5406747460365295,0.5921831130981445,0.3955264091491699,0.5374923348426819,0.3329779803752899,0.4775155186653137,0.29277220368385315,0.6564571261405945,0.5763722658157349,0.6266543865203857,0.41596221923828125,0.5620308518409729,0.35658594965934753,0.49793219566345215,0.3120482861995697,0.683384895324707,0.6348442435264587,0.6190826296806335,0.5534595251083374,0.5629639029502869,0.5079911351203918,0.514248251914978,0.46047061681747437,Eat
0.6033535599708557,0.9299613237380981,0.5261373519897461,0.8328073620796204,0.47222861647605896,0.6636902689933777,0.4322545826435089,0.5562533140182495,0.3924173414707184,0.4615020751953125,0.5759541392326355,0.5328986644744873,0.549983024597168,0.407622754573822,0.505752444267273,0.345598042011261,0.45802098512649536,0.30809202790260315,0.6183736324310303,0.537525475025177,0.5934723615646362,0.39038562774658203,0.5373648405075073,0.32801491022109985,0.47558942437171936,0.2910231947898865,0.6560786962509155,0.571434497833252,0.6273432374000549,0.41225552558898926,0.561618447303772,0.3549899756908417,0.4961891770362854,0.31442493200302124,0.6836365461349487,0.628076434135437,0.6207102537155151,0.5462567806243896,0.5641794204711914,0.5023629665374756,0.5144842863082886,0.45782023668289185,Eat
0.6035205721855164,0.9204603433609009,0.52564936876297,0.8258718252182007,0.47267061471939087,0.6605481505393982,0.43365344405174255,0.5523295402526855,0.38965585827827454,0.4580637812614441,0.5707388520240784,0.5212564468383789,0.5468387603759766,0.3985408544540405,0.5046612024307251,0.3370369076728821,0.4583730101585388,0.2987547218799591,0.6141419410705566,0.5261906981468201,0.5910190939903259,0.3820984959602356,0.5358638167381287,0.3216553032398224,0.47377336025238037,0.2865668535232544,0.6524032354354858,0.5623162388801575,0.6266749501228333,0.40388357639312744,0.5625552535057068,0.3474896550178528,0.4968465566635132,0.30922362208366394,0.6801989078521729,0.6221956014633179,0.6201604008674622,0.5416520833969116,0.5645557641983032,0.49724242091178894,0.5145483016967773,0.4524073004722595,Eat
0.6031813025474548,0.918615460395813,0.5259630084037781,0.8254722356796265,0.471741259098053,0.6597074270248413,0.43206652998924255,0.5501540899276733,0.386306494474411,0.45684558153152466,0.5683318972587585,0.5165091753005981,0.5396912097930908,0.3964262008666992,0.4964679479598999,0.3381086587905884,0.44960206747055054,0.3028646409511566,0.6130483150482178,0.5189592838287354,0.5864921808242798,0.3802127242088318,0.5328304767608643,0.3216787576675415,0.47266095876693726,0.2854512631893158,0.6524369120597839,0.5532804131507874,0.6266602873802185,0.3970963656902313,0.5636807084083557,0.34159791469573975,0.49871885776519775,0.30243581533432007,0.6815443634986877,0.6119831204414368,0.6194627285003662,0.5391972064971924,0.5624006986618042,0.4995206594467163,0.510643720626831,0.4576968848705292,Eat
0.6025903224945068,0.9187116622924805,0.5260523557662964,0.8279191851615906,0.47233375906944275,0.6615195870399475,0.43294230103492737,0.5518690943717957,0.3876056671142578,0.4565613269805908,0.5670575499534607,0.5206876993179321,0.53446364402771,0.4006049335002899,0.48747947812080383,0.3455115258693695,0.4388924241065979,0.3143743574619293,0.6124598979949951,0.5224018692970276,0.5867287516593933,0.3799326419830322,0.5303722620010376,0.3221518397331238,0.4683828055858612,0.28875163197517395,0.6524169445037842,0.5570948719978333,0.6273617744445801,0.3956524133682251,0.563212513923645,0.34041446447372437,0.4980160892009735,0.3017095625400543,0.680974006652832,0.6166346669197083,0.6191656589508057,0.5418128371238708,0.5633463859558105,0.5000382661819458,0.513534665107727,0.45552775263786316,Eat
0.6028193235397339,0.9198319315910339,0.5261186361312866,0.8286948800086975,0.472406268119812,0.6616866588592529,0.4328494071960449,0.5520972013473511,0.38743576407432556,0.45671260356903076,0.5678359866142273,0.5210073590278625,0.5343186855316162,0.4014313817024231,0.4866965115070343,0.34659385681152344,0.4377362132072449,0.31571516394615173,0.6131817102432251,0.5225537419319153,0.5871862769126892,0.3802255392074585,0.5304185748100281,0.3221748173236847,0.4682295322418213,0.28848740458488464,0.6529673933982849,0.5574907660484314,0.6276401877403259,0.39626404643058777,0.5632273554801941,0.34046632051467896,0.4979156255722046,0.3010759651660919,0.6811729669570923,0.6173354983329773,0.6195731163024902,0.5423853397369385,0.5636541247367859,0.5003930926322937,0.5136772990226746,0.455496609210968,Eat
0.6027138829231262,0.9191344976425171,0.5263223052024841,0.8256720900535583,0.47356951236724854,0.6597310304641724,0.4341065287590027,0.5501567125320435,0.38810431957244873,0.45519065856933594,0.5687664151191711,0.5211224555969238,0.5383362770080566,0.40212327241897583,0.49184268712997437,0.3456568121910095,0.4429817199707031,0.31233495473861694,0.6135982275009155,0.5236119627952576,0.5870084762573242,0.38302820920944214,0.5317338705062866,0.3241903483867645,0.4710550606250763,0.28845101594924927,0.6533597111701965,0.5586431622505188,0.6268547773361206,0.3986909091472626,0.5640649199485779,0.34249037504196167,0.5001566410064697,0.3016354739665985,0.6824600696563721,0.6187454462051392,0.620922327041626,0.5451195240020752,0.5663314461708069,0.5019311904907227,0.517481803894043,0.45575958490371704,Eat
0.6024560332298279,0.9223268032073975,0.5284526944160461,0.8240567445755005,0.47861456871032715,0.6575303077697754,0.4406723976135254,0.5506871938705444,0.39864784479141235,0.455888032913208,0.5816240310668945,0.5228232741355896,0.546841561794281,0.4062716066837311,0.49537792801856995,0.3545815944671631,0.4420466423034668,0.32736778259277344,0.6256487965583801,0.5272108316421509,0.598794162273407,0.3869832456111908,0.5406793355941772,0.32807689905166626,0.47829940915107727,0.2929455041885376,0.6642866134643555,0.5656360387802124,0.6376664042472839,0.40559500455856323,0.5744592547416687,0.3477134704589844,0.5120274424552917,0.3053770363330841,0.6898665428161621,0.6289159655570984,0.6272276043891907,0.5522671341896057,0.5749344229698181,0.5048395395278931,0.5300232768058777,0.45435646176338196,Eat
0.6058540940284729,0.9295302629470825,0.5307589769363403,0.8330538868904114,0.4816770553588867,0.6643355488777161,0.4434281289577484,0.5556371808052063,0.39900773763656616,0.4597449004650116,0.5863580107688904,0.5278474688529968,0.5484576225280762,0.41365692019462585,0.49476873874664307,0.3628740906715393,0.4405471682548523,0.3343047797679901,0.6304925084114075,0.531320333480835,0.6009000539779663,0.3913617730140686,0.542676568031311,0.33390820026397705,0.4816594123840332,0.29735979437828064,0.6680417656898499,0.5703416466712952,0.6393331289291382,0.41351595520973206,0.575265109539032,0.35641008615493774,0.5126814842224121,0.3114628493785858,0.692398726940155,0.6342374086380005,0.6309123039245605,0.5598025321960449,0.5771905183792114,0.5151742696762085,0.5300822257995605,0.46519219875335693,Eat
0.6074244976043701,0.931456446647644,0.5339497327804565,0.8341541886329651,0.4839446544647217,0.6672525405883789,0.4446142911911011,0.5591838955879211,0.40039652585983276,0.4619836211204529,0.5856975317001343,0.5290248990058899,0.5443679690361023,0.41822880506515503,0.49185293912887573,0.37003687024116516,0.4393715262413025,0.3402683436870575,0.6294133067131042,0.5318194031715393,0.5966396927833557,0.3946020007133484,0.5393228530883789,0.3413257598876953,0.47960734367370605,0.3048081696033478,0.6678009629249573,0.5696402192115784,0.6402947902679443,0.41258567571640015,0.5749182105064392,0.35766005516052246,0.5104764699935913,0.31347131729125977,0.6945637464523315,0.6319039463996887,0.6331809163093567,0.5583838224411011,0.5795282125473022,0.5153359174728394,0.5322599411010742,0.46621328592300415,Eat
0.6097763180732727,0.9307477474212646,0.5364040732383728,0.8355967998504639,0.4861500859260559,0.6699115037918091,0.4468979835510254,0.5616431832313538,0.4042678475379944,0.46466290950775146,0.5854519605636597,0.5341795086860657,0.5524982213973999,0.4163093566894531,0.5017461776733398,0.36396968364715576,0.4495285153388977,0.3345986306667328,0.6278291344642639,0.538162350654602,0.6015391945838928,0.39549338817596436,0.5450301766395569,0.3384302258491516,0.48422953486442566,0.30358463525772095,0.6653847694396973,0.57526695728302,0.6402875781059265,0.41594311594963074,0.5769057869911194,0.3591262400150299,0.5133098363876343,0.3166031837463379,0.6926084160804749,0.6365026831626892,0.6339854598045349,0.5585502982139587,0.5812186002731323,0.5146598815917969,0.5338937044143677,0.4680570363998413,Eat
0.6106979250907898,0.932307243347168,0.5373792052268982,0.8370473384857178,0.4883822798728943,0.6684586405754089,0.45131778717041016,0.5589214563369751,0.4097970724105835,0.46045804023742676,0.589030921459198,0.5354281663894653,0.5526837706565857,0.42028430104255676,0.500531017780304,0.369596004486084,0.44712984561920166,0.34126630425453186,0.6327369213104248,0.53840172290802,0.6042976379394531,0.39701372385025024,0.547731339931488,0.3374491333961487,0.4876032769680023,0.29980963468551636,0.6711472272872925,0.5760162472724915,0.6446828246116638,0.41522204875946045,0.581328272819519,0.3585711717605591,0.5187481045722961,0.31534069776535034,0.6982091069221497,0.6385621428489685,0.6376689076423645,0.5612327456474304,0.585532009601593,0.5153493285179138,0.5399961471557617,0.4650958478450775,Eat
0.613416850566864,0.9335988163948059,0.5396995544433594,0.8391591310501099,0.49050796031951904,0.672343909740448,0.452905535697937,0.5621005892753601,0.41100114583969116,0.4626932740211487,0.5895854830741882,0.5358009934425354,0.5532830357551575,0.41961073875427246,0.5011844038963318,0.36907869577407837,0.44848141074180603,0.3408890664577484,0.6335710883140564,0.5380513668060303,0.6048666834831238,0.39675647020339966,0.5486944913864136,0.33928924798965454,0.4889363944530487,0.30241307616233826,0.6725139021873474,0.5750499963760376,0.6468439102172852,0.4152011573314667,0.5828970670700073,0.3593350052833557,0.5190662741661072,0.31642037630081177,0.7004257440567017,0.636325478553772,0.6403466463088989,0.5596329569816589,0.587303102016449,0.5167994499206543,0.5401298999786377,0.47023165225982666,Eat
0.6151163578033447,0.9325368404388428,0.5415050983428955,0.8364076614379883,0.4931376576423645,0.670590877532959,0.45731332898139954,0.5611321330070496,0.4179421067237854,0.4593590199947357,0.5887303948402405,0.5364128947257996,0.5526229739189148,0.42127662897109985,0.5025667548179626,0.37094980478286743,0.45147570967674255,0.34054943919181824,0.634174108505249,0.5378987193107605,0.6073830127716064,0.3966957926750183,0.5527685284614563,0.338251531124115,0.4940662682056427,0.30011212825775146,0.6739467978477478,0.574530839920044,0.6522513628005981,0.41258710622787476,0.5899034738540649,0.35824862122535706,0.5272825956344604,0.3162170350551605,0.7026651501655579,0.6365418434143066,0.6449607610702515,0.561962366104126,0.5936110019683838,0.5174568295478821,0.5480588674545288,0.4677519202232361,Eat
0.6157978773117065,0.93216472864151,0.5419392585754395,0.8388364911079407,0.4922494888305664,0.6721261739730835,0.4566575586795807,0.560699999332428,0.4181857705116272,0.4576404094696045,0.5843951106071472,0.5351426601409912,0.5513015389442444,0.418793648481369,0.5045226216316223,0.3684769570827484,0.45634207129478455,0.33665457367897034,0.6296454071998596,0.5351680517196655,0.6044690608978271,0.3953275680541992,0.5523070096969604,0.33792057633399963,0.49488937854766846,0.29924994707107544,0.6697390079498291,0.5692434310913086,0.6482211351394653,0.41075217723846436,0.5876544117927551,0.3587649464607239,0.5256200432777405,0.3186056315898895,0.7008755207061768,0.6279489398002625,0.6435335874557495,0.5551340579986572,0.5910362601280212,0.5140761137008667,0.5434838533401489,0.4686972498893738,Eat
0.6146966218948364,0.9317084550857544,0.5405837297439575,0.8386685252189636,0.48981451988220215,0.669135570526123,0.4548228085041046,0.5568862557411194,0.4163353145122528,0.45486748218536377,0.5851758718490601,0.5341741442680359,0.552557647228241,0.41768527030944824,0.505918562412262,0.3660014271736145,0.4567051827907562,0.33452174067497253,0.6305627822875977,0.5346406698226929,0.6043376922607422,0.3952297270298004,0.5503618717193604,0.3376953899860382,0.4908498227596283,0.29983940720558167,0.6705735921859741,0.5683703422546387,0.6480806469917297,0.40835094451904297,0.5860903859138489,0.3566359281539917,0.5228365659713745,0.3172694146633148,0.7011802196502686,0.6266068816184998,0.6411192417144775,0.5529844760894775,0.5880911350250244,0.5117591619491577,0.5408930778503418,0.46584728360176086,Eat
0.6117815971374512,0.9326205849647522,0.5375610589981079,0.837332546710968,0.4882351756095886,0.668442964553833,0.45340970158576965,0.5561013221740723,0.4141814708709717,0.45518577098846436,0.5852645039558411,0.5342667698860168,0.5503256916999817,0.4207662343978882,0.5036323070526123,0.3680832087993622,0.45521777868270874,0.3339128792285919,0.6302899718284607,0.5346876382827759,0.6023169755935669,0.39711901545524597,0.5493236780166626,0.3375251889228821,0.49095606803894043,0.2968742549419403,0.6698275208473206,0.5693445801734924,0.6446195840835571,0.41128402948379517,0.5833263397216797,0.3565700352191925,0.5206206440925598,0.31446924805641174,0.6996123194694519,0.6286386251449585,0.6389113068580627,0.5535357594490051,0.5846929550170898,0.5113697052001953,0.5358120799064636,0.4656042456626892,Eat
0.605890154838562,0.9244892597198486,0.532723605632782,0.8319833874702454,0.4834747016429901,0.6660163998603821,0.44814592599868774,0.5535931587219238,0.4078422784805298,0.45453253388404846,0.5789152979850769,0.5306822657585144,0.5504952669143677,0.41204172372817993,0.5059324502944946,0.3570690155029297,0.4585273563861847,0.32255545258522034,0.622717022895813,0.5326921939849854,0.5981370210647583,0.39201319217681885,0.5439212322235107,0.3354879915714264,0.4834567606449127,0.29908299446105957,0.6618582606315613,0.567330002784729,0.6372157335281372,0.40916216373443604,0.5723501443862915,0.35662055015563965,0.5063410997390747,0.317415714263916,0.6922146081924438,0.6265823841094971,0.632534921169281,0.5505120158195496,0.5778099298477173,0.5084508061408997,0.5284463167190552,0.46414196491241455,Eat
0.6046780347824097,0.9197285175323486,0.5318295955657959,0.8275160193443298,0.48095935583114624,0.6610279679298401,0.4446519613265991,0.5497673749923706,0.4040769338607788,0.4519844353199005,0.5769686102867126,0.5271913409233093,0.5470710396766663,0.4085104167461395,0.5009670853614807,0.35287773609161377,0.45167022943496704,0.31986236572265625,0.6217145919799805,0.5293615460395813,0.5986549854278564,0.3886590600013733,0.5441758036613464,0.33034077286720276,0.4829425811767578,0.2941611409187317,0.6611759066581726,0.5647457838058472,0.6404532790184021,0.4043119549751282,0.5777405500411987,0.3490217328071594,0.5125548839569092,0.308992475271225,0.6905603408813477,0.6244339942932129,0.6309404373168945,0.5483185648918152,0.5761464834213257,0.5053460001945496,0.5264022350311279,0.46037495136260986,Eat
0.6026335954666138,0.9167201519012451,0.5288974046707153,0.825947642326355,0.47836625576019287,0.6617429852485657,0.44251149892807007,0.5508008003234863,0.4018153250217438,0.4520025849342346,0.570695161819458,0.5261235237121582,0.538058876991272,0.40911781787872314,0.4921875,0.35731637477874756,0.4436257779598236,0.32527732849121094,0.6162728667259216,0.5268522500991821,0.5916702747344971,0.3881925344467163,0.5392472147941589,0.33110442757606506,0.48004403710365295,0.2928134799003601,0.6563364863395691,0.5604189038276672,0.6344529986381531,0.4022058844566345,0.573978066444397,0.3479660153388977,0.5110778212547302,0.306541383266449,0.6870737671852112,0.6169916391372681,0.6271083950996399,0.5397712588310242,0.5732519030570984,0.4987826943397522,0.5243400931358337,0.45541495084762573,Eat
0.6011343598365784,0.9135507941246033,0.528605580329895,0.8239308595657349,0.47649386525154114,0.66106116771698,0.4413246512413025,0.5504595637321472,0.4033260941505432,0.4487370252609253,0.5694421529769897,0.5247865319252014,0.5366514325141907,0.40888267755508423,0.48959100246429443,0.35627293586730957,0.44059616327285767,0.32211214303970337,0.6156968474388123,0.5260899066925049,0.5925165414810181,0.38594016432762146,0.5376842021942139,0.3289467394351959,0.4772254526615143,0.2917290925979614,0.6556201577186584,0.5619516372680664,0.6345624327659607,0.40049347281455994,0.5727041959762573,0.3470049500465393,0.5091384053230286,0.3076974153518677,0.6849116683006287,0.622846782207489,0.6264263987541199,0.5463857650756836,0.5740507245063782,0.5006463527679443,0.526719868183136,0.4514195919036865,Eat
0.6009165048599243,0.9142632484436035,0.5272645354270935,0.8237380981445312,0.47526007890701294,0.6585900783538818,0.43952706456184387,0.5478812456130981,0.4007081389427185,0.4472638964653015,0.5730010867118835,0.5218231678009033,0.5423719882965088,0.4041253924369812,0.4963715672492981,0.3489478528499603,0.4467337429523468,0.31478241086006165,0.6180160641670227,0.5256187319755554,0.592378556728363,0.38646066188812256,0.5379186272621155,0.3265465795993805,0.47658073902130127,0.28685593605041504,0.6573853492736816,0.5624461770057678,0.6336449980735779,0.4022939205169678,0.5730907917022705,0.34485602378845215,0.5101193785667419,0.3011835515499115,0.6865262985229492,0.6235326528549194,0.6280117034912109,0.5443840622901917,0.5756399631500244,0.49871206283569336,0.5278658866882324,0.4502040147781372,Eat
0.601607620716095,0.9188626408576965,0.5269623398780823,0.827685534954071,0.4764114022254944,0.6622307896614075,0.4404945969581604,0.5514744520187378,0.4007907211780548,0.44948357343673706,0.5704746842384338,0.5237975120544434,0.5333512425422668,0.41097086668014526,0.48513782024383545,0.36096417903900146,0.435677170753479,0.330089271068573,0.6167625784873962,0.524527907371521,0.5880652666091919,0.3880576193332672,0.5340381860733032,0.3295295834541321,0.47486060857772827,0.28941863775253296,0.6570203304290771,0.5598474740982056,0.6338674426078796,0.40151283144950867,0.5725628137588501,0.34597355127334595,0.5094031691551208,0.303056538105011,0.6865265369415283,0.6193747520446777,0.6267112493515015,0.5452806353569031,0.5726808309555054,0.5033497214317322,0.523170530796051,0.45715200901031494,Eat
0.6027653813362122,0.9150418043136597,0.5284037590026855,0.8241734504699707,0.4768431782722473,0.6593060493469238,0.44139185547828674,0.5492075681686401,0.40183374285697937,0.44848114252090454,0.5708068013191223,0.522831916809082,0.5382705330848694,0.4047311544418335,0.4911280572414398,0.3532058596611023,0.441757470369339,0.32311466336250305,0.6174140572547913,0.525054931640625,0.5938751101493835,0.384074330329895,0.5372369289398193,0.3274783790111542,0.4747413694858551,0.2927584946155548,0.6579620242118835,0.5614987015724182,0.6372964382171631,0.39934492111206055,0.5744093656539917,0.345689058303833,0.5101081132888794,0.30672886967658997,0.6872904896736145,0.6229231953620911,0.628495454788208,0.5470969676971436,0.5754459500312805,0.5032417178153992,0.5281088948249817,0.45548802614212036,Eat
0.6033108234405518,0.9157228469848633,0.5284311771392822,0.8276088833808899,0.4768056273460388,0.6634904742240906,0.44154757261276245,0.5521846413612366,0.40229976177215576,0.4483450651168823,0.5692598223686218,0.5220063328742981,0.5298489332199097,0.41127774119377136,0.48032552003860474,0.3633096516132355,0.4308900535106659,0.3338893949985504,0.6174516081809998,0.521210253238678,0.5905748605728149,0.3840485215187073,0.5362253785133362,0.32555150985717773,0.4774753451347351,0.2860124111175537,0.6589474081993103,0.5575952529907227,0.6383987665176392,0.396647185087204,0.5775218605995178,0.34219813346862793,0.5153940320014954,0.29978033900260925,0.688678503036499,0.619550347328186,0.629314661026001,0.5469626188278198,0.5752691030502319,0.5061262845993042,0.5260131359100342,0.4601186513900757,Eat
0.6026962995529175,0.9177305698394775,0.528514564037323,0.827522337436676,0.47767919301986694,0.6642801761627197,0.44218677282333374,0.5533702969551086,0.4031268358230591,0.44922831654548645,0.5706632137298584,0.5232106447219849,0.5296849608421326,0.41292116045951843,0.479848712682724,0.3655521869659424,0.43060290813446045,0.3357430696487427,0.6187971830368042,0.5224206447601318,0.5906746983528137,0.3854798674583435,0.5365930199623108,0.32689139246940613,0.478335440158844,0.28683900833129883,0.6604978442192078,0.5587639808654785,0.6387019157409668,0.39751914143562317,0.5773966312408447,0.343410849571228,0.5151180028915405,0.30122971534729004,0.6909509301185608,0.6202559471130371,0.6307525634765625,0.5463421940803528,0.5770555734634399,0.5050383806228638,0.5284036993980408,0.45894068479537964,Eat
0.6026332974433899,0.9204573631286621,0.5288512110710144,0.8278554081916809,0.47865551710128784,0.6648431420326233,0.44311076402664185,0.554267168045044,0.4046682119369507,0.450138121843338,0.5733158588409424,0.524349570274353,0.5348802804946899,0.4124082922935486,0.48629578948020935,0.3627803921699524,0.43699437379837036,0.33127105236053467,0.6202534437179565,0.5248562097549438,0.5918717384338379,0.3874819874763489,0.5381937026977539,0.3290824294090271,0.4796942472457886,0.28896310925483704,0.661058783531189,0.5616150498390198,0.6399403810501099,0.4004390835762024,0.5807356834411621,0.34439510107040405,0.51973557472229,0.30027249455451965,0.6912533640861511,0.6237035393714905,0.6323373317718506,0.5497581958770752,0.5788283944129944,0.5078923106193542,0.5297670960426331,0.46160319447517395,Eat
0.6032348275184631,0.9234912991523743,0.5302533507347107,0.831917941570282,0.47931969165802,0.6676515340805054,0.44389981031417847,0.5562089085578918,0.4053457975387573,0.45178472995758057,0.5765772461891174,0.5238945484161377,0.5382448434829712,0.4110690951347351,0.4880877137184143,0.3619702458381653,0.4371570348739624,0.33264175057411194,0.623548150062561,0.5245906114578247,0.5947610139846802,0.3873676359653473,0.5403855443000793,0.3288455605506897,0.4813697636127472,0.2890383005142212,0.6641913652420044,0.5622245073318481,0.6407102942466736,0.4010705053806305,0.5798534154891968,0.34540101885795593,0.5179256200790405,0.3014819622039795,0.6932589411735535,0.6256202459335327,0.6325065493583679,0.5530154705047607,0.5792726278305054,0.5103657245635986,0.5313436388969421,0.4620112180709839,Eat
0.604128360748291,0.9240822792053223,0.5293153524398804,0.8308227062225342,0.4769907295703888,0.6653111577033997,0.44049978256225586,0.5551285147666931,0.4033288359642029,0.45171985030174255,0.5733602046966553,0.5233959555625916,0.5370110273361206,0.4082815647125244,0.4875514805316925,0.35827723145484924,0.4368399381637573,0.3287448585033417,0.6197178363800049,0.5244476199150085,0.5933974981307983,0.38603341579437256,0.5389565825462341,0.32817381620407104,0.47926953434944153,0.2885948419570923,0.6603624224662781,0.5609181523323059,0.6402378082275391,0.4003862738609314,0.5785976648330688,0.34532150626182556,0.5148314237594604,0.30289703607559204,0.6904212236404419,0.622305154800415,0.6304206848144531,0.5470792055130005,0.5758158564567566,0.5044217109680176,0.5258811116218567,0.45698440074920654,Eat
0.607047438621521,0.9259610772132874,0.5298924446105957,0.8322958946228027,0.478707879781723,0.6645021438598633,0.4424644112586975,0.5535534024238586,0.40174803137779236,0.4490912854671478,0.5732260942459106,0.5261223316192627,0.5313133597373962,0.41435927152633667,0.48041388392448425,0.3670167624950409,0.4297603964805603,0.3360702395439148,0.6207336187362671,0.5253352522850037,0.5901574492454529,0.38742130994796753,0.5352505445480347,0.32863277196884155,0.47667407989501953,0.28626763820648193,0.6620818972587585,0.5616869926452637,0.6396615505218506,0.3985782265663147,0.5784003734588623,0.344437837600708,0.5161528587341309,0.30076032876968384,0.6923655271530151,0.6230040788650513,0.6326810121536255,0.5498442649841309,0.5786374807357788,0.5072036385536194,0.5294591188430786,0.4580889344215393,Eat
0.6070652604103088,0.9255598187446594,0.5301628708839417,0.8362507820129395,0.47774091362953186,0.6691815853118896,0.4420987069606781,0.5563812255859375,0.4018818736076355,0.45133012533187866,0.5708515644073486,0.527434229850769,0.5365416407585144,0.4100315570831299,0.4887915849685669,0.3587568998336792,0.4396970868110657,0.32643067836761475,0.6175020337104797,0.5279012322425842,0.5909777879714966,0.38772955536842346,0.537229061126709,0.32879045605659485,0.47817572951316833,0.28763753175735474,0.6584458947181702,0.5638563632965088,0.6374667286872864,0.39941567182540894,0.5769490003585815,0.34453821182250977,0.5143217444419861,0.3014674484729767,0.6896407008171082,0.6247583627700806,0.6315906047821045,0.549071192741394,0.5781610608100891,0.5062554478645325,0.5291844606399536,0.45841169357299805,Eat
0.6086716651916504,0.9280091524124146,0.531437873840332,0.836728572845459,0.4784901440143585,0.6672255992889404,0.4413074254989624,0.5547246932983398,0.40056830644607544,0.4498266577720642,0.5737790465354919,0.5301735997200012,0.5350432395935059,0.4164671301841736,0.48478904366493225,0.3667767643928528,0.4330293536186218,0.3347353935241699,0.6204565167427063,0.5303293466567993,0.5937249064445496,0.3897901475429535,0.5377191305160522,0.32983219623565674,0.4766424596309662,0.29003068804740906,0.6608874797821045,0.5668091773986816,0.6388109922409058,0.4029141068458557,0.5763751864433289,0.348014235496521,0.512753427028656,0.3057895600795746,0.690854549407959,0.6291438937187195,0.6349277496337891,0.5532225966453552,0.5828888416290283,0.5082514882087708,0.5353839993476868,0.4581418037414551,Eat
0.6075834035873413,0.9271937012672424,0.5313434600830078,0.8370463848114014,0.4780389070510864,0.6670520901679993,0.4409768581390381,0.5549184083938599,0.39998573064804077,0.4515020549297333,0.5735616683959961,0.5293941497802734,0.5357100367546082,0.4144759476184845,0.4848383069038391,0.3654860854148865,0.43241965770721436,0.3349810242652893,0.6201689839363098,0.52967768907547,0.5942766666412354,0.38731348514556885,0.5364331007003784,0.3296356201171875,0.4736318290233612,0.2929430603981018,0.6606667041778564,0.5664220452308655,0.63978511095047,0.4010656774044037,0.5750452280044556,0.3483290374279022,0.5093623399734497,0.30887916684150696,0.6902382969856262,0.6294776797294617,0.6350482702255249,0.552280843257904,0.5829572081565857,0.5069434642791748,0.5357626080513,0.45610183477401733,Eat
0.6114095449447632,0.9300516843795776,0.5331960320472717,0.8381800651550293,0.4800327718257904,0.6690049171447754,0.4425458610057831,0.5572406053543091,0.40058284997940063,0.45305681228637695,0.5759122967720032,0.5290996432304382,0.5341004729270935,0.41625940799713135,0.4817337989807129,0.3682514429092407,0.42852798104286194,0.3379974365234375,0.6229029893875122,0.5291286706924438,0.5936871767044067,0.3890290856361389,0.5374603271484375,0.3290199041366577,0.4767266809940338,0.28885552287101746,0.6639451384544373,0.5668221116065979,0.64082932472229,0.40203091502189636,0.5787176489830017,0.34662580490112305,0.5159021019935608,0.30323484539985657,0.6940815448760986,0.6303952932357788,0.6368748545646667,0.5544499754905701,0.5839871168136597,0.510191798210144,0.5360299348831177,0.460318922996521,Eat
0.6116591095924377,0.9308645129203796,0.536745548248291,0.8364769220352173,0.48383086919784546,0.6677353978157043,0.4460258185863495,0.5567755699157715,0.40505141019821167,0.454420268535614,0.5823044776916504,0.5290591716766357,0.5479345917701721,0.41177910566329956,0.4972583055496216,0.3602995276451111,0.44454824924468994,0.3293762803077698,0.6282123923301697,0.5309308171272278,0.6028892993927002,0.38768935203552246,0.5447371602058411,0.3287152647972107,0.4820834994316101,0.29219138622283936,0.668730616569519,0.5691966414451599,0.6452586650848389,0.4034436345100403,0.5804340839385986,0.34962618350982666,0.5161228775978088,0.30922600626945496,0.6981534957885742,0.63431715965271,0.637283205986023,0.5597418546676636,0.5839049816131592,0.5150265097618103,0.5376892685890198,0.4649431109428406,Eat
0.6325402855873108,0.9354654550552368,0.5661210417747498,0.8286682367324829,0.5183789730072021,0.6662179231643677,0.4776054918766022,0.5599358081817627,0.43107569217681885,0.47081345319747925,0.635183572769165,0.5351769924163818,0.6092952489852905,0.4071621298789978,0.5491536259651184,0.35297805070877075,0.48577767610549927,0.3298702538013458,0.6786668300628662,0.5420305132865906,0.6565492749214172,0.39011868834495544,0.5850805640220642,0.3286820650100708,0.5134592056274414,0.2995583713054657,0.7126272916793823,0.5833585858345032,0.6784186363220215,0.4233861267566681,0.6044446229934692,0.3711358904838562,0.5364900231361389,0.3375893831253052,0.729151725769043,0.6523087024688721,0.6580809950828552,0.5765306353569031,0.601282000541687,0.532954752445221,0.5549745559692383,0.48956722021102905,Eat
0.6420144438743591,0.9345008730888367,0.5710267424583435,0.8247200846672058,0.5234739184379578,0.659826934337616,0.4822778105735779,0.5527798533439636,0.4313390851020813,0.4711003303527832,0.6431739330291748,0.5315061211585999,0.6383780241012573,0.39564090967178345,0.5850762128829956,0.33031412959098816,0.5259653329849243,0.29923972487449646,0.688063383102417,0.5424814224243164,0.6679289937019348,0.3845452070236206,0.594896137714386,0.3284130096435547,0.5226163864135742,0.30829131603240967,0.7216821908950806,0.580590009689331,0.6803663969039917,0.42915987968444824,0.6032431721687317,0.3749871850013733,0.5329771041870117,0.3415602445602417,0.737755298614502,0.6436179280281067,0.6585596799850464,0.5733253955841064,0.5971754789352417,0.5330709218978882,0.5470710396766663,0.49500277638435364,Eat
0.6497004628181458,0.9354209303855896,0.5754413604736328,0.8255505561828613,0.5263366103172302,0.6623196005821228,0.4866754114627838,0.5538278222084045,0.436515212059021,0.4711058735847473,0.6409635543823242,0.529467761516571,0.6294264793395996,0.39458394050598145,0.5737868547439575,0.33268576860427856,0.5145826935768127,0.30488133430480957,0.689004123210907,0.5383561253547668,0.6710889339447021,0.37686121463775635,0.600005567073822,0.31823959946632385,0.5289927124977112,0.2981829345226288,0.7253208160400391,0.5791019201278687,0.687293529510498,0.4235619306564331,0.6120820045471191,0.3679458796977997,0.5438314080238342,0.33494240045547485,0.7425541877746582,0.6472121477127075,0.6652675271034241,0.5774911046028137,0.6047523617744446,0.5362499356269836,0.5554966926574707,0.49754807353019714,Eat
0.651197612285614,0.9404363036155701,0.5774289965629578,0.8261986970901489,0.5322195887565613,0.6603484749794006,0.49328500032424927,0.5503515601158142,0.445952445268631,0.4615532159805298,0.6447094082832336,0.53372722864151,0.6281408071517944,0.39848464727401733,0.5747007131576538,0.3378680944442749,0.5158305168151855,0.30870532989501953,0.6920714974403381,0.5414819121360779,0.6762228608131409,0.38244402408599854,0.6077601909637451,0.32060709595680237,0.5355327129364014,0.29577746987342834,0.7300385236740112,0.5819447636604309,0.7041553258895874,0.4223417341709137,0.6315112709999084,0.3630087971687317,0.561797559261322,0.3263038694858551,0.7503872513771057,0.6493545770645142,0.6843141317367554,0.574981153011322,0.6235551238059998,0.5324535369873047,0.5712674856185913,0.49221688508987427,Eat
0.6534945964813232,0.9360463619232178,0.5816534161567688,0.8282413482666016,0.5382970571517944,0.6641963720321655,0.5000408291816711,0.5515265464782715,0.4525175094604492,0.45984339714050293,0.6409828066825867,0.5345897674560547,0.6163210272789001,0.4005581736564636,0.5622424483299255,0.3425470292568207,0.5037997961044312,0.313988596200943,0.6897124648094177,0.538507878780365,0.6736758947372437,0.3791775107383728,0.6085307598114014,0.31734219193458557,0.5369924902915955,0.2893480956554413,0.7312178611755371,0.5761064887046814,0.7136726379394531,0.4097733199596405,0.641291081905365,0.35246849060058594,0.5685610175132751,0.3166661262512207,0.7585347890853882,0.6398278474807739,0.6987978219985962,0.5605108737945557,0.6390997767448425,0.5171929597854614,0.5857452750205994,0.47703295946121216,Eat
0.6685177683830261,0.9315240383148193,0.5915533304214478,0.8288506269454956,0.5458512902259827,0.6659548878669739,0.5113472938537598,0.5522297620773315,0.4727180600166321,0.448173463344574,0.6373380422592163,0.5285537242889404,0.605549156665802,0.39824819564819336,0.5532172918319702,0.3467329442501068,0.495236337184906,0.32267653942108154,0.6927518844604492,0.5302719473838806,0.6853134036064148,0.37108319997787476,0.6282568573951721,0.3012344241142273,0.5612775087356567,0.2621692419052124,0.7400155067443848,0.5721747279167175,0.7351589202880859,0.4003715515136719,0.6692315936088562,0.3426878750324249,0.601073682308197,0.3033807873725891,0.7730755805969238,0.6430197358131409,0.7196229100227356,0.5638154745101929,0.6666640639305115,0.5184224247932434,0.6198886632919312,0.47177040576934814,Eat
0.6774324178695679,0.9299396276473999,0.5987297296524048,0.8307004570960999,0.552729070186615,0.6656820774078369,0.5236737132072449,0.5498467683792114,0.48698341846466064,0.445715993642807,0.6423693299293518,0.5229370594024658,0.6099255681037903,0.3972717225551605,0.5607835650444031,0.34613972902297974,0.5065825581550598,0.3177627921104431,0.6986169815063477,0.5209774374961853,0.6879507303237915,0.36720359325408936,0.6351157426834106,0.29788798093795776,0.5730187892913818,0.2554877996444702,0.7469370365142822,0.559694230556488,0.7405642867088318,0.3921965956687927,0.6780909895896912,0.3369605839252472,0.6128068566322327,0.2986010015010834,0.7827845811843872,0.6285920143127441,0.7287341952323914,0.5555408596992493,0.6747831106185913,0.5157144665718079,0.6263611316680908,0.47292351722717285,Eat
0.6763009428977966,0.9286098480224609,0.600500762462616,0.8309116363525391,0.5542305707931519,0.6653302311897278,0.524673342704773,0.5474816560745239,0.4860295057296753,0.44403770565986633,0.6419129967689514,0.5198954939842224,0.6106728911399841,0.39596009254455566,0.5632086396217346,0.34514015913009644,0.5121505260467529,0.3130268156528473,0.6992276906967163,0.5182536244392395,0.6883631944656372,0.36672264337539673,0.6361659169197083,0.29976338148117065,0.5757918953895569,0.25811877846717834,0.7482711672782898,0.5585609674453735,0.7459313869476318,0.39121323823928833,0.6845462322235107,0.33707690238952637,0.6203907132148743,0.29893049597740173,0.7854864597320557,0.6290479302406311,0.7350969314575195,0.5560434460639954,0.6825002431869507,0.5140213966369629,0.6349509954452515,0.46880656480789185,Eat
0.6762513518333435,0.9268141984939575,0.6005054712295532,0.8290963172912598,0.5546754598617554,0.6644605398178101,0.5260066390037537,0.546042263507843,0.4880058169364929,0.4419868290424347,0.6434015035629272,0.5202105641365051,0.6131203174591064,0.39659303426742554,0.5656376481056213,0.3454132080078125,0.5147486925125122,0.31300732493400574,0.700738787651062,0.5192575454711914,0.6906046271324158,0.3665604591369629,0.6391971707344055,0.2981017529964447,0.5793883800506592,0.2554018497467041,0.7498142123222351,0.5594722628593445,0.7475760579109192,0.3896218538284302,0.687206506729126,0.3339782953262329,0.623909592628479,0.29522010684013367,0.786907970905304,0.6294631361961365,0.7356400489807129,0.5543790459632874,0.6841964721679688,0.5109156966209412,0.638058066368103,0.46510276198387146,Eat
0.6775442361831665,0.9278160333633423,0.600612223148346,0.8306390047073364,0.5556606650352478,0.6663640141487122,0.527843177318573,0.5462378859519958,0.4909047484397888,0.43886202573776245,0.6438878178596497,0.5191438794136047,0.6118068099021912,0.39818838238716125,0.5656237602233887,0.3458137512207031,0.516790509223938,0.3106933534145355,0.7025693655014038,0.5173485279083252,0.6921820044517517,0.36698973178863525,0.643070638179779,0.29604199528694153,0.5851896405220032,0.24940833449363708,0.7516544461250305,0.5582471489906311,0.7508288025856018,0.39169275760650635,0.691757082939148,0.33542484045028687,0.6293057799339294,0.29509755969047546,0.7875540256500244,0.6287980079650879,0.7382485866546631,0.5556552410125732,0.6872406601905823,0.5125170946121216,0.640392005443573,0.4669220447540283,Eat
0.6797210574150085,0.929071307182312,0.6019488573074341,0.8330365419387817,0.5565760731697083,0.6675633192062378,0.5299362540245056,0.5463719367980957,0.4933297634124756,0.43874531984329224,0.6449583172798157,0.520643949508667,0.6122090816497803,0.399428129196167,0.5669584274291992,0.34630998969078064,0.518585205078125,0.30898821353912354,0.7037736773490906,0.5192441940307617,0.6925235986709595,0.36799299716949463,0.6442088484764099,0.2969370186328888,0.5865839123725891,0.2493942379951477,0.752748429775238,0.5602579712867737,0.7513580322265625,0.39317038655281067,0.6927101016044617,0.336819589138031,0.6301488876342773,0.29612550139427185,0.7888521552085876,0.6305893659591675,0.7407847046852112,0.5574285984039307,0.690898060798645,0.5141212940216064,0.6448165774345398,0.46837466955184937,Eat
0.681170642375946,0.9279588460922241,0.6036847233772278,0.8331812024116516,0.5582799911499023,0.6680986285209656,0.5313457250595093,0.5466011762619019,0.49419742822647095,0.4389702379703522,0.6449090242385864,0.5194441676139832,0.6126950979232788,0.3972777724266052,0.567668080329895,0.34679192304611206,0.5181008577346802,0.31050580739974976,0.7034452557563782,0.5173380970954895,0.6919490694999695,0.36699986457824707,0.6443766355514526,0.29896217584609985,0.5862573385238647,0.25167742371559143,0.7524341940879822,0.5579350590705872,0.7530989050865173,0.39001667499542236,0.6935005784034729,0.33795055747032166,0.6283938884735107,0.2999684810638428,0.7890346050262451,0.6276339292526245,0.74385005235672,0.5560485124588013,0.6938612461090088,0.5150238871574402,0.6464796662330627,0.470575749874115,Eat
0.6848466396331787,0.9331638813018799,0.6062198281288147,0.8395090103149414,0.5601546168327332,0.6744908690452576,0.5334007143974304,0.5525332689285278,0.49578866362571716,0.4448537826538086,0.6477289795875549,0.5239516496658325,0.615980327129364,0.4032830595970154,0.570245087146759,0.3522975444793701,0.5202714204788208,0.3157672584056854,0.7073698043823242,0.5216544270515442,0.6954103708267212,0.37239959836006165,0.6471847295761108,0.30183273553848267,0.5891575813293457,0.2531614899635315,0.7576327919960022,0.5622761845588684,0.7555060386657715,0.39640334248542786,0.6941583752632141,0.3434367775917053,0.6280980706214905,0.3045231103897095,0.794992208480835,0.6328318119049072,0.7475541234016418,0.5641348361968994,0.697007954120636,0.5211228132247925,0.6496667265892029,0.4743044972419739,Eat
0.6836785078048706,0.936259388923645,0.6074714064598083,0.8419814705848694,0.5610517263412476,0.6774407029151917,0.5336369872093201,0.5554569959640503,0.4964410662651062,0.4492422342300415,0.6487484574317932,0.5257543921470642,0.6179990768432617,0.40396982431411743,0.5728655457496643,0.35215073823928833,0.5230746269226074,0.31626251339912415,0.7078604102134705,0.5242994427680969,0.6975945830345154,0.3739139437675476,0.6519968509674072,0.302345871925354,0.5963536500930786,0.2530319094657898,0.7578747272491455,0.5653929114341736,0.7562524080276489,0.40144285559654236,0.6975020170211792,0.3497496247291565,0.6339729428291321,0.31228959560394287,0.7956582307815552,0.6358899474143982,0.7492595314979553,0.5648365616798401,0.6996626853942871,0.5239027738571167,0.6536085605621338,0.4801426827907562,Eat
0.6834446787834167,0.936850368976593,0.6072124242782593,0.8428391218185425,0.561242938041687,0.6785005331039429,0.5334684252738953,0.5564194321632385,0.4955655634403229,0.4499303698539734,0.6480920314788818,0.5255200862884521,0.6174688339233398,0.4039642810821533,0.5725334882736206,0.352744996547699,0.5227802991867065,0.3163541853427887,0.7072720527648926,0.5242783427238464,0.6976926922798157,0.3744916319847107,0.6527590155601501,0.3032209575176239,0.5970898866653442,0.2534559369087219,0.7571872472763062,0.5657438039779663,0.7561260461807251,0.4019421339035034,0.6975204348564148,0.3499271273612976,0.6332536339759827,0.31177276372909546,0.7950650453567505,0.636614203453064,0.749832272529602,0.5655263662338257,0.7000356316566467,0.5247907042503357,0.6529338955879211,0.4812597930431366,Eat
0.6861299276351929,0.9410701394081116,0.6084195971488953,0.8472434282302856,0.5627710819244385,0.6828417778015137,0.5358432531356812,0.5594070553779602,0.49687880277633667,0.452335000038147,0.6500800251960754,0.5284866690635681,0.6215733885765076,0.40654459595680237,0.5777966976165771,0.3538554310798645,0.5283013582229614,0.3160358667373657,0.7086557149887085,0.5271126627922058,0.6978517174720764,0.3770909309387207,0.6528917551040649,0.3060360252857208,0.5968056917190552,0.2582976222038269,0.7581618428230286,0.5690197348594666,0.7557001709938049,0.4050649106502533,0.6984334588050842,0.3529973030090332,0.6349458694458008,0.3165595233440399,0.7964410781860352,0.6412522792816162,0.754176139831543,0.5685187578201294,0.703718900680542,0.5268223881721497,0.6546522974967957,0.48464637994766235,Eat
0.6852815747261047,0.9406000375747681,0.6081477403640747,0.8482335209846497,0.5627148151397705,0.6824625730514526,0.5360984802246094,0.5592571496963501,0.4952094554901123,0.4551836848258972,0.6492845416069031,0.5295575261116028,0.619907021522522,0.4093013405799866,0.5756199955940247,0.35893362760543823,0.5254062414169312,0.3223320245742798,0.7081690430641174,0.5271835327148438,0.697677731513977,0.37917256355285645,0.6514122486114502,0.3107173442840576,0.5935021042823792,0.2626034617424011,0.7580338716506958,0.5681458711624146,0.7586720585823059,0.40296363830566406,0.6990948915481567,0.35187703371047974,0.6322603821754456,0.3147026598453522,0.7963011264801025,0.6395183801651001,0.7549528479576111,0.5683919191360474,0.7039691805839539,0.5287747383117676,0.653762936592102,0.4868490397930145,Eat
0.6885043382644653,0.9394802451133728,0.6106628775596619,0.848563015460968,0.5641275644302368,0.6829557418823242,0.5368175506591797,0.5594968199729919,0.49608874320983887,0.4554792642593384,0.6494278311729431,0.5295326113700867,0.6191234588623047,0.40904903411865234,0.5745919346809387,0.35926252603530884,0.5243880152702332,0.32355180382728577,0.7083367705345154,0.5263558626174927,0.6987130641937256,0.37845006585121155,0.6530090570449829,0.3102099597454071,0.5957069993019104,0.2625570595264435,0.7581438422203064,0.5674135684967041,0.7596433758735657,0.4026225209236145,0.700472354888916,0.35131704807281494,0.6343159079551697,0.31408026814460754,0.7963880300521851,0.6388745903968811,0.7550300359725952,0.5689385533332825,0.7036079168319702,0.5299843549728394,0.6531780362129211,0.4884147644042969,Eat
0.6884394288063049,0.939149796962738,0.6115173697471619,0.8473004698753357,0.5637139678001404,0.683376669883728,0.5354414582252502,0.5611764788627625,0.49525195360183716,0.45485919713974,0.6510380506515503,0.5279096364974976,0.6203318238258362,0.40790697932243347,0.5752802491188049,0.3573042154312134,0.5252050757408142,0.3212054669857025,0.7095715403556824,0.5253511071205139,0.699988603591919,0.37629079818725586,0.6528977155685425,0.30889758467674255,0.5944547057151794,0.2628401815891266,0.7592712640762329,0.5669513940811157,0.7580872178077698,0.4014679491519928,0.6993266940116882,0.35066017508506775,0.6343532800674438,0.3138989806175232,0.797382116317749,0.6389729976654053,0.7528876662254333,0.5682061910629272,0.7025820016860962,0.5280293822288513,0.654447078704834,0.4844854772090912,Eat
0.6901794075965881,0.9407606720924377,0.6126784682273865,0.8457987904548645,0.5650233030319214,0.678967297077179,0.5351319909095764,0.5583822727203369,0.4930627942085266,0.4546582102775574,0.6543757319450378,0.5291783213615417,0.6218785047531128,0.410052627325058,0.5750426650047302,0.3599989414215088,0.5245845317840576,0.32504895329475403,0.7125595808029175,0.5267767906188965,0.69843989610672,0.3791264295578003,0.6487441062927246,0.31083163619041443,0.5900970101356506,0.26352787017822266,0.7625200748443604,0.5680336952209473,0.7569873332977295,0.40214550495147705,0.6960858106613159,0.3486517667770386,0.6309379935264587,0.30851587653160095,0.8009428381919861,0.6401247382164001,0.7517579793930054,0.5701181888580322,0.6996955871582031,0.5291804075241089,0.6509116291999817,0.4840885102748871,Eat
0.6885735988616943,0.9364511966705322,0.613206148147583,0.8385014533996582,0.5665509104728699,0.6770532727241516,0.5332526564598083,0.5605617165565491,0.4904383420944214,0.45655760169029236,0.6621457934379578,0.5264776945114136,0.6308045983314514,0.4002269208431244,0.5803369879722595,0.34947869181632996,0.5252936482429504,0.322622150182724,0.7196503281593323,0.5274423956871033,0.7107180953025818,0.37461355328559875,0.6558390259742737,0.30564144253730774,0.5914304852485657,0.2652583122253418,0.767928957939148,0.5711380839347839,0.759762167930603,0.4039067029953003,0.6958334445953369,0.3493730127811432,0.6297181248664856,0.3112768232822418,0.8031610250473022,0.6455724835395813,0.7503857612609863,0.5733152627944946,0.6969314813613892,0.5297712683677673,0.6483569741249084,0.48326441645622253,Eat
0.6876294612884521,0.9374239444732666,0.6134968996047974,0.8328130841255188,0.56922447681427,0.6667304039001465,0.5345766544342041,0.5534166693687439,0.4892631769180298,0.45492875576019287,0.6735965609550476,0.5277358293533325,0.6431387066841125,0.3989979326725006,0.590573251247406,0.34564316272735596,0.5328977108001709,0.31842172145843506,0.728526771068573,0.5326014161109924,0.7141396403312683,0.3789084255695343,0.6551597714424133,0.31139233708381653,0.5884890556335449,0.2719454765319824,0.773459255695343,0.5757758021354675,0.7625812292098999,0.4058244228363037,0.6979011297225952,0.34483736753463745,0.6315056681632996,0.299804151058197,0.8031763434410095,0.6472830176353455,0.7475077509880066,0.5741565227508545,0.692503035068512,0.5281200408935547,0.6429827809333801,0.47801050543785095,Eat
0.6961956024169922,0.9343499541282654,0.6237274408340454,0.8044494986534119,0.5828184485435486,0.6444889307022095,0.5429375767707825,0.5421274304389954,0.4947511553764343,0.4539450705051422,0.7082200646400452,0.5177374482154846,0.6862924695014954,0.39068448543548584,0.6311254501342773,0.3313155472278595,0.5721322298049927,0.3032459020614624,0.7602986693382263,0.5312951803207397,0.7455168962478638,0.3755878210067749,0.6740894317626953,0.3101748526096344,0.5994859337806702,0.28254979848861694,0.7975467443466187,0.5784404277801514,0.7650460004806519,0.4294590353965759,0.6878049969673157,0.37140998244285583,0.6158943772315979,0.3345996141433716,0.8112391233444214,0.6506949663162231,0.737259030342102,0.589066743850708,0.6718499660491943,0.5483137965202332,0.6180753707885742,0.5069574117660522,Eat
0.6980059742927551,0.9255630970001221,0.6255922317504883,0.8026737570762634,0.5857375860214233,0.646497905254364,0.5451294183731079,0.5442876219749451,0.4974880814552307,0.45632272958755493,0.7143336534500122,0.5169658660888672,0.7140107154846191,0.38217693567276,0.6595614552497864,0.3170205056667328,0.601131796836853,0.2854541838169098,0.7643904685974121,0.5359153747558594,0.757068932056427,0.3724901080131531,0.6814499497413635,0.3067750930786133,0.6068215370178223,0.2782820761203766,0.7975154519081116,0.5834714770317078,0.7632856965065002,0.4302207827568054,0.6804396510124207,0.3734838366508484,0.6071412563323975,0.3372862935066223,0.8067420721054077,0.6519313454627991,0.7294262051582336,0.5792917609214783,0.6670011281967163,0.5366077423095703,0.6186991930007935,0.49582087993621826,Eat
0.7032541632652283,0.9264553189277649,0.6315184831619263,0.8004240989685059,0.5918599367141724,0.6458669900894165,0.5475614070892334,0.544647216796875,0.4987694025039673,0.4577189087867737,0.738311767578125,0.5245224833488464,0.7394317984580994,0.38599488139152527,0.6796179413795471,0.3183084726333618,0.6162018775939941,0.28618407249450684,0.7846786975860596,0.5451282858848572,0.7722752094268799,0.3718559443950653,0.6907932758331299,0.3059517443180084,0.6132975816726685,0.2808280885219574,0.8110537528991699,0.5917311310768127,0.762458086013794,0.43582215905189514,0.676855206489563,0.3770185708999634,0.6026367545127869,0.3416423797607422,0.8086621165275574,0.6570758819580078,0.7198678255081177,0.5793991684913635,0.6569162607192993,0.5389901995658875,0.6090610027313232,0.5047557353973389,Eat
0.707149863243103,0.9204943180084229,0.63621586561203,0.7946262359619141,0.5973036885261536,0.646670937538147,0.5538398027420044,0.5468658208847046,0.50645911693573,0.45778337121009827,0.7313417196273804,0.5137308835983276,0.7258420586585999,0.3781505227088928,0.6659177541732788,0.3159334361553192,0.6044186353683472,0.2891286015510559,0.7809853553771973,0.5340182781219482,0.7713766694068909,0.36545777320861816,0.6909778714179993,0.30075713992118835,0.6136197447776794,0.2746436595916748,0.8111363649368286,0.5830163359642029,0.7686738967895508,0.42737776041030884,0.68120938539505,0.376711905002594,0.6057432889938354,0.34875404834747314,0.8120853304862976,0.6526921987533569,0.7202338576316833,0.5800010561943054,0.6564821004867554,0.5436328053474426,0.6092736721038818,0.5136358737945557,Eat
0.7160469889640808,0.923538088798523,0.6419004797935486,0.7893079519271851,0.6006550788879395,0.6365887522697449,0.5531928539276123,0.5383991599082947,0.5064259171485901,0.45115965604782104,0.7492267489433289,0.5220658183097839,0.7419472932815552,0.3820570707321167,0.6829978823661804,0.3162011504173279,0.6219654083251953,0.2869236469268799,0.7951987981796265,0.5451977849006653,0.785581648349762,0.3723044991493225,0.7012417912483215,0.3043403923511505,0.6204278469085693,0.28025439381599426,0.8201808929443359,0.5924867987632751,0.7752436399459839,0.4375045597553253,0.6884733438491821,0.38107001781463623,0.6141029000282288,0.350803017616272,0.8132252097129822,0.6566981673240662,0.7151594161987305,0.5846812129020691,0.6508920192718506,0.5455167293548584,0.6039674878120422,0.5146388411521912,Eat
0.7204950451850891,0.9219938516616821,0.648714005947113,0.7838444709777832,0.6045446395874023,0.6323844790458679,0.5538166761398315,0.5335395336151123,0.509018063545227,0.4453762173652649,0.7628344893455505,0.5165606141090393,0.7500990629196167,0.37409818172454834,0.6871200799942017,0.31058624386787415,0.6224657297134399,0.28336474299430847,0.8075894713401794,0.5414243340492249,0.7904810309410095,0.36474594473838806,0.7018156051635742,0.30201295018196106,0.6187673211097717,0.2825179994106293,0.8288325071334839,0.590609610080719,0.7770327925682068,0.43445688486099243,0.687610924243927,0.3803822994232178,0.610307514667511,0.3532177209854126,0.8154160380363464,0.6562129855155945,0.7096606492996216,0.5811904072761536,0.6409136056900024,0.5403535962104797,0.5889393091201782,0.5094949007034302,Eat
0.7281121015548706,0.9161527156829834,0.6547814607620239,0.7740275859832764,0.6138321161270142,0.624569296836853,0.5643409490585327,0.5302779078483582,0.521835207939148,0.44454607367515564,0.7632880806922913,0.5146244168281555,0.756321907043457,0.36828696727752686,0.6968321800231934,0.30348339676856995,0.6330309510231018,0.2748480439186096,0.8090194463729858,0.541598916053772,0.794398844242096,0.3641146719455719,0.706428587436676,0.3014157712459564,0.6221836805343628,0.28137269616127014,0.8328659534454346,0.5898550748825073,0.783208429813385,0.4346984624862671,0.6950863003730774,0.3804175853729248,0.6167037487030029,0.3570166230201721,0.8231600522994995,0.6528143286705017,0.7172855138778687,0.5800786018371582,0.648823082447052,0.5418626666069031,0.5958760976791382,0.5183451175689697,Eat
0.7288358211517334,0.9151321649551392,0.6575679779052734,0.7777931690216064,0.6178017258644104,0.6273179650306702,0.5699599981307983,0.5332032442092896,0.5267664194107056,0.4487144351005554,0.7714436650276184,0.5169117450714111,0.7664024829864502,0.36876487731933594,0.7024609446525574,0.3045213222503662,0.6358076930046082,0.2797950506210327,0.8153380751609802,0.5433597564697266,0.8044005632400513,0.36570483446121216,0.7134160399436951,0.3018791675567627,0.6286165714263916,0.28307464718818665,0.8366958498954773,0.5908147096633911,0.7905663847923279,0.4334632158279419,0.6994890570640564,0.3806515038013458,0.6212291121482849,0.35924094915390015,0.8241188526153564,0.6529250144958496,0.7195225954055786,0.5767900943756104,0.649432361125946,0.5398560166358948,0.5970203876495361,0.5176578760147095,Eat
0.7369915843009949,0.9123786687850952,0.663898766040802,0.7732596397399902,0.6248103976249695,0.6245407462120056,0.5796769261360168,0.5330622792243958,0.5388603210449219,0.4492036700248718,0.7755926847457886,0.5021053552627563,0.762347936630249,0.3619324266910553,0.6973269581794739,0.30372536182403564,0.6324873566627502,0.28003111481666565,0.8238295912742615,0.5303270816802979,0.8111869692802429,0.3599786162376404,0.7191304564476013,0.29842767119407654,0.6350167393684387,0.27926239371299744,0.8466460108757019,0.583363950252533,0.8042994141578674,0.4273868799209595,0.7096561789512634,0.37845098972320557,0.6300625801086426,0.3584836721420288,0.8324298858642578,0.6507086753845215,0.7251682281494141,0.5813118815422058,0.6515865921974182,0.5453068017959595,0.5972838401794434,0.5193346738815308,Eat
0.7342641353607178,0.9115341901779175,0.6615293622016907,0.7737702131271362,0.6212131381034851,0.6206517219543457,0.5781320929527283,0.527747392654419,0.540584921836853,0.4427593946456909,0.7716096639633179,0.5066685080528259,0.7632583379745483,0.3631365895271301,0.6960253715515137,0.3060445487499237,0.62816321849823,0.28882694244384766,0.8174146413803101,0.5358887314796448,0.8116459250450134,0.36420267820358276,0.7198284864425659,0.30187535285949707,0.6354785561561584,0.2868698239326477,0.8404048681259155,0.5866292715072632,0.8057911396026611,0.4300764203071594,0.7139703631401062,0.37981754541397095,0.6367572546005249,0.3621107339859009,0.829821765422821,0.6514611840248108,0.7284776568412781,0.581699013710022,0.6552307605743408,0.5431631803512573,0.6014761924743652,0.5158336758613586,Eat
0.7338882684707642,0.9099997878074646,0.660476803779602,0.7771931886672974,0.6195371747016907,0.6253146529197693,0.5765281915664673,0.5345326662063599,0.539045512676239,0.44946804642677307,0.769088089466095,0.5072948932647705,0.7640104293823242,0.3602932095527649,0.6974509358406067,0.30008259415626526,0.6297308802604675,0.28033649921417236,0.8148757815361023,0.5354172587394714,0.8096916675567627,0.36360830068588257,0.7174093127250671,0.29902878403663635,0.6331623792648315,0.28179240226745605,0.8372675180435181,0.5857834815979004,0.8007282018661499,0.4299080967903137,0.7075775861740112,0.37814801931381226,0.6300535202026367,0.35865074396133423,0.8261175155639648,0.6502466201782227,0.7242898941040039,0.581558346748352,0.6516412496566772,0.5428396463394165,0.5995566248893738,0.5152543783187866,Eat
0.7338944673538208,0.9110711812973022,0.6598517298698425,0.7775834798812866,0.6171201467514038,0.6238445043563843,0.572431206703186,0.5331933498382568,0.5344009399414062,0.4484458267688751,0.7673689126968384,0.5025798082351685,0.7572876214981079,0.35734823346138,0.6876645088195801,0.29996901750564575,0.6182284355163574,0.2826928198337555,0.8148756623268127,0.5304640531539917,0.8059667348861694,0.3591119050979614,0.7118574976921082,0.29674679040908813,0.6268548369407654,0.282025009393692,0.8387326598167419,0.5824447870254517,0.7999215126037598,0.4279125928878784,0.7050571441650391,0.379197359085083,0.6266438961029053,0.3623735308647156,0.8289977312088013,0.6501558423042297,0.7296372652053833,0.5855844616889954,0.657557487487793,0.5503549575805664,0.6052518486976624,0.5251786708831787,Eat
0.7337905168533325,0.9113284349441528,0.6600998640060425,0.7809015512466431,0.6178417205810547,0.629136323928833,0.5738104581832886,0.5376496911048889,0.5344797372817993,0.45124897360801697,0.7671116590499878,0.5041037201881409,0.7571942210197449,0.3580639064311981,0.6889298558235168,0.3002312183380127,0.6194404363632202,0.2822924852371216,0.8139979839324951,0.5306931138038635,0.8039166927337646,0.3584481179714203,0.7114212512969971,0.2950538098812103,0.6263921856880188,0.2785695195198059,0.8373827934265137,0.5807347893714905,0.7974902987480164,0.4251282215118408,0.7040665745735168,0.37514883279800415,0.6255990862846375,0.3570536971092224,0.8276280760765076,0.6466864943504333,0.7277470827102661,0.5821729302406311,0.6561513543128967,0.5450291633605957,0.6035282611846924,0.5181027054786682,Eat
0.7353143692016602,0.9109163880348206,0.6598207950592041,0.7775601148605347,0.6163379549980164,0.6233600974082947,0.5687097311019897,0.531245231628418,0.5272568464279175,0.44492107629776,0.7649327516555786,0.4993467330932617,0.7524455189704895,0.3566654622554779,0.6850706338882446,0.3006095886230469,0.617119312286377,0.28290146589279175,0.8129281997680664,0.5249929428100586,0.8031899929046631,0.3565574884414673,0.7117350101470947,0.2958916425704956,0.6273902058601379,0.27959734201431274,0.8373717665672302,0.5755872130393982,0.7971084117889404,0.42416349053382874,0.704659104347229,0.3758144974708557,0.6269275546073914,0.3567345142364502,0.828451931476593,0.6422346830368042,0.72716224193573,0.5785523653030396,0.6545339822769165,0.5424751043319702,0.6003331542015076,0.5156756043434143,Eat
0.7363156676292419,0.9131052494049072,0.6621965765953064,0.7785122394561768,0.6193720102310181,0.6241409778594971,0.5729605555534363,0.5318160653114319,0.5309934616088867,0.4468291401863098,0.7705652117729187,0.5028777718544006,0.759093165397644,0.35592159628868103,0.6901930570602417,0.29876068234443665,0.6200410723686218,0.280972957611084,0.8170352578163147,0.5286293029785156,0.8052871227264404,0.35660409927368164,0.711408257484436,0.2950727939605713,0.6256896257400513,0.27880361676216125,0.8399173021316528,0.5786453485488892,0.7997263669967651,0.4219745397567749,0.7049068808555603,0.37472906708717346,0.6254329681396484,0.3572334051132202,0.8293861746788025,0.6448094844818115,0.7305135130882263,0.5765814781188965,0.6582220792770386,0.5401143431663513,0.6045196056365967,0.512925922870636,Eat
0.7381450533866882,0.9148797392845154,0.6620154976844788,0.7781621217727661,0.6187447905540466,0.6244910955429077,0.5708261132240295,0.5329824686050415,0.5293713212013245,0.44643011689186096,0.7704258561134338,0.5037859678268433,0.7633988857269287,0.35455209016799927,0.6942554712295532,0.29592618346214294,0.6237050294876099,0.2790989577770233,0.8168928623199463,0.531971275806427,0.807269275188446,0.3575688600540161,0.7119696140289307,0.2961066663265228,0.6260623335838318,0.2810620367527008,0.8395708203315735,0.5826765894889832,0.7989779710769653,0.42450854182243347,0.7044522762298584,0.37568747997283936,0.6257781386375427,0.3583161234855652,0.8292760848999023,0.6487086415290833,0.72769695520401,0.5763076543807983,0.6546152830123901,0.5376092195510864,0.6004815697669983,0.5100729465484619,Eat
0.7293838262557983,0.9190788865089417,0.655022919178009,0.787579357624054,0.6144858598709106,0.6365195512771606,0.570768415927887,0.5402137041091919,0.5284129977226257,0.4543571472167969,0.7516853213310242,0.5148295164108276,0.7535417079925537,0.3689185678958893,0.6879403591156006,0.30926233530044556,0.6199443936347961,0.2881324887275696,0.7973012924194336,0.5375083088874817,0.8013796210289001,0.3662523329257965,0.7114408016204834,0.30273866653442383,0.6277002692222595,0.2859606444835663,0.8246184587478638,0.5838385820388794,0.8012290596961975,0.4333385229110718,0.7078335285186768,0.3863626718521118,0.6280888915061951,0.3717854917049408,0.8252292275428772,0.6492738127708435,0.7411681413650513,0.589474618434906,0.6709449887275696,0.5568625926971436,0.6172582507133484,0.5348238945007324,Eat
0.7248488664627075,0.9089769124984741,0.6506702899932861,0.7766681909561157,0.6085147261619568,0.6241449117660522,0.5625904202461243,0.5314850807189941,0.5212628841400146,0.44968539476394653,0.7509134411811829,0.5057082176208496,0.753544807434082,0.36095529794692993,0.6891968846321106,0.30281779170036316,0.6229786276817322,0.2831021845340729,0.799776554107666,0.5331342816352844,0.8027392029762268,0.3653094470500946,0.7109224796295166,0.3016955256462097,0.6263680458068848,0.2841719090938568,0.827275812625885,0.5842807292938232,0.7978526949882507,0.43264293670654297,0.7008575797080994,0.3885243237018585,0.6202309727668762,0.37522146105766296,0.8236613273620605,0.6515301465988159,0.7257806658744812,0.5906462073326111,0.6512427926063538,0.5615191459655762,0.5976771116256714,0.5416663885116577,Eat
0.7212491631507874,0.9115282297134399,0.6453328132629395,0.7766565084457397,0.6047531962394714,0.6254728436470032,0.5593641400337219,0.5334819555282593,0.5199341177940369,0.45090603828430176,0.7481133341789246,0.4996582865715027,0.7385082244873047,0.3620334267616272,0.6714940071105957,0.3074917495250702,0.6043412089347839,0.28992244601249695,0.7982918620109558,0.5279987454414368,0.7925068736076355,0.3636646270751953,0.7011964321136475,0.30188223719596863,0.6172593832015991,0.28283971548080444,0.8268107771873474,0.5820339918136597,0.7935101985931396,0.43254315853118896,0.6970009207725525,0.38690975308418274,0.6159468293190002,0.3707720637321472,0.8225822448730469,0.6526267528533936,0.7203208208084106,0.5901567339897156,0.6433491706848145,0.559943675994873,0.5866067409515381,0.5391820073127747,Eat
0.7202069759368896,0.9164788722991943,0.6419734954833984,0.7804164886474609,0.6004156470298767,0.6295403242111206,0.5546661615371704,0.5369908809661865,0.5159801840782166,0.4551747143268585,0.7497803568840027,0.5074829459190369,0.7441210746765137,0.36366885900497437,0.677420437335968,0.30591437220573425,0.6097195744514465,0.2880361080169678,0.7985251545906067,0.5366033315658569,0.7947524785995483,0.3665791153907776,0.701509416103363,0.30525949597358704,0.6163526773452759,0.29010120034217834,0.825564444065094,0.5903717875480652,0.7927898168563843,0.43556633591651917,0.6956733465194702,0.39127016067504883,0.6146888732910156,0.3786171078681946,0.819531261920929,0.6602867841720581,0.7163565754890442,0.5942521095275879,0.6372519731521606,0.5625424981117249,0.5795540809631348,0.5418209433555603,Eat
0.7192295789718628,0.9240187406539917,0.6421023011207581,0.7866306304931641,0.6005611419677734,0.6357114911079407,0.5538834929466248,0.5422987937927246,0.515418529510498,0.4585530459880829,0.7526699304580688,0.5142769813537598,0.7408701777458191,0.3719550371170044,0.672511875629425,0.31403857469558716,0.6048545241355896,0.2954198718070984,0.8005092144012451,0.5423251390457153,0.7936956882476807,0.37056511640548706,0.700149655342102,0.30804944038391113,0.6146963238716125,0.2898913621902466,0.8260269165039062,0.5950945019721985,0.7894300818443298,0.44003817439079285,0.6932308673858643,0.39184844493865967,0.6126900911331177,0.3739068806171417,0.8173105716705322,0.6632735133171082,0.708892285823822,0.5950504541397095,0.6286346316337585,0.5582714676856995,0.5691384673118591,0.5319085121154785,Eat
0.7020077705383301,0.9506977796554565,0.6296401023864746,0.8168963193893433,0.5882465243339539,0.6594067811965942,0.5418883562088013,0.5607360005378723,0.5010734796524048,0.47369813919067383,0.7379321455955505,0.5414230227470398,0.7154181003570557,0.4003722071647644,0.646461546421051,0.33927828073501587,0.5777077078819275,0.31593582034111023,0.788976788520813,0.5633999109268188,0.776127815246582,0.392568439245224,0.6853963732719421,0.3265254497528076,0.6012513637542725,0.3039022982120514,0.8189575672149658,0.6160207986831665,0.7850925326347351,0.46378323435783386,0.6879822015762329,0.41136634349823,0.6069772839546204,0.38642656803131104,0.8176455497741699,0.6882845163345337,0.7215878367424011,0.6397154331207275,0.6456166505813599,0.6104754209518433,0.5891556143760681,0.586812436580658,Eat
0.7002285718917847,0.9481949806213379,0.6259309649467468,0.8185067176818848,0.5835487246513367,0.6601151823997498,0.537260890007019,0.558987557888031,0.4961394667625427,0.4708845317363739,0.7196722626686096,0.5339828133583069,0.7150346636772156,0.3896399736404419,0.6499761343002319,0.3285910189151764,0.5837593674659729,0.3045964539051056,0.7744988203048706,0.5605586171150208,0.7766811847686768,0.3904424011707306,0.6886746287345886,0.32313594222068787,0.6062456369400024,0.2989742159843445,0.8082934617996216,0.618092954158783,0.7864587306976318,0.4606130123138428,0.6874388456344604,0.41190361976623535,0.6041427850723267,0.39277076721191406,0.8127908706665039,0.6948897838592529,0.7199573516845703,0.630317211151123,0.6411814093589783,0.5996537804603577,0.5820609331130981,0.5784474015235901,Eat
0.7008262276649475,0.9506078958511353,0.6260167360305786,0.822272002696991,0.5839184522628784,0.661491870880127,0.5364575982093811,0.561001718044281,0.49268579483032227,0.47338277101516724,0.717210590839386,0.5395945906639099,0.7099924087524414,0.3924202024936676,0.6470049023628235,0.33064210414886475,0.5824100971221924,0.3038964867591858,0.7724952101707458,0.5641982555389404,0.7754067778587341,0.39177799224853516,0.6863011717796326,0.32494714856147766,0.6013349890708923,0.30187419056892395,0.8078632950782776,0.6206873655319214,0.7875646352767944,0.46370869874954224,0.6884474158287048,0.41862496733665466,0.6044681072235107,0.401614785194397,0.8148264288902283,0.6973016858100891,0.7290756702423096,0.6413215398788452,0.651160478591919,0.6143696904182434,0.5919800996780396,0.5933887362480164,Eat
0.7009921669960022,0.9521246552467346,0.6255660653114319,0.8248956203460693,0.5823566317558289,0.6647642254829407,0.5350468754768372,0.5636802315711975,0.49134692549705505,0.4749811887741089,0.7151742577552795,0.5412482619285583,0.7080830931663513,0.3935450613498688,0.6420060396194458,0.3321535587310791,0.5759205222129822,0.30779963731765747,0.7712579965591431,0.5659824013710022,0.7763773202896118,0.39193618297576904,0.684879720211029,0.3253101706504822,0.5992950201034546,0.3042949438095093,0.8065466284751892,0.6226267218589783,0.7873556017875671,0.46180203557014465,0.6871762871742249,0.4171145558357239,0.603940486907959,0.4018675684928894,0.8129236698150635,0.6992141008377075,0.7219531536102295,0.6403464078903198,0.6416864991188049,0.6112870573997498,0.5824363231658936,0.588835597038269,Eat
0.6992673277854919,0.9549068212509155,0.6248548626899719,0.8284828066825867,0.5830906629562378,0.6668814420700073,0.5376904606819153,0.5652185082435608,0.4900854825973511,0.4773494005203247,0.718910276889801,0.5436572432518005,0.7131115198135376,0.3963364362716675,0.6481397151947021,0.33273473381996155,0.5824057459831238,0.30657973885536194,0.7748944163322449,0.5674789547920227,0.7752419710159302,0.3960169553756714,0.6831865906715393,0.3289605975151062,0.598353385925293,0.306598961353302,0.810990571975708,0.6227820515632629,0.7868149280548096,0.4647146463394165,0.6878437399864197,0.4208884835243225,0.6064397692680359,0.4047185778617859,0.8189690709114075,0.698843240737915,0.724719762802124,0.6465706825256348,0.6491177082061768,0.6216221451759338,0.5951847434043884,0.6009722352027893,Eat
0.7000821232795715,0.9585432410240173,0.6251873970031738,0.8323601484298706,0.583445131778717,0.6725448966026306,0.53792405128479,0.5727370977401733,0.4912351369857788,0.48504939675331116,0.7070491313934326,0.5450689196586609,0.6909853219985962,0.4098966121673584,0.6227816343307495,0.35319045186042786,0.5577747821807861,0.3311862051486969,0.7689864039421082,0.5634874105453491,0.771854043006897,0.39562708139419556,0.6839394569396973,0.33043935894966125,0.603008508682251,0.30580106377601624,0.8106551766395569,0.6175993084907532,0.7908948659896851,0.4611831605434418,0.6923884153366089,0.42029309272766113,0.612152636051178,0.4041583836078644,0.8232887387275696,0.6948624849319458,0.7270880341529846,0.6450788378715515,0.6516171097755432,0.6217300891876221,0.5990893244743347,0.6005798578262329,Eat
0.7044321298599243,0.9656065702438354,0.6312921047210693,0.8359899520874023,0.5872585773468018,0.6730443835258484,0.5394070148468018,0.5715172290802002,0.4887302815914154,0.4846334457397461,0.7245318293571472,0.5493776202201843,0.7025060057640076,0.41608500480651855,0.6328544616699219,0.36091065406799316,0.5638391375541687,0.33821678161621094,0.7829656004905701,0.5682533383369446,0.7733067870140076,0.40638577938079834,0.6848042011260986,0.341504842042923,0.602855920791626,0.31364724040031433,0.8219043612480164,0.6233519315719604,0.7932261228561401,0.4703925848007202,0.6970615386962891,0.42801791429519653,0.6175023913383484,0.4066448211669922,0.8322051763534546,0.7019878625869751,0.7390011548995972,0.6532947421073914,0.6662945747375488,0.6285822987556458,0.6140891313552856,0.6034404635429382,Eat
0.7022842764854431,0.9687680602073669,0.6313902139663696,0.8445243239402771,0.5892689228057861,0.6848990321159363,0.5431128144264221,0.5822384357452393,0.49143046140670776,0.49209141731262207,0.7270073294639587,0.5585134625434875,0.7088202238082886,0.42121368646621704,0.6382308006286621,0.3631039261817932,0.5679413080215454,0.3405224680900574,0.7853219509124756,0.5792250633239746,0.7784867882728577,0.41261276602745056,0.6909299492835999,0.3459250330924988,0.6094087958335876,0.3191436529159546,0.823078453540802,0.6349895000457764,0.7925934791564941,0.4794417917728424,0.6988931894302368,0.43252187967300415,0.621056079864502,0.4081030786037445,0.832586944103241,0.7141030430793762,0.7411406636238098,0.6599140167236328,0.6721920967102051,0.6279136538505554,0.6226547360420227,0.5970963835716248,Eat
0.7214398384094238,0.9633714556694031,0.6566012501716614,0.8382178544998169,0.6160309910774231,0.6791068911552429,0.5666720867156982,0.5770819187164307,0.5112087726593018,0.4931214451789856,0.7398909330368042,0.5606018900871277,0.7335854768753052,0.42238014936447144,0.6705337762832642,0.3687249422073364,0.6044259667396545,0.34793829917907715,0.7994874715805054,0.5827224850654602,0.7926797866821289,0.4199239909648895,0.7094729542732239,0.36028191447257996,0.6317787170410156,0.33662480115890503,0.8403759002685547,0.6383898854255676,0.8202158212661743,0.4882621765136719,0.7281360626220703,0.4463203549385071,0.6478689908981323,0.4253506660461426,0.8548845052719116,0.7158637046813965,0.775876522064209,0.6591821908950806,0.7054817080497742,0.6341924667358398,0.6504912972450256,0.6089960932731628,Eat
0.724579930305481,0.9623525142669678,0.6561199426651001,0.8366736769676208,0.6192911863327026,0.6797203421592712,0.5735414624214172,0.5767810940742493,0.519664466381073,0.4900892376899719,0.7399213314056396,0.561138391494751,0.7327011227607727,0.42515692114830017,0.6742594242095947,0.3695085346698761,0.6112986207008362,0.34479445219039917,0.7983826994895935,0.5843642950057983,0.7983652949333191,0.4247637987136841,0.7191433906555176,0.36318057775497437,0.6410601139068604,0.33629685640335083,0.8399619460105896,0.6411105990409851,0.8275817632675171,0.4906613826751709,0.7355626821517944,0.4510902166366577,0.6541215777397156,0.43108293414115906,0.8568957448005676,0.7197268605232239,0.7934213876724243,0.6537314653396606,0.7242352962493896,0.6277053952217102,0.6689942479133606,0.6027713418006897,Eat
0.7247446775436401,0.9562111496925354,0.6574829816818237,0.8322544097900391,0.6227485537528992,0.6721161007881165,0.5797630548477173,0.570919930934906,0.5277373790740967,0.48770812153816223,0.7462455034255981,0.5539474487304688,0.7363967299461365,0.42071449756622314,0.6793844103813171,0.3674277365207672,0.6184422373771667,0.3456173539161682,0.804436206817627,0.57761549949646,0.8021668195724487,0.42153942584991455,0.7235562801361084,0.36119741201400757,0.6459357738494873,0.3346741795539856,0.8457553386688232,0.634709358215332,0.8288748860359192,0.48981231451034546,0.7377509474754333,0.447348028421402,0.6573261022567749,0.42364412546157837,0.8628290891647339,0.712813675403595,0.7957462668418884,0.6491259336471558,0.7259095311164856,0.6248635053634644,0.6699957251548767,0.6007816791534424,Eat
0.7275145649909973,0.9607591032981873,0.6601335406303406,0.8376331329345703,0.6238130331039429,0.6809148192405701,0.5805996656417847,0.5784980058670044,0.530860960483551,0.4884687662124634,0.7446727156639099,0.5586386322975159,0.7295783758163452,0.42863863706588745,0.6723223924636841,0.3750201463699341,0.6112303137779236,0.35235682129859924,0.8041204810142517,0.5804892778396606,0.8052616119384766,0.4238455295562744,0.7310246229171753,0.36080339550971985,0.6556493639945984,0.3332657217979431,0.8455620408058167,0.6388624310493469,0.8329676985740662,0.4910060167312622,0.7443667054176331,0.4480248689651489,0.6656372547149658,0.423554927110672,0.8622540235519409,0.7200062870979309,0.7983810901641846,0.6521955132484436,0.7294103503227234,0.6241900324821472,0.6738032102584839,0.5970224142074585,Eat
0.7256616353988647,0.9592183828353882,0.6591656804084778,0.8375235199928284,0.624586284160614,0.6798168420791626,0.5838642120361328,0.5778475403785706,0.5347970724105835,0.4877915382385254,0.7465254068374634,0.5583029985427856,0.7330003380775452,0.4281386137008667,0.6746074557304382,0.3751451075077057,0.6134451031684875,0.3532259464263916,0.8052154183387756,0.5805426836013794,0.8054952621459961,0.4225790798664093,0.7281286716461182,0.36114513874053955,0.6517739295959473,0.33557799458503723,0.8457903861999512,0.637416660785675,0.8323081135749817,0.48962080478668213,0.742652952671051,0.4450490176677704,0.6640822887420654,0.41954201459884644,0.861894965171814,0.716080904006958,0.7947078347206116,0.651549220085144,0.7265188694000244,0.6232595443725586,0.6731022000312805,0.5950264930725098,Eat
0.7154107689857483,0.9722377061843872,0.64703768491745,0.8533567190170288,0.6132558584213257,0.6936626434326172,0.5740103721618652,0.5863130688667297,0.524522066116333,0.4909323751926422,0.727624773979187,0.5643991231918335,0.7185481786727905,0.43771252036094666,0.662532389163971,0.383249431848526,0.6002161502838135,0.3540421426296234,0.7847310304641724,0.5825343728065491,0.788831889629364,0.42973095178604126,0.7183912396430969,0.3661898076534271,0.6444519758224487,0.33312612771987915,0.8274632096290588,0.6354758739471436,0.820279061794281,0.4904576539993286,0.7362254858016968,0.44502878189086914,0.6584727764129639,0.4156970977783203,0.8492777347564697,0.7132669687271118,0.7917303442955017,0.6524395942687988,0.7301038503646851,0.6232798099517822,0.6794769763946533,0.5934898853302002,Eat
0.712353527545929,0.9715271592140198,0.6433624029159546,0.8523604869842529,0.6076192259788513,0.6899837851524353,0.5696492195129395,0.5820846557617188,0.5199447870254517,0.48939305543899536,0.7276971936225891,0.5590634346008301,0.7168791890144348,0.43142423033714294,0.663226842880249,0.3786533772945404,0.602257490158081,0.3524587154388428,0.7859287261962891,0.5775627493858337,0.7833604216575623,0.4306938052177429,0.7122070789337158,0.37275707721710205,0.6390595436096191,0.3401157259941101,0.8289780020713806,0.632573127746582,0.8248794078826904,0.48497527837753296,0.7411859631538391,0.4357861280441284,0.6629676222801208,0.39957499504089355,0.8518041968345642,0.7131264805793762,0.7918548583984375,0.6520975232124329,0.7236596345901489,0.6264373660087585,0.667015790939331,0.5945726633071899,Eat
0.7095679044723511,0.9712730646133423,0.6407017707824707,0.8523886203765869,0.6053832173347473,0.6907431483268738,0.5664779543876648,0.5841543674468994,0.5151774883270264,0.49355244636535645,0.7249979376792908,0.5585329532623291,0.7027159333229065,0.43869954347610474,0.6476330757141113,0.3889353573322296,0.5869781970977783,0.36108458042144775,0.7856643795967102,0.5744421482086182,0.7786754369735718,0.4304542541503906,0.7095720171928406,0.3728645443916321,0.6375954151153564,0.3390740156173706,0.8297474980354309,0.6303963661193848,0.8237568736076355,0.4851452112197876,0.7396893501281738,0.4372466206550598,0.6608694195747375,0.4017426669597626,0.8520652651786804,0.712537407875061,0.7895575761795044,0.6523874402046204,0.7205129861831665,0.6282565593719482,0.6627709865570068,0.5984612107276917,Eat
0.7078840136528015,0.9754220247268677,0.638490617275238,0.8580080270767212,0.6033995747566223,0.6946781873703003,0.5659161806106567,0.5853043794631958,0.5163617730140686,0.48969703912734985,0.7216780185699463,0.5608282089233398,0.7008680105209351,0.4398663640022278,0.6479620933532715,0.3885926604270935,0.5883893966674805,0.35825154185295105,0.7833250761032104,0.5769725441932678,0.7759302258491516,0.4331446886062622,0.7100396156311035,0.3744064271450043,0.6397873163223267,0.33882468938827515,0.8291425108909607,0.6330332159996033,0.8247010707855225,0.4880717396736145,0.743007481098175,0.4376416802406311,0.6642574071884155,0.3995247483253479,0.8550816774368286,0.7154845595359802,0.7944489121437073,0.652397871017456,0.7249611020088196,0.626388669013977,0.6652950048446655,0.5957455635070801,Eat
0.7052366137504578,0.9746391177177429,0.6363207697868347,0.8648072481155396,0.6011610627174377,0.6987411379814148,0.5677090883255005,0.5866528749465942,0.5206601619720459,0.4907212257385254,0.7150183916091919,0.564253032207489,0.6932290196418762,0.4396507143974304,0.6425135731697083,0.3847166895866394,0.585212230682373,0.35252654552459717,0.7751312851905823,0.5801624059677124,0.7679163813591003,0.43103909492492676,0.70490962266922,0.3665560185909271,0.6347015500068665,0.3315345048904419,0.8212690949440002,0.6365999579429626,0.8200072646141052,0.4899265170097351,0.7430174946784973,0.43312203884124756,0.6662090420722961,0.3925442099571228,0.8494119048118591,0.7211135029792786,0.8022075891494751,0.6528024673461914,0.7390487790107727,0.6212988495826721,0.6820464134216309,0.5874660015106201,Eat
0.701775074005127,0.9779144525527954,0.6343092918395996,0.8687422871589661,0.5993964076042175,0.7011924386024475,0.568583607673645,0.588500440120697,0.5220597982406616,0.49119800329208374,0.716587483882904,0.5682623386383057,0.694693922996521,0.4424717426300049,0.6415683031082153,0.3855264484882355,0.5803987979888916,0.3513161838054657,0.7735952734947205,0.5861533284187317,0.7656216025352478,0.4351028800010681,0.7017756700515747,0.3693022131919861,0.6307001113891602,0.3300071060657501,0.817951500415802,0.6438001990318298,0.8153223991394043,0.4899566173553467,0.7400472164154053,0.43047112226486206,0.6638218760490417,0.3838583827018738,0.8468155860900879,0.7291646599769592,0.8036332130432129,0.6563958525657654,0.7458962202072144,0.6214261651039124,0.6927701234817505,0.581322193145752,Eat
0.7057056427001953,0.9827200174331665,0.6328178644180298,0.879431962966919,0.5964773893356323,0.7115393877029419,0.5663013458251953,0.5932725071907043,0.5204068422317505,0.4934529960155487,0.7007327079772949,0.5749061703681946,0.6834741234779358,0.44735461473464966,0.6339986324310303,0.3898959159851074,0.5757659673690796,0.3523983061313629,0.7591664791107178,0.5893028378486633,0.7627919912338257,0.43351075053215027,0.7038125991821289,0.36651933193206787,0.632942795753479,0.3285517990589142,0.8063492774963379,0.6427099704742432,0.8192330598831177,0.48737621307373047,0.7463242411613464,0.4332890510559082,0.6680240035057068,0.3963310420513153,0.8404057621955872,0.7223724722862244,0.8090190291404724,0.6358839869499207,0.7532401084899902,0.6002452373504639,0.698929488658905,0.5668137073516846,Eat
0.7142157554626465,0.996359646320343,0.6307170391082764,0.8987595438957214,0.5892641544342041,0.7377324104309082,0.5704172849655151,0.606914758682251,0.5373945236206055,0.49827492237091064,0.6691104769706726,0.5903550982475281,0.6583968997001648,0.46392208337783813,0.6264566779136658,0.4083133935928345,0.5836372971534729,0.3613203167915344,0.7318387031555176,0.5905452370643616,0.7400199770927429,0.44000428915023804,0.7039192914962769,0.3668387532234192,0.6506500840187073,0.31198352575302124,0.7845824360847473,0.6337276101112366,0.8072209358215332,0.47254177927970886,0.7552868723869324,0.4189125895500183,0.6906817555427551,0.3790638744831085,0.8292397260665894,0.7080549001693726,0.8117771744728088,0.6258530616760254,0.7682433724403381,0.5799048542976379,0.7204393148422241,0.5383734703063965,Eat
0.722309410572052,1.006133794784546,0.6352599263191223,0.9153497815132141,0.5891212821006775,0.7502920031547546,0.5732904672622681,0.6163949966430664,0.5387325286865234,0.5025448799133301,0.662725567817688,0.5997574329376221,0.6459028124809265,0.47406381368637085,0.6150736808776855,0.4158458113670349,0.573399543762207,0.3674159646034241,0.7248135209083557,0.599373459815979,0.7288380265235901,0.4452815353870392,0.6953555345535278,0.3661954700946808,0.6464731097221375,0.3080682158470154,0.7784515619277954,0.6431599259376526,0.7955979108810425,0.47417932748794556,0.7483106255531311,0.4192938506603241,0.6887221336364746,0.3835872411727905,0.8258647918701172,0.7183911800384521,0.8164927959442139,0.6350297927856445,0.7828318476676941,0.582427978515625,0.7430523037910461,0.5360110402107239,Eat
0.7192216515541077,1.017397403717041,0.6312950849533081,0.9284082055091858,0.5857445001602173,0.7580670714378357,0.570956289768219,0.6201757192611694,0.5357591509819031,0.5052270889282227,0.6523284912109375,0.6043917536735535,0.6354705095291138,0.47918277978897095,0.6081213355064392,0.42121830582618713,0.5700768232345581,0.36461395025253296,0.7173552513122559,0.6010827422142029,0.7201551795005798,0.44931498169898987,0.6919469833374023,0.3740842938423157,0.6479828953742981,0.3100665509700775,0.771974503993988,0.6421213746070862,0.7873821258544922,0.47686630487442017,0.7460794448852539,0.41997894644737244,0.6918721199035645,0.3771767020225525,0.8204219937324524,0.7142269015312195,0.8134515881538391,0.6349872946739197,0.7839080095291138,0.5851894617080688,0.7475610375404358,0.5382770299911499,Eat
0.708354651927948,1.0442378520965576,0.6636698842048645,1.0146534442901611,0.6242536306381226,0.9445136189460754,0.5949065685272217,0.8850268721580505,0.5654200315475464,0.8352755904197693,0.6769963502883911,0.8336434364318848,0.6800500154495239,0.7575082778930664,0.6861781477928162,0.721710741519928,0.693720817565918,0.6992908716201782,0.7253819704055786,0.8378214240074158,0.7470196485519409,0.7428543567657471,0.7589701414108276,0.7086270451545715,0.7710058093070984,0.6945751309394836,0.7669254541397095,0.8648825287818909,0.7927366495132446,0.782585859298706,0.8077507615089417,0.7519727349281311,0.8210091590881348,0.7333762049674988,0.8034817576408386,0.9087387919425964,0.8349870443344116,0.8536564707756042,0.8553898334503174,0.8252179622650146,0.8712673187255859,0.8034641742706299,Hello
0.6690675616264343,0.9866074323654175,0.6118903756141663,0.9187025427818298,0.5706104040145874,0.8296729326248169,0.5395918488502502,0.7626453042030334,0.511292576789856,0.719012439250946,0.6283543705940247,0.7245666980743408,0.6278755068778992,0.646438717842102,0.6312781572341919,0.5941714644432068,0.6365731358528137,0.5486543774604797,0.66795414686203,0.721968948841095,0.6820109486579895,0.6405220031738281,0.697221040725708,0.5822204947471619,0.7132465243339539,0.5373067855834961,0.7072147130966187,0.7349698543548584,0.7297364473342896,0.6576921343803406,0.7491149306297302,0.601794958114624,0.7681440711021423,0.5560665726661682,0.7433287501335144,0.7658899426460266,0.7730762958526611,0.705200731754303,0.7966408133506775,0.6632517576217651,0.8200881481170654,0.6263889670372009,Hello
0.6505239009857178,0.9362737536430359,0.5843683481216431,0.8878556489944458,0.5319030284881592,0.8018085360527039,0.49647629261016846,0.7323296666145325,0.4636135995388031,0.6889252662658691,0.5944725275039673,0.6810557842254639,0.5821632146835327,0.5911887884140015,0.5743602514266968,0.5347900986671448,0.5700488090515137,0.4884156286716461,0.6383751034736633,0.6762542724609375,0.6461780667304993,0.5790026187896729,0.6539202332496643,0.516543447971344,0.6631919145584106,0.4680391550064087,0.6779720187187195,0.6912261247634888,0.6956808567047119,0.6044731736183167,0.70736163854599,0.5478330850601196,0.7184208631515503,0.5014259815216064,0.7136346697807312,0.7216752171516418,0.7469856142997742,0.6648836731910706,0.7713446617126465,0.6280025243759155,0.7937754392623901,0.5949438214302063,Hello
0.6358822584152222,0.9147106409072876,0.5722839832305908,0.8776266574859619,0.5139285922050476,0.7905114889144897,0.4743453860282898,0.7217082977294922,0.43739980459213257,0.6841071248054504,0.5696960091590881,0.6650670170783997,0.5540487766265869,0.5770101547241211,0.5458477735519409,0.5228183269500732,0.5409201979637146,0.4790595769882202,0.6149070262908936,0.657426118850708,0.6207191348075867,0.5560385584831238,0.628102719783783,0.49712297320365906,0.6358587145805359,0.4528294503688812,0.6578186750411987,0.6699894666671753,0.6690607070922852,0.5800289511680603,0.6791334748268127,0.5258695483207703,0.6891965866088867,0.48207834362983704,0.6970595717430115,0.6992067098617554,0.7256594300270081,0.6417731046676636,0.7498012781143188,0.605945885181427,0.7724486589431763,0.5743390917778015,Hello
0.6208888292312622,0.9023183584213257,0.5546380877494812,0.8673476576805115,0.494173526763916,0.7830355167388916,0.451905757188797,0.717353880405426,0.4148142337799072,0.6800816655158997,0.5491693019866943,0.6554220914840698,0.532498836517334,0.568703293800354,0.5247609615325928,0.5163865685462952,0.5210120677947998,0.47327950596809387,0.5943281054496765,0.6456950902938843,0.5974984765052795,0.5458434820175171,0.60136878490448,0.4860226809978485,0.6063604354858398,0.4392488896846771,0.6371768712997437,0.6562944054603577,0.64900803565979,0.5652369856834412,0.6564408540725708,0.5115023851394653,0.6637188196182251,0.46668243408203125,0.6755164861679077,0.6836665868759155,0.7055322527885437,0.6255629658699036,0.7295570969581604,0.5881013870239258,0.7519162893295288,0.5540612936019897,Hello
0.6033810973167419,0.8963160514831543,0.5347902178764343,0.8631075024604797,0.4724891483783722,0.7749465107917786,0.42998403310775757,0.7110653519630432,0.39260703325271606,0.6771277189254761,0.5296998023986816,0.6443657875061035,0.5126346945762634,0.5590237379074097,0.5035000443458557,0.5070791244506836,0.4967944324016571,0.4653061628341675,0.5754751563072205,0.634589433670044,0.5785669088363647,0.5362356901168823,0.5799071192741394,0.4763314723968506,0.5808429718017578,0.4299340844154358,0.6189064979553223,0.6450735926628113,0.6297444105148315,0.5539006590843201,0.6332964897155762,0.499705970287323,0.6352365016937256,0.45410746335983276,0.6576482653617859,0.6724939942359924,0.6872143149375916,0.6131134629249573,0.7094649076461792,0.5747277140617371,0.7294216752052307,0.5396145582199097,Hello
0.5923733115196228,0.8869068622589111,0.5204617977142334,0.8567650318145752,0.45562389492988586,0.7728146314620972,0.4111418128013611,0.7128847241401672,0.37254881858825684,0.6843181848526001,0.5155798196792603,0.6391230225563049,0.49595075845718384,0.5540317296981812,0.484674334526062,0.5008294582366943,0.47643738985061646,0.4596073031425476,0.5601605772972107,0.6283694505691528,0.5610190033912659,0.5276036858558655,0.5604759454727173,0.46661484241485596,0.5601163506507874,0.42188072204589844,0.6031472682952881,0.6367074847221375,0.6106194257736206,0.5417261123657227,0.6115517616271973,0.48523759841918945,0.611608624458313,0.4400046467781067,0.6425243020057678,0.6604653000831604,0.6716555953025818,0.5982398390769958,0.6932752132415771,0.5576062202453613,0.7130073308944702,0.5227622985839844,Hello
0.5822989344596863,0.8816733360290527,0.5066540837287903,0.8520486354827881,0.4391193985939026,0.7694753408432007,0.39245086908340454,0.7100995779037476,0.3541066646575928,0.6793751120567322,0.5008707046508789,0.638433039188385,0.4788180887699127,0.5528514385223389,0.4675217270851135,0.49946171045303345,0.46002304553985596,0.4570777416229248,0.5464343428611755,0.6242006421089172,0.5466008186340332,0.5225752592086792,0.5467829704284668,0.46082931756973267,0.54840087890625,0.414773166179657,0.5895915627479553,0.6296122074127197,0.5953241586685181,0.5348619222640991,0.596938967704773,0.4775046706199646,0.5987671613693237,0.4303845167160034,0.6291465759277344,0.6509044766426086,0.6578546166419983,0.5888032913208008,0.6809594631195068,0.5481449365615845,0.7028494477272034,0.5126124024391174,Hello
0.5703815817832947,0.8796272277832031,0.494759738445282,0.8519777059555054,0.42727717757225037,0.7716538906097412,0.383907675743103,0.7129073143005371,0.3481798768043518,0.6818088889122009,0.48786523938179016,0.6393415927886963,0.46438512206077576,0.5535778999328613,0.4516054391860962,0.5002185702323914,0.4423927664756775,0.4572124481201172,0.5341863632202148,0.6216515302658081,0.5336310267448425,0.5172866582870483,0.5312052369117737,0.45484596490859985,0.529849112033844,0.4092116355895996,0.577508807182312,0.6240928173065186,0.5836024880409241,0.5266687273979187,0.58331698179245,0.46757304668426514,0.5827726125717163,0.4195675253868103,0.6174717545509338,0.6434923410415649,0.6473516225814819,0.579845666885376,0.6701680421829224,0.5367749929428101,0.6910642385482788,0.4997498393058777,Hello
0.5570290684700012,0.8735777735710144,0.48430466651916504,0.8485211133956909,0.41709911823272705,0.7689484357833862,0.3738514184951782,0.7118936777114868,0.3383132219314575,0.6861306428909302,0.47684574127197266,0.6350252628326416,0.4522830545902252,0.5509992837905884,0.43923652172088623,0.497655987739563,0.43034589290618896,0.45505714416503906,0.523302435874939,0.6156555414199829,0.5228100419044495,0.5118832588195801,0.5205711126327515,0.4491528272628784,0.5190069675445557,0.4040144085884094,0.5665022730827332,0.6168979406356812,0.5720831155776978,0.5205832719802856,0.5706721544265747,0.46117520332336426,0.5685737729072571,0.41347548365592957,0.605663537979126,0.6351761817932129,0.6373943090438843,0.5715570449829102,0.6607968807220459,0.527295708656311,0.6813481450080872,0.48956209421157837,Hello
0.5507877469062805,0.8671470284461975,0.4775826334953308,0.8460386991500854,0.40979769825935364,0.7689546942710876,0.36670780181884766,0.7108102440834045,0.3321555256843567,0.6824730634689331,0.4662501811981201,0.6346352696418762,0.4410605728626251,0.5500844717025757,0.42899301648139954,0.4964452087879181,0.4218830466270447,0.45299264788627625,0.5131800770759583,0.6133705973625183,0.5116658806800842,0.5089436173439026,0.5108017325401306,0.44548898935317993,0.510836124420166,0.399397611618042,0.5576858520507812,0.612969696521759,0.5631266832351685,0.5160136222839355,0.5626645684242249,0.4571363925933838,0.5613217353820801,0.40949252247810364,0.5986160635948181,0.6302478313446045,0.6295962929725647,0.5658351182937622,0.6517484188079834,0.5208455324172974,0.6706738471984863,0.4820202589035034,Hello
0.5454058051109314,0.8671214580535889,0.4722030460834503,0.8450531959533691,0.4056243300437927,0.7666014432907104,0.36395859718322754,0.7094889879226685,0.3290368318557739,0.6827725768089294,0.46097439527511597,0.6339873671531677,0.43441739678382874,0.5491063594818115,0.4213232398033142,0.49520960450172424,0.4130023717880249,0.4506951570510864,0.5078598856925964,0.6116374731063843,0.5065792202949524,0.5070872902870178,0.5054416060447693,0.44365713000297546,0.5044077634811401,0.3963553011417389,0.5514160990715027,0.6105726957321167,0.5578453540802002,0.5139477252960205,0.5583692193031311,0.45520561933517456,0.5573241114616394,0.40563663840293884,0.5905475616455078,0.6275811195373535,0.6219985485076904,0.5642484426498413,0.644875168800354,0.5205135941505432,0.6642417311668396,0.4816131293773651,Hello
0.5366480946540833,0.8504216074943542,0.4615180492401123,0.833397626876831,0.39205920696258545,0.758033275604248,0.3488192558288574,0.7016318440437317,0.31680798530578613,0.6753341555595398,0.4439682364463806,0.621898353099823,0.4174709916114807,0.5414484739303589,0.4042705297470093,0.4903337359428406,0.39550960063934326,0.44874680042266846,0.49054959416389465,0.5989498496055603,0.48711833357810974,0.4952573776245117,0.48499777913093567,0.43417075276374817,0.4832594096660614,0.3914317488670349,0.5354183316230774,0.5987673997879028,0.5382408499717712,0.5028202533721924,0.5358696579933167,0.4428008198738098,0.5329451560974121,0.39419445395469666,0.5776582956314087,0.6167091131210327,0.608461320400238,0.5495918393135071,0.6304646730422974,0.5033289194107056,0.6488845348358154,0.46321678161621094,Hello
0.5370811223983765,0.8519770503044128,0.4623405337333679,0.8337616920471191,0.39398661255836487,0.7589151859283447,0.3505347967147827,0.7047670483589172,0.31585264205932617,0.6822537779808044,0.4432485103607178,0.6229908466339111,0.41691476106643677,0.5409584045410156,0.4036385715007782,0.4909573793411255,0.39395299553871155,0.4481389820575714,0.48910394310951233,0.5976618528366089,0.48671525716781616,0.49482065439224243,0.4847927987575531,0.4322827458381653,0.4822539985179901,0.3868213891983032,0.5329884886741638,0.5944227576255798,0.5382648706436157,0.5001564621925354,0.5384529232978821,0.44227251410484314,0.5363203883171082,0.3934262692928314,0.5731441378593445,0.6098387837409973,0.6048563122749329,0.5443388819694519,0.6273274421691895,0.4991835951805115,0.645844578742981,0.4586772322654724,Hello
0.536624014377594,0.8483796119689941,0.4617135226726532,0.8313964009284973,0.3938271701335907,0.7566018104553223,0.3511505722999573,0.7020936012268066,0.31576815247535706,0.6802582144737244,0.44291621446609497,0.6200282573699951,0.4161317050457001,0.5387197136878967,0.40244942903518677,0.489016592502594,0.3927984833717346,0.44688332080841064,0.4882936179637909,0.5948367714881897,0.4849051833152771,0.491798996925354,0.4823816120624542,0.4285180866718292,0.47970467805862427,0.3825431764125824,0.5320127010345459,0.5919561982154846,0.5369999408721924,0.4972189664840698,0.5370593070983887,0.4395334720611572,0.5349546074867249,0.3910241723060608,0.5722950100898743,0.6076992154121399,0.6044304966926575,0.5423255562782288,0.6272166967391968,0.4976212978363037,0.6461116671562195,0.45768028497695923,Hello
0.538215696811676,0.845265805721283,0.46333083510398865,0.8301501274108887,0.39486056566238403,0.7580040693283081,0.35093551874160767,0.7031409740447998,0.31553173065185547,0.6802372932434082,0.44311389327049255,0.619491457939148,0.41595131158828735,0.5374491214752197,0.40199828147888184,0.48811835050582886,0.39205268025398254,0.44569650292396545,0.48820579051971436,0.5939391851425171,0.4842437207698822,0.49201732873916626,0.48177337646484375,0.4293458163738251,0.4794037342071533,0.38354435563087463,0.5316100716590881,0.5906262397766113,0.5361436605453491,0.49743354320526123,0.5362212657928467,0.43960753083229065,0.5343021750450134,0.3905666768550873,0.5720480680465698,0.6056052446365356,0.6038875579833984,0.5407218337059021,0.6263737678527832,0.49590015411376953,0.6452056169509888,0.4554576277732849,Hello
0.5391828417778015,0.843178391456604,0.4641953706741333,0.8289982080459595,0.3954616189002991,0.7572602033615112,0.3512060046195984,0.7027428150177002,0.3154521584510803,0.6803683042526245,0.44384530186653137,0.6192998886108398,0.4164443910121918,0.5378052592277527,0.40217041969299316,0.4887281656265259,0.39241576194763184,0.4467769265174866,0.4881235659122467,0.5936691761016846,0.483730673789978,0.49200254678726196,0.48070091009140015,0.4293103814125061,0.47815772891044617,0.3834908902645111,0.531397819519043,0.5897205471992493,0.5362966060638428,0.49676012992858887,0.5362379550933838,0.4386371374130249,0.53466796875,0.3894651532173157,0.5716632604598999,0.604372501373291,0.6044561862945557,0.540004551410675,0.6269292831420898,0.4945194721221924,0.646004319190979,0.4532824754714966,Hello
0.5415022969245911,0.8436049222946167,0.46504712104797363,0.8299645781517029,0.3956763744354248,0.7564154863357544,0.3518221378326416,0.7011659145355225,0.31591299176216125,0.6805320382118225,0.44337204098701477,0.6176831126213074,0.4161521792411804,0.5367570519447327,0.4018469750881195,0.48759925365448,0.3919307291507721,0.44550806283950806,0.4884657859802246,0.5923662185668945,0.4847850799560547,0.4912669360637665,0.48194724321365356,0.4286060929298401,0.47977304458618164,0.38291847705841064,0.5323649644851685,0.5889636874198914,0.5381110310554504,0.49702969193458557,0.5383090376853943,0.43913236260414124,0.5371240377426147,0.389893501996994,0.5731675028800964,0.6040949821472168,0.6054442524909973,0.540489912033081,0.6276487112045288,0.4961588978767395,0.6465173959732056,0.45558106899261475,Hello
0.5437443256378174,0.844423770904541,0.4676571786403656,0.8310022354125977,0.39751312136650085,0.7565026879310608,0.3530714511871338,0.7008918523788452,0.3165648579597473,0.6804490685462952,0.44465720653533936,0.6185629367828369,0.4170145094394684,0.5378188490867615,0.40266847610473633,0.488814115524292,0.39284271001815796,0.4465803802013397,0.4896296560764313,0.5928236842155457,0.4853053689002991,0.4920329451560974,0.4825332462787628,0.42922502756118774,0.48058032989501953,0.3831126391887665,0.5335105657577515,0.5890629291534424,0.5387053489685059,0.4972690939903259,0.53905189037323,0.4396287202835083,0.5380406379699707,0.39049339294433594,0.5743882656097412,0.6038002967834473,0.6062050461769104,0.5394278168678284,0.6284268498420715,0.49457359313964844,0.6473951935768127,0.45333796739578247,Hello
0.5452057123184204,0.8461446762084961,0.47027111053466797,0.831341564655304,0.40011152625083923,0.7578732967376709,0.35438525676727295,0.7027355432510376,0.31764736771583557,0.6804873943328857,0.4454590082168579,0.6181293725967407,0.417416512966156,0.5368807911872864,0.40308618545532227,0.4881485104560852,0.39335569739341736,0.4464040994644165,0.49029579758644104,0.5923864841461182,0.4854588210582733,0.491887629032135,0.4826797842979431,0.42950934171676636,0.4804939329624176,0.3840254545211792,0.5345603823661804,0.588317334651947,0.5392928123474121,0.4964370131492615,0.5397670269012451,0.43945151567459106,0.5386766791343689,0.3915592432022095,0.5758520364761353,0.602981686592102,0.6079778075218201,0.5389810800552368,0.6298052072525024,0.4941859245300293,0.6484547257423401,0.45339685678482056,Hello
0.548400342464447,0.8449337482452393,0.4733889698982239,0.8308728933334351,0.4029219150543213,0.7584179043769836,0.35705775022506714,0.7039488554000854,0.32030922174453735,0.6809740662574768,0.4465622901916504,0.6186153888702393,0.4189815819263458,0.5374093055725098,0.4045013189315796,0.4884328246116638,0.3943501114845276,0.44660109281539917,0.4918738603591919,0.5932193994522095,0.4869478940963745,0.4934201240539551,0.4840291738510132,0.4316171705722809,0.4815790355205536,0.38607460260391235,0.5366171002388,0.5893129110336304,0.5409387350082397,0.4981759190559387,0.5410183668136597,0.44141706824302673,0.5395602583885193,0.3932388126850128,0.5783135890960693,0.6038376688957214,0.6091871857643127,0.5403716564178467,0.6305491328239441,0.49620509147644043,0.6488884091377258,0.4557301998138428,Hello
0.5507434606552124,0.8457326292991638,0.47644469141960144,0.8306593894958496,0.40533334016799927,0.7581174373626709,0.3586912155151367,0.7039529085159302,0.3211001753807068,0.6811755299568176,0.44787269830703735,0.6181925535202026,0.41987645626068115,0.5375794172286987,0.4051087498664856,0.4888436794281006,0.39475685358047485,0.4469330906867981,0.49296051263809204,0.5931441783905029,0.4876909852027893,0.4939342141151428,0.4847679138183594,0.4319846034049988,0.4823840260505676,0.3860708475112915,0.5378620624542236,0.5896352529525757,0.541579008102417,0.498638391494751,0.5420090556144714,0.4415794909000397,0.5408654808998108,0.3935578167438507,0.5799675583839417,0.6045340299606323,0.6099852323532104,0.5398623943328857,0.6313214898109436,0.4953540563583374,0.6496080756187439,0.4551105499267578,Hello
0.5543978810310364,0.8453216552734375,0.48038557171821594,0.8308224678039551,0.4084497094154358,0.758156955242157,0.3616701662540436,0.7035176157951355,0.3246736228466034,0.6818192005157471,0.4511977732181549,0.6194941997528076,0.4225967526435852,0.5382030010223389,0.4078276753425598,0.48863279819488525,0.39725813269615173,0.4463742673397064,0.49606451392173767,0.5941490530967712,0.4899739623069763,0.4942142963409424,0.4865644574165344,0.4323124885559082,0.48363247513771057,0.38561344146728516,0.540532112121582,0.59003746509552,0.5429485440254211,0.4983362555503845,0.5431918501853943,0.4408501386642456,0.5419300198554993,0.3922117054462433,0.5827348232269287,0.604142427444458,0.6120645999908447,0.540497362613678,0.6332400441169739,0.49678879976272583,0.6513263583183289,0.4572885036468506,Hello
0.5563569068908691,0.8442202806472778,0.4818825423717499,0.8289005160331726,0.41078096628189087,0.7563464045524597,0.3645901381969452,0.7013320326805115,0.32683178782463074,0.6809111833572388,0.45465120673179626,0.6207382082939148,0.42557451128959656,0.540029764175415,0.4108564555644989,0.48985469341278076,0.40060871839523315,0.44670209288597107,0.49956366419792175,0.5942928791046143,0.493182897567749,0.4939844310283661,0.4890305995941162,0.4313710927963257,0.4855138957500458,0.38413307070732117,0.5442657470703125,0.5895602107048035,0.5465672016143799,0.4969877600669861,0.5460735559463501,0.43926069140434265,0.5444734692573547,0.3907887637615204,0.5865792036056519,0.6042044758796692,0.6163773536682129,0.5411441326141357,0.6375752687454224,0.4970385432243347,0.6556423902511597,0.4576839208602905,Hello
0.559839129447937,0.8434340357780457,0.485857218503952,0.8264561891555786,0.41587716341018677,0.7566086053848267,0.3687698245048523,0.7039668560028076,0.33088499307632446,0.6808793544769287,0.4577495753765106,0.6213584542274475,0.4289320111274719,0.5409460067749023,0.4141334593296051,0.491180419921875,0.40416327118873596,0.44784218072891235,0.5024867653846741,0.5939174294471741,0.4966661036014557,0.4932265877723694,0.4928993880748749,0.4305025041103363,0.4896944463253021,0.38387006521224976,0.5475769639015198,0.5884221792221069,0.5493101477622986,0.49608680605888367,0.5487782955169678,0.43760037422180176,0.5471636652946472,0.38930410146713257,0.5902836918830872,0.6028926968574524,0.620146632194519,0.5389316082000732,0.6410424709320068,0.4943459630012512,0.6588072776794434,0.45539113879203796,Hello
0.5655436515808105,0.8441904783248901,0.4918705224990845,0.826983630657196,0.4208802580833435,0.7560113072395325,0.3739601969718933,0.7029163241386414,0.3347262740135193,0.6806865930557251,0.4631001055240631,0.6210790872573853,0.4336685240268707,0.5414572358131409,0.41879767179489136,0.49122124910354614,0.4080754816532135,0.44730567932128906,0.5082675814628601,0.5937340259552002,0.5018764734268188,0.4937673807144165,0.4974556565284729,0.4313320815563202,0.49337634444236755,0.3840763568878174,0.5531013607978821,0.5885095596313477,0.5558019876480103,0.4959011375904083,0.5545752644538879,0.4378352463245392,0.5517516732215881,0.38884851336479187,0.5951917767524719,0.6031591892242432,0.6256563067436218,0.5408840179443359,0.6466819047927856,0.4972628653049469,0.663910984992981,0.4576597809791565,Hello
0.5716372728347778,0.8423067331314087,0.49740228056907654,0.8264758586883545,0.42531201243400574,0.75472491979599,0.377615749835968,0.7007148265838623,0.3374403119087219,0.6810094714164734,0.46722203493118286,0.6184679269790649,0.4380279779434204,0.536907970905304,0.4231284260749817,0.4859777092933655,0.41242313385009766,0.4419677257537842,0.5128662586212158,0.5923773050308228,0.506997287273407,0.49189335107803345,0.503193736076355,0.42913132905960083,0.49957501888275146,0.3817429542541504,0.5584003329277039,0.5883451700210571,0.5604497194290161,0.4966534972190857,0.5587972402572632,0.43912410736083984,0.5559729337692261,0.3909117579460144,0.6014142036437988,0.6036415100097656,0.6311442852020264,0.5405913591384888,0.6514838933944702,0.49644267559051514,0.6684667468070984,0.4568304419517517,Hello
0.5784874558448792,0.8448503017425537,0.5050211548805237,0.8260818719863892,0.4326494038105011,0.7553979158401489,0.38466089963912964,0.7013081908226013,0.3442906141281128,0.6778883934020996,0.47321099042892456,0.6188483238220215,0.44335368275642395,0.5377088785171509,0.4278413653373718,0.4861774444580078,0.41625022888183594,0.4412810802459717,0.5188295841217041,0.5931615829467773,0.5120818614959717,0.4930073022842407,0.5075615048408508,0.4297218322753906,0.5035231709480286,0.3812548518180847,0.5642035603523254,0.589068591594696,0.5666006803512573,0.4997125267982483,0.5651819705963135,0.4411604106426239,0.5627471208572388,0.39195987582206726,0.6073299050331116,0.6038869023323059,0.6366855502128601,0.5416817665100098,0.6568834185600281,0.49816539883613586,0.6737577319145203,0.4591754078865051,Hello
0.5821861624717712,0.8448793888092041,0.5084123611450195,0.8251087665557861,0.4365166425704956,0.7520634531974792,0.38931524753570557,0.6978950500488281,0.3495590388774872,0.6749699115753174,0.4792556166648865,0.615480363368988,0.4487958550453186,0.5342962741851807,0.4332445561885834,0.48351168632507324,0.4219422936439514,0.43970733880996704,0.524611234664917,0.5910980105400085,0.5184519290924072,0.4904106855392456,0.5140394568443298,0.4274299442768097,0.5102623105049133,0.3796633780002594,0.5698336958885193,0.5880052447319031,0.5725277066230774,0.4963407516479492,0.5709954500198364,0.43939197063446045,0.5684553384780884,0.39183253049850464,0.6125366687774658,0.6039717793464661,0.6430965065956116,0.5420621633529663,0.6639000773429871,0.49852681159973145,0.6816003918647766,0.45961666107177734,Hello
0.5887464880943298,0.843170702457428,0.5133047103881836,0.823027491569519,0.4415786862373352,0.7513983249664307,0.3931143879890442,0.6975100636482239,0.3510541021823883,0.6754082441329956,0.4843957722187042,0.6155042052268982,0.45473092794418335,0.5343315005302429,0.4394344091415405,0.48340070247650146,0.42862069606781006,0.4396125078201294,0.5295892357826233,0.5912997126579285,0.5225635766983032,0.4910798966884613,0.5177268385887146,0.4285900294780731,0.5138013362884521,0.38084283471107483,0.5748457312583923,0.5878947973251343,0.5771386623382568,0.49726924300193787,0.5760201811790466,0.44084814190864563,0.5740798711776733,0.393659770488739,0.6178296804428101,0.6033935546875,0.6481695771217346,0.5421532392501831,0.6692075729370117,0.499732106924057,0.6874669790267944,0.4617560803890228,Hello
0.607769787311554,0.8446904420852661,0.5339329242706299,0.8231501579284668,0.459543377161026,0.7513257265090942,0.4085312485694885,0.69703209400177,0.36530601978302,0.674022376537323,0.5005444884300232,0.6157974004745483,0.4683607220649719,0.5331430435180664,0.45223724842071533,0.48087990283966064,0.44060367345809937,0.4356386661529541,0.5453572869300842,0.5910639762878418,0.5359079837799072,0.49337977170944214,0.5319175720214844,0.4330947995185852,0.5288974642753601,0.3862709701061249,0.5909024477005005,0.588520884513855,0.5904110074043274,0.4992615580558777,0.5870528221130371,0.44283443689346313,0.5836101174354553,0.395880788564682,0.6348329186439514,0.6045026183128357,0.6642041802406311,0.5452499985694885,0.6839290261268616,0.503390908241272,0.7009692192077637,0.4656389355659485,Hello
0.610836923122406,0.8441699743270874,0.5374305248260498,0.8251857757568359,0.46382540464401245,0.7533483505249023,0.4118468761444092,0.6970000267028809,0.36797481775283813,0.6756802201271057,0.5051348805427551,0.617241382598877,0.4739567041397095,0.5335645079612732,0.45743510127067566,0.48215004801750183,0.4453049600124359,0.4378727972507477,0.5494863390922546,0.5933984518051147,0.5398353934288025,0.4938487410545349,0.5344600081443787,0.4322890639305115,0.5305256843566895,0.3842925727367401,0.5939469933509827,0.5905892252922058,0.5944876670837402,0.49849772453308105,0.5925257205963135,0.4432389736175537,0.590241014957428,0.39661237597465515,0.6369617581367493,0.605938196182251,0.6663788557052612,0.5445437431335449,0.686328649520874,0.5027562379837036,0.7036765217781067,0.46443864703178406,Hello
0.6148617267608643,0.8421129584312439,0.5405317544937134,0.8241226673126221,0.46695852279663086,0.7524192929267883,0.4157206416130066,0.6950402855873108,0.3721245229244232,0.6735256314277649,0.5082715153694153,0.617913544178009,0.4763060212135315,0.5332884192466736,0.45992130041122437,0.480968177318573,0.44828590750694275,0.4362299144268036,0.5528708100318909,0.5936050415039062,0.5431546568870544,0.49286505579948425,0.537861704826355,0.43071526288986206,0.5339322090148926,0.3824842870235443,0.5974888205528259,0.5900354385375977,0.597445547580719,0.49746084213256836,0.5953778624534607,0.4426696300506592,0.5932023525238037,0.39653414487838745,0.6409699320793152,0.6047524213790894,0.6703609824180603,0.543274998664856,0.6901144981384277,0.5015103816986084,0.7073715925216675,0.4631357789039612,Hello
0.6170475482940674,0.8429958820343018,0.5440729260444641,0.8219172358512878,0.47074460983276367,0.7499868869781494,0.41842415928840637,0.694542407989502,0.3736113905906677,0.6749906539916992,0.5117355585098267,0.6154586672782898,0.47991329431533813,0.5327157378196716,0.46325987577438354,0.4811514616012573,0.45150595903396606,0.4372605085372925,0.5564742684364319,0.5912923812866211,0.5469090938568115,0.49208390712738037,0.5414173603057861,0.43103882670402527,0.5372797250747681,0.3835775554180145,0.60155189037323,0.5882164835929871,0.601203441619873,0.4959217309951782,0.5990250110626221,0.44155746698379517,0.5966621041297913,0.3958096206188202,0.6453472375869751,0.6039481163024902,0.6742734909057617,0.5423699617385864,0.6934866905212402,0.5004110336303711,0.7102987766265869,0.462149441242218,Hello
0.6239804625511169,0.846163272857666,0.5505853891372681,0.8249267935752869,0.4751392602920532,0.7511921525001526,0.42305871844291687,0.6952576637268066,0.37971046566963196,0.6727644801139832,0.5154393315315247,0.61631840467453,0.4833376407623291,0.5319669246673584,0.4667719900608063,0.4801366925239563,0.4548553228378296,0.43601053953170776,0.5607010126113892,0.591978132724762,0.5504416227340698,0.4925193190574646,0.545403778553009,0.43109434843063354,0.541694164276123,0.38406985998153687,0.606192946434021,0.5890376567840576,0.6065318584442139,0.49754858016967773,0.6049966216087341,0.4437735974788666,0.6026588678359985,0.39866358041763306,0.6502596139907837,0.6048043966293335,0.6782960891723633,0.5437886118888855,0.6970105171203613,0.5030324459075928,0.7132194638252258,0.46555066108703613,Hello
0.6268354654312134,0.844499409198761,0.5534541010856628,0.8238611221313477,0.47976648807525635,0.7518495917320251,0.42807745933532715,0.6959944367408752,0.3842904567718506,0.6732137203216553,0.5193579196929932,0.6156714558601379,0.4868953824043274,0.5301628112792969,0.46987566351890564,0.4771273136138916,0.4577169418334961,0.432365357875824,0.5645595192909241,0.5913811326026917,0.5545836091041565,0.49049681425094604,0.5490477085113525,0.42828699946403503,0.5445850491523743,0.3804844915866852,0.6100049018859863,0.5884795784950256,0.6096935272216797,0.4956381916999817,0.6071422100067139,0.44124048948287964,0.6041222214698792,0.3957323431968689,0.6539871096611023,0.6045884490013123,0.6823352575302124,0.5434409976005554,0.7010685801506042,0.5029283165931702,0.7173890471458435,0.46625620126724243,Hello
0.6298649311065674,0.8455836176872253,0.5561394691467285,0.8238540887832642,0.4829176068305969,0.7510181069374084,0.4303208589553833,0.6942890286445618,0.38503497838974,0.6714898347854614,0.5233922004699707,0.6152566075325012,0.4905521869659424,0.5290359258651733,0.4729127883911133,0.47546470165252686,0.46030324697494507,0.4296865463256836,0.5683395266532898,0.5917134284973145,0.5588099956512451,0.49082672595977783,0.5534489154815674,0.4283590316772461,0.5490642786026001,0.3797241151332855,0.6135348677635193,0.589422881603241,0.6130672097206116,0.4967527985572815,0.6110724806785583,0.4418836832046509,0.6086719632148743,0.3959696888923645,0.657608151435852,0.6059513688087463,0.6857937574386597,0.5443812608718872,0.704702615737915,0.5032335519790649,0.7212436199188232,0.4659382104873657,Hello
0.6355593204498291,0.8476276993751526,0.5621665716171265,0.8257665634155273,0.4881429970264435,0.752539873123169,0.4348708689212799,0.6965809464454651,0.38904809951782227,0.6732975840568542,0.5269756317138672,0.6134788990020752,0.4942868947982788,0.5269927978515625,0.47727078199386597,0.4730517864227295,0.46516573429107666,0.42718711495399475,0.5721584558486938,0.590035080909729,0.5627754926681519,0.4886234402656555,0.5578405261039734,0.42577773332595825,0.553523063659668,0.37727147340774536,0.6176010370254517,0.5888257622718811,0.6174312829971313,0.4954865276813507,0.6154325604438782,0.43996015191078186,0.612575888633728,0.39349165558815,0.6612535715103149,0.6070022583007812,0.6886831521987915,0.5454977750778198,0.7071396112442017,0.5052046775817871,0.723099946975708,0.4682144522666931,Hello
0.6383301019668579,0.8467045426368713,0.5640901327133179,0.8245096206665039,0.4900391399860382,0.7502339482307434,0.4373552203178406,0.6944447755813599,0.3925853669643402,0.6714330315589905,0.5296762585639954,0.6130765080451965,0.4967479705810547,0.5265036821365356,0.47989583015441895,0.47218960523605347,0.4678933620452881,0.4267331659793854,0.5749819874763489,0.5894961357116699,0.566260039806366,0.4870535731315613,0.5608714818954468,0.42364561557769775,0.5560075640678406,0.3757179081439972,0.6204267740249634,0.5880169868469238,0.6213980317115784,0.4938761591911316,0.6197546720504761,0.4381139576435089,0.6174151301383972,0.3919408321380615,0.6638780236244202,0.6060241460800171,0.6927266120910645,0.54411780834198,0.7118092775344849,0.5031557083129883,0.7285373210906982,0.4657767713069916,Hello
0.6406136751174927,0.8469950556755066,0.5667546391487122,0.825626790523529,0.4927574098110199,0.7506484985351562,0.4395092725753784,0.6937151551246643,0.3937254846096039,0.6721107363700867,0.532520592212677,0.6114972233772278,0.4994412064552307,0.5246323943138123,0.482429176568985,0.4709509313106537,0.4704741835594177,0.4254344403743744,0.5778828859329224,0.5883669853210449,0.5686166286468506,0.4862143397331238,0.5634348392486572,0.422801673412323,0.5590733885765076,0.3740256130695343,0.6234416961669922,0.5876682996749878,0.6242423057556152,0.4931429624557495,0.6229789853096008,0.4371926784515381,0.6208885908126831,0.39016222953796387,0.6671873331069946,0.6059019565582275,0.6961905360221863,0.5435351729393005,0.7156845331192017,0.5023336410522461,0.7326777577400208,0.46401867270469666,Hello
0.6447912454605103,0.8479533195495605,0.5697000622749329,0.8279139399528503,0.4950430989265442,0.752092182636261,0.4416128098964691,0.6945210695266724,0.3953745365142822,0.6690486669540405,0.5349299907684326,0.612845778465271,0.5014638900756836,0.5251455903053284,0.4842457175254822,0.47006428241729736,0.47223687171936035,0.42368727922439575,0.5806339979171753,0.5895165801048279,0.5703268647193909,0.48656126856803894,0.5650085806846619,0.4217360317707062,0.5607057213783264,0.37232398986816406,0.6262234449386597,0.5890696048736572,0.6260488033294678,0.4949873089790344,0.6239095330238342,0.43831855058670044,0.6209807395935059,0.39111363887786865,0.6702463626861572,0.6073282957077026,0.6989387273788452,0.5457233786582947,0.7180092334747314,0.5057018995285034,0.7343919277191162,0.4685504138469696,Hello
0.6466618180274963,0.8484439253807068,0.5710378885269165,0.8291424512863159,0.4954703450202942,0.751588761806488,0.441792368888855,0.6937711238861084,0.39558693766593933,0.6710698008537292,0.5368977785110474,0.6109321117401123,0.5030635595321655,0.523128092288971,0.4861164391040802,0.4684036374092102,0.47440576553344727,0.42230987548828125,0.582671582698822,0.5875958800315857,0.5719883441925049,0.4846722483634949,0.5665808916091919,0.4202905595302582,0.5622308850288391,0.3712686002254486,0.6281200051307678,0.5868304371833801,0.6276021599769592,0.49160003662109375,0.6259742975234985,0.43553727865219116,0.623533308506012,0.3882927894592285,0.6717328429222107,0.6047277450561523,0.7006458044052124,0.5435163378715515,0.7196618914604187,0.5037254095077515,0.7359434366226196,0.46598386764526367,Hello
0.6474742889404297,0.8503957390785217,0.5723372101783752,0.8312897682189941,0.4964423179626465,0.7532867193222046,0.4425150156021118,0.6946257948875427,0.3958667814731598,0.6705490350723267,0.5376404523849487,0.6113350987434387,0.504253089427948,0.5225734114646912,0.4874017834663391,0.4671860933303833,0.47573333978652954,0.4203829765319824,0.5838721394538879,0.5879904627799988,0.5726256966590881,0.4850037097930908,0.5667981505393982,0.42010289430618286,0.5626308917999268,0.37085404992103577,0.6296351552009583,0.5876526832580566,0.629705011844635,0.4934956431388855,0.6274613738059998,0.43707436323165894,0.6247763633728027,0.3893539011478424,0.6732794642448425,0.605725884437561,0.7022423148155212,0.5443606376647949,0.7222868800163269,0.5042220950126648,0.7397567629814148,0.46583276987075806,Hello
0.6474307775497437,0.8516197204589844,0.5725823640823364,0.8319022059440613,0.4961549639701843,0.7531611323356628,0.44159311056137085,0.6942585706710815,0.3950537443161011,0.6709023714065552,0.5386073589324951,0.6115157604217529,0.505124568939209,0.5232168436050415,0.4879005551338196,0.46802520751953125,0.4760364294052124,0.42153415083885193,0.5847952365875244,0.5883146524429321,0.5739820599555969,0.48461323976516724,0.5680976510047913,0.41934123635292053,0.563678503036499,0.3702738285064697,0.6306359767913818,0.5882560610771179,0.6307880878448486,0.493024617433548,0.6286817789077759,0.43629541993141174,0.6257566213607788,0.38866838812828064,0.6744529604911804,0.6066432595252991,0.7026714086532593,0.5449253916740417,0.7214712500572205,0.5044457912445068,0.7377053499221802,0.4662219285964966,Hello
0.6489235758781433,0.8556841015815735,0.5723208785057068,0.8356887698173523,0.4956502616405487,0.7585248947143555,0.44015198945999146,0.6988754868507385,0.3926958739757538,0.6748356819152832,0.5391674637794495,0.6145647764205933,0.5047976970672607,0.5238170623779297,0.4870995581150055,0.46702760457992554,0.47479861974716187,0.4191315174102783,0.5857033133506775,0.590850830078125,0.573857843875885,0.4856466054916382,0.5673782825469971,0.4193146526813507,0.5627443194389343,0.3679749667644501,0.6316390037536621,0.5901904702186584,0.6306520700454712,0.4925119876861572,0.6273354291915894,0.43398746848106384,0.6234831213951111,0.38440069556236267,0.6756607294082642,0.6082597374916077,0.7038651704788208,0.5447925329208374,0.7225416302680969,0.5012732148170471,0.7388194799423218,0.45951592922210693,Hello
0.6485636830329895,0.857065737247467,0.5711205005645752,0.8347666263580322,0.49465757608413696,0.757966935634613,0.439673513174057,0.6984157562255859,0.3927665948867798,0.6739419102668762,0.5381571054458618,0.6140136122703552,0.5036053657531738,0.5221272110939026,0.48633426427841187,0.46460604667663574,0.47466620802879333,0.4158952534198761,0.5851491689682007,0.5905450582504272,0.5735118389129639,0.4844282269477844,0.5673682689666748,0.4175463914871216,0.5630990266799927,0.3659948706626892,0.631558895111084,0.5903050899505615,0.6310961246490479,0.491152286529541,0.6280191540718079,0.43226468563079834,0.6246535181999207,0.38286760449409485,0.6760714650154114,0.609591007232666,0.7048697471618652,0.546028733253479,0.7231724262237549,0.5018234848976135,0.7390954494476318,0.4598943591117859,Hello
0.6497547626495361,0.8594315052032471,0.571828305721283,0.8369309902191162,0.4941488206386566,0.7590474486351013,0.43873071670532227,0.6995512247085571,0.3915520906448364,0.6754367351531982,0.5378734469413757,0.6140794157981873,0.5036942362785339,0.5222486257553101,0.48649486899375916,0.4652479588985443,0.4747293293476105,0.41685622930526733,0.5852917432785034,0.5904849171638489,0.5740126967430115,0.4840051233768463,0.5679393410682678,0.4169471263885498,0.5636809468269348,0.3656195402145386,0.6320203542709351,0.5903611183166504,0.6318894624710083,0.49142301082611084,0.6287859082221985,0.4329705834388733,0.6252503395080566,0.384051650762558,0.6765332818031311,0.6093780994415283,0.7049285769462585,0.5451627969741821,0.7231641411781311,0.5008714199066162,0.7391027212142944,0.45885169506073,Hello
0.6505153179168701,0.8598278760910034,0.5720419883728027,0.8367022275924683,0.49376779794692993,0.7587834596633911,0.4383243918418884,0.7000924944877625,0.3915995657444,0.6763644218444824,0.5378376841545105,0.6142590045928955,0.503799557685852,0.521895170211792,0.4866616129875183,0.4644372761249542,0.47465819120407104,0.4154292047023773,0.5852682590484619,0.5906485319137573,0.5738815069198608,0.483362078666687,0.5681943893432617,0.4155416488647461,0.56438148021698,0.36301735043525696,0.6320775747299194,0.5906537771224976,0.631604790687561,0.4921509027481079,0.6287972331047058,0.4335145354270935,0.625800371170044,0.38386884331703186,0.6769700050354004,0.6097927689552307,0.7053208947181702,0.5452044010162354,0.7242344617843628,0.5007076263427734,0.7409403324127197,0.45809775590896606,Hello
0.6511358618736267,0.861969530582428,0.57319176197052,0.838416576385498,0.49524834752082825,0.7611153721809387,0.4391079246997833,0.702139675617218,0.39207226037979126,0.6770851612091064,0.5379401445388794,0.6141641736030579,0.5038056373596191,0.5211434960365295,0.4863249361515045,0.463362455368042,0.4741303324699402,0.4139401316642761,0.5857374668121338,0.590307891368866,0.5739350318908691,0.48256051540374756,0.5681019425392151,0.4144866466522217,0.5639107823371887,0.36234724521636963,0.6331121325492859,0.5903916954994202,0.6320812106132507,0.4913480877876282,0.6292282342910767,0.433279812335968,0.6259490251541138,0.3847118616104126,0.6784886121749878,0.6099291443824768,0.7062612771987915,0.5451568365097046,0.7242763042449951,0.5008542537689209,0.7400296926498413,0.45862144231796265,Hello
0.6522791981697083,0.8622121810913086,0.5738683342933655,0.8388105630874634,0.49526673555374146,0.7610142230987549,0.4387884736061096,0.7018530964851379,0.3920050263404846,0.6766725182533264,0.5385199189186096,0.6143261194229126,0.5040647983551025,0.5208553075790405,0.4865341782569885,0.4629371166229248,0.47419673204421997,0.41314586997032166,0.5864737033843994,0.5902180075645447,0.5748750567436218,0.4814613461494446,0.5693266987800598,0.4128202795982361,0.5654093027114868,0.35975492000579834,0.6337916851043701,0.5902485847473145,0.6328945159912109,0.4919804334640503,0.6302571296691895,0.43389105796813965,0.6272644996643066,0.38469794392585754,0.6793341636657715,0.609455943107605,0.7070816159248352,0.5451772212982178,0.725709080696106,0.501387894153595,0.7421768307685852,0.45919692516326904,Hello
0.6524512767791748,0.8622029423713684,0.5748547315597534,0.8379881381988525,0.4966275095939636,0.761177659034729,0.4402979016304016,0.7028405070304871,0.39376550912857056,0.6751993894577026,0.5386865735054016,0.6140520572662354,0.5040573477745056,0.5201917886734009,0.4865625500679016,0.46197858452796936,0.4743756055831909,0.41189491748809814,0.5865373611450195,0.589669942855835,0.5747716426849365,0.4806045591831207,0.5691859722137451,0.41152212023735046,0.5653396248817444,0.3580857813358307,0.6339856386184692,0.589459240436554,0.6333043575286865,0.4907683730125427,0.6306586265563965,0.43202152848243713,0.6277251839637756,0.3823958933353424,0.6796848177909851,0.6088524460792542,0.7080680131912231,0.5438113212585449,0.7272507548332214,0.49898144602775574,0.744139552116394,0.4560433328151703,Hello
0.6535351872444153,0.8619917035102844,0.5757042169570923,0.8375877141952515,0.4979569911956787,0.7602441310882568,0.4415825307369232,0.701134979724884,0.39480310678482056,0.6734119057655334,0.539234459400177,0.6130805611610413,0.5044364929199219,0.5184202194213867,0.48679405450820923,0.45995157957077026,0.4748317003250122,0.4097450375556946,0.5870745182037354,0.5886541604995728,0.5750001668930054,0.47900134325027466,0.5695480108261108,0.40959039330482483,0.5660152435302734,0.35676485300064087,0.6348559856414795,0.588654100894928,0.6341827511787415,0.48949652910232544,0.631847620010376,0.43129605054855347,0.6292693018913269,0.3828680217266083,0.6809734106063843,0.6085262298583984,0.7093625664710999,0.5433887839317322,0.7279413938522339,0.49869340658187866,0.7443270087242126,0.4562721848487854,Hello
0.6535563468933105,0.8612534999847412,0.5755202174186707,0.8358749151229858,0.4974452257156372,0.7572634220123291,0.44162535667419434,0.6988071203231812,0.3958016037940979,0.6724008321762085,0.5400959849357605,0.611909806728363,0.5054469108581543,0.5173814296722412,0.4875606894493103,0.4591132402420044,0.47534096240997314,0.40915822982788086,0.5879189372062683,0.5879830121994019,0.5757138729095459,0.47846275568008423,0.569995105266571,0.40930458903312683,0.5664804577827454,0.3561882972717285,0.635547399520874,0.5877698659896851,0.6349398493766785,0.4891752004623413,0.63251793384552,0.4311646819114685,0.6300297975540161,0.38251227140426636,0.6811479330062866,0.6069552898406982,0.7093850374221802,0.5416952967643738,0.7281820774078369,0.49681994318962097,0.745032012462616,0.45423194766044617,Hello
0.6537119746208191,0.860049307346344,0.5756284594535828,0.8344687819480896,0.49827685952186584,0.7559796571731567,0.4425615668296814,0.6968151926994324,0.3967716097831726,0.6702552437782288,0.5412402153015137,0.6110807657241821,0.5063812732696533,0.5166890621185303,0.4885902404785156,0.45844268798828125,0.47654664516448975,0.4083384573459625,0.5888900756835938,0.5870863795280457,0.5765073299407959,0.47748318314552307,0.5705946087837219,0.407554566860199,0.5670645833015442,0.3539462387561798,0.636329174041748,0.5869821906089783,0.6357452869415283,0.4886300563812256,0.6331055164337158,0.4300367832183838,0.6305608153343201,0.3812864422798157,0.6818898916244507,0.6063852906227112,0.7105316519737244,0.5413209795951843,0.7296237349510193,0.4964821934700012,0.7467347383499146,0.4541556239128113,Hello
0.6535115242004395,0.8565766215324402,0.5755141973495483,0.8312129974365234,0.49926257133483887,0.7550395727157593,0.4431871175765991,0.6959407925605774,0.396855890750885,0.6684814095497131,0.5422634482383728,0.6104695796966553,0.5072457790374756,0.5156583786010742,0.48946619033813477,0.45764172077178955,0.47754335403442383,0.4073925316333771,0.5894696116447449,0.5859138369560242,0.5771340727806091,0.47632431983947754,0.5711609721183777,0.4074699580669403,0.567304790019989,0.3545564115047455,0.636573314666748,0.5851632952690125,0.636186957359314,0.4863061308860779,0.6334852576255798,0.4282762408256531,0.6306108236312866,0.38006579875946045,0.6819615960121155,0.604337751865387,0.7111610174179077,0.5395737290382385,0.7300084829330444,0.49436652660369873,0.7467608451843262,0.45182058215141296,Hello
0.6537916660308838,0.8561676144599915,0.5757023692131042,0.829706072807312,0.49873948097229004,0.7507520914077759,0.44308894872665405,0.6921517252922058,0.39648133516311646,0.6667227745056152,0.5430095195770264,0.6082555651664734,0.5076652765274048,0.5142257213592529,0.4897279739379883,0.4558817744255066,0.47756147384643555,0.40582671761512756,0.5901867151260376,0.5841014981269836,0.5779342651367188,0.47410106658935547,0.571810781955719,0.4039323627948761,0.56806480884552,0.35016584396362305,0.637239933013916,0.5838956832885742,0.6367551684379578,0.48562091588974,0.6337067484855652,0.4271952509880066,0.6307229995727539,0.3787676692008972,0.682356059551239,0.6035701036453247,0.7111133337020874,0.5383834838867188,0.7301265597343445,0.4931632876396179,0.747050404548645,0.45076829195022583,Hello
0.6540144085884094,0.8550049662590027,0.576735258102417,0.8287838697433472,0.5001695156097412,0.7505964040756226,0.4443124532699585,0.6920651793479919,0.39748895168304443,0.6655552387237549,0.5431510806083679,0.6079819798469543,0.5073477625846863,0.5149655342102051,0.4894678294658661,0.4572005271911621,0.47787120938301086,0.4073982238769531,0.5901410579681396,0.5832369327545166,0.5779494047164917,0.47340479493141174,0.572015106678009,0.40342146158218384,0.5684082508087158,0.3497026860713959,0.6372036933898926,0.5826171636581421,0.6363233923912048,0.48416030406951904,0.6337060928344727,0.42564135789871216,0.6310010552406311,0.3772534728050232,0.6826262474060059,0.6019452810287476,0.7112894058227539,0.5373052954673767,0.7303967475891113,0.49261653423309326,0.7473703622817993,0.45112401247024536,Hello
0.6543538570404053,0.852661669254303,0.5764443874359131,0.8268111944198608,0.4996768832206726,0.7492900490760803,0.44419175386428833,0.691050112247467,0.3984410762786865,0.6649973392486572,0.5431318879127502,0.6064175367355347,0.5077839493751526,0.5135222673416138,0.48991960287094116,0.45604002475738525,0.4781816005706787,0.40655791759490967,0.5903688669204712,0.5818691253662109,0.5783207416534424,0.47228771448135376,0.5725706219673157,0.4028162360191345,0.5689722895622253,0.34955716133117676,0.6375399827957153,0.5811729431152344,0.6371887922286987,0.4830329418182373,0.6353645324707031,0.4256528615951538,0.6332553625106812,0.37808793783187866,0.6830173134803772,0.6002485156059265,0.7113782167434692,0.5355752110481262,0.7302229404449463,0.49146759510040283,0.7468979954719543,0.4504741430282593,Hello
0.6547420024871826,0.8523198366165161,0.5767399668693542,0.8269756436347961,0.499496191740036,0.7486458420753479,0.4437111020088196,0.6897624731063843,0.39749875664711,0.6639217734336853,0.543047308921814,0.6052360534667969,0.5076746344566345,0.5126141309738159,0.4897787570953369,0.4552995562553406,0.47811561822891235,0.4056834578514099,0.590582549571991,0.5806500911712646,0.5782898664474487,0.47086048126220703,0.5726486444473267,0.4004884362220764,0.569388747215271,0.34637609124183655,0.6380879878997803,0.5804081559181213,0.6375137567520142,0.48333561420440674,0.6357400417327881,0.42549198865890503,0.6336745023727417,0.37749555706977844,0.6839257478713989,0.5998154282569885,0.7117422223091125,0.534424901008606,0.730485737323761,0.4901290535926819,0.7469600439071655,0.4490165114402771,Hello
0.6556096076965332,0.8508211374282837,0.5774073600769043,0.8253815174102783,0.5004375576972961,0.7476146817207336,0.4446558356285095,0.6890600919723511,0.39794784784317017,0.6631779670715332,0.5432300567626953,0.6037563681602478,0.5073354244232178,0.5108572840690613,0.48956382274627686,0.4536210298538208,0.4780576825141907,0.40409737825393677,0.5906724333763123,0.5792750120162964,0.5778440237045288,0.4700174927711487,0.5722777843475342,0.4006321430206299,0.5690968632698059,0.3469746708869934,0.6380895972251892,0.5789200663566589,0.6367326974868774,0.4811093807220459,0.6348491907119751,0.4236859679222107,0.6327260732650757,0.375347763299942,0.6839640736579895,0.5980052947998047,0.7123095989227295,0.5335544347763062,0.7313535213470459,0.4891647696495056,0.7481423616409302,0.44704875349998474,Hello
0.657747745513916,0.8474599123001099,0.5800012946128845,0.8236286640167236,0.5020076632499695,0.7458658218383789,0.44576650857925415,0.686707079410553,0.3992287516593933,0.6616997122764587,0.5448825359344482,0.6016196608543396,0.5096572637557983,0.5078459978103638,0.4926539659500122,0.45030510425567627,0.48136085271835327,0.400870680809021,0.5924891233444214,0.5770884156227112,0.5801709294319153,0.4675180912017822,0.5747004151344299,0.3976312279701233,0.5711842179298401,0.3443569839000702,0.639945387840271,0.5766045451164246,0.6393657326698303,0.4786772131919861,0.636878252029419,0.4208349883556366,0.6339107751846313,0.37249597907066345,0.6857685446739197,0.595651388168335,0.7150489091873169,0.531638503074646,0.7339213490486145,0.4874866306781769,0.7504186630249023,0.4455062448978424,Hello
0.6600483059883118,0.8482605814933777,0.5805084705352783,0.8247864246368408,0.5018943548202515,0.7458449602127075,0.4456840753555298,0.6855829954147339,0.3990022540092468,0.660033643245697,0.5460805892944336,0.6015332937240601,0.5107102394104004,0.5085299015045166,0.4931507706642151,0.45125067234039307,0.48120489716529846,0.40155112743377686,0.5940904021263123,0.577285885810852,0.581659734249115,0.468346506357193,0.5760047435760498,0.39856237173080444,0.5723283290863037,0.34482699632644653,0.6415016651153564,0.577434778213501,0.6404260396957397,0.4815573990345001,0.6376616954803467,0.42361050844192505,0.634253203868866,0.37457212805747986,0.687404990196228,0.5965176224708557,0.7157369256019592,0.5319522023200989,0.7341231107711792,0.4882781207561493,0.7499843835830688,0.4460741877555847,Hello
0.6593397855758667,0.849377453327179,0.5801182389259338,0.8247640132904053,0.5011928677558899,0.7450013756752014,0.44524073600769043,0.6854544878005981,0.39965856075286865,0.6614496111869812,0.5461124181747437,0.6011346578598022,0.5109357833862305,0.5077371597290039,0.4933187961578369,0.45058369636535645,0.4813463091850281,0.4013957381248474,0.593944251537323,0.5773116946220398,0.5818185806274414,0.4677928686141968,0.5763448476791382,0.3983330726623535,0.5728170275688171,0.3453735411167145,0.6413621306419373,0.5773919224739075,0.6407177448272705,0.4803466200828552,0.6385760307312012,0.42304927110671997,0.635923445224762,0.3752017915248871,0.6872705817222595,0.5964735746383667,0.7155028581619263,0.5316029191017151,0.7337735891342163,0.4877830743789673,0.7496869564056396,0.4461801052093506,Hello
0.6591634750366211,0.8502206206321716,0.5800516605377197,0.8257385492324829,0.5011921525001526,0.745617687702179,0.4457847774028778,0.6859025359153748,0.4002346992492676,0.6603857278823853,0.5461527705192566,0.6021965146064758,0.5112243890762329,0.509109377861023,0.4936898946762085,0.4519525170326233,0.4817178547382355,0.40249407291412354,0.5938023328781128,0.5782043933868408,0.5816396474838257,0.4688117802143097,0.5762484669685364,0.3992099165916443,0.5727754235267639,0.34567463397979736,0.6411814093589783,0.5782297849655151,0.640275239944458,0.4814179539680481,0.6382677555084229,0.4233284294605255,0.6356989741325378,0.37437164783477783,0.6871346831321716,0.5973381996154785,0.7153685688972473,0.5324947834014893,0.7340724468231201,0.4880141019821167,0.7503160238265991,0.4455850124359131,Hello
0.6589395403862,0.8505991101264954,0.5796118378639221,0.8261844515800476,0.5002548694610596,0.7453144788742065,0.44514593482017517,0.6857671737670898,0.4000236988067627,0.6613931655883789,0.5460885167121887,0.6022626757621765,0.5110799074172974,0.5091372132301331,0.4934636056423187,0.4519043564796448,0.48148027062416077,0.40248873829841614,0.5938935279846191,0.5786126255989075,0.5817862749099731,0.46920153498649597,0.5764064192771912,0.39904728531837463,0.5732809901237488,0.34504497051239014,0.6412661075592041,0.5788713097572327,0.6402975916862488,0.4818682074546814,0.6380372047424316,0.4235681891441345,0.6355887055397034,0.3743721544742584,0.6870408058166504,0.597896158695221,0.7150944471359253,0.5332480669021606,0.7336387634277344,0.48838886618614197,0.7500386834144592,0.4455599784851074,Hello
0.6583742499351501,0.8505158424377441,0.5793092250823975,0.8263950943946838,0.5006780624389648,0.7460486888885498,0.4455544352531433,0.6862127184867859,0.40057140588760376,0.6618433594703674,0.5461254715919495,0.6029599905014038,0.5110000371932983,0.5092772245407104,0.49332892894744873,0.4521973431110382,0.4812811017036438,0.40276122093200684,0.5936763882637024,0.5789533853530884,0.5817973613739014,0.4689611494541168,0.576147735118866,0.39898520708084106,0.572659969329834,0.3455471992492676,0.640741765499115,0.5790160894393921,0.6404870748519897,0.4807778596878052,0.63843834400177,0.42328107357025146,0.6359688639640808,0.37492671608924866,0.6862407326698303,0.5979921817779541,0.7147337198257446,0.5327022671699524,0.7335931062698364,0.48762112855911255,0.750220000743866,0.44464513659477234,Hello
0.6576870679855347,0.8504814505577087,0.579378604888916,0.8259764313697815,0.5007646679878235,0.7461843490600586,0.44566354155540466,0.6865426898002625,0.40070319175720215,0.6619113683700562,0.545754611492157,0.603030264377594,0.5110024809837341,0.5102513432502747,0.49348559975624084,0.4530807435512543,0.48151615262031555,0.40362313389778137,0.593300998210907,0.5791890025138855,0.5812407732009888,0.4699404835700989,0.5758181214332581,0.39998117089271545,0.5725664496421814,0.3458925485610962,0.640454113483429,0.5791854858398438,0.6396335363388062,0.48263341188430786,0.6377164721488953,0.4246698319911957,0.6354949474334717,0.3755955696105957,0.6860451698303223,0.5979470014572144,0.7139536738395691,0.5331583023071289,0.732971727848053,0.488622784614563,0.7497841119766235,0.4462670087814331,Hello
0.6579214334487915,0.8509659767150879,0.5795077085494995,0.8267149925231934,0.501380980014801,0.7467535138130188,0.446270227432251,0.686742901802063,0.40077975392341614,0.6620208024978638,0.5458532571792603,0.6028766632080078,0.510567843914032,0.5100787878036499,0.4929500222206116,0.45315486192703247,0.48101121187210083,0.4037986397743225,0.5932740569114685,0.5790044069290161,0.581039547920227,0.46957293152809143,0.5756526589393616,0.39957475662231445,0.5724543929100037,0.34566816687583923,0.6403517127037048,0.5792877078056335,0.6391456127166748,0.48096492886543274,0.6367762088775635,0.42289286851882935,0.6341654658317566,0.374078631401062,0.686006486415863,0.5986112952232361,0.7144771814346313,0.5335273146629333,0.7335177659988403,0.4879873991012573,0.7502832412719727,0.44463199377059937,Hello
0.6579775214195251,0.8500507473945618,0.5796804428100586,0.825689971446991,0.5013613700866699,0.7458658218383789,0.4462831914424896,0.6858870983123779,0.4009816646575928,0.6617456674575806,0.5458243489265442,0.6023131608963013,0.5106901526451111,0.5102024078369141,0.4930741786956787,0.453133761882782,0.4812503159046173,0.40386027097702026,0.5933161973953247,0.5783201456069946,0.5813272595405579,0.46949052810668945,0.5760689973831177,0.40000706911087036,0.5730898380279541,0.34619203209877014,0.6405513286590576,0.578242838382721,0.6395951509475708,0.4808706045150757,0.6375621557235718,0.42351919412612915,0.6354472637176514,0.37506720423698425,0.6862925887107849,0.5971904397010803,0.7141109704971313,0.5328233242034912,0.7329784035682678,0.4883246421813965,0.7498563528060913,0.44589531421661377,Hello
0.6585128307342529,0.8484475612640381,0.5795738697052002,0.8243075609207153,0.5010571479797363,0.7441511154174805,0.4458234906196594,0.6843425035476685,0.40016090869903564,0.6613768339157104,0.5460063815116882,0.6015003323554993,0.5111355781555176,0.509265124797821,0.4934157729148865,0.45213913917541504,0.48124009370803833,0.40296798944473267,0.5935569405555725,0.5779450535774231,0.5815407633781433,0.46944043040275574,0.5762413144111633,0.39992260932922363,0.5732501745223999,0.34584495425224304,0.6406766176223755,0.5782368183135986,0.6394057273864746,0.4817435145378113,0.6372048854827881,0.42374300956726074,0.6350980997085571,0.37438586354255676,0.6861820816993713,0.5972529053688049,0.7140477895736694,0.5332090258598328,0.7330734729766846,0.48861679434776306,0.7502017021179199,0.44568437337875366,Hello
0.6580142378807068,0.8452185392379761,0.5805081129074097,0.8199625611305237,0.5033085346221924,0.7413085103034973,0.44838541746139526,0.6820885539054871,0.4028204083442688,0.6586912870407104,0.5470317602157593,0.5977290868759155,0.5125183463096619,0.504011869430542,0.4951324462890625,0.44674158096313477,0.4830254018306732,0.3978269696235657,0.5945903062820435,0.5745495557785034,0.5826065540313721,0.4653002619743347,0.5773217082023621,0.39626598358154297,0.5738850235939026,0.3428618311882019,0.6419472098350525,0.5752323269844055,0.6409421563148499,0.4761227071285248,0.6388385891914368,0.41927531361579895,0.6362250447273254,0.37129226326942444,0.6876671314239502,0.5951105356216431,0.7160161733627319,0.5302630662918091,0.7342526912689209,0.48521363735198975,0.750146746635437,0.44181209802627563,Hello
0.6594992876052856,0.846255898475647,0.5808501839637756,0.8214232921600342,0.5018085837364197,0.7408587336540222,0.4460902214050293,0.6799380779266357,0.3998359441757202,0.6578583121299744,0.5475803017616272,0.5983065366744995,0.5126755833625793,0.5062312483787537,0.4950610399246216,0.44919103384017944,0.4830794632434845,0.3999120593070984,0.5952274799346924,0.5750661492347717,0.5833543539047241,0.46740198135375977,0.5780398845672607,0.3992750346660614,0.5747426152229309,0.34647229313850403,0.6424076557159424,0.5756300091743469,0.6413626074790955,0.4799765348434448,0.6387823224067688,0.4232768714427948,0.6357284188270569,0.37522268295288086,0.6881691217422485,0.5945802927017212,0.7158015370368958,0.5294317007064819,0.7342079877853394,0.48455357551574707,0.7503817081451416,0.4413883090019226,Hello
0.6595428586006165,0.8448428511619568,0.5810065865516663,0.8208141326904297,0.5025559067726135,0.7413569688796997,0.44754236936569214,0.6810568571090698,0.4021938741207123,0.6576169729232788,0.5477014183998108,0.5987620949745178,0.5128077864646912,0.5061327815055847,0.4951496124267578,0.44927138090133667,0.4830676317214966,0.40026819705963135,0.595009446144104,0.5750880241394043,0.5829834938049316,0.46651971340179443,0.5777280330657959,0.39763373136520386,0.5748713612556458,0.34433513879776,0.6418654322624207,0.5753918290138245,0.6404372453689575,0.4778825342655182,0.6380107998847961,0.4208625555038452,0.6357636451721191,0.3725544810295105,0.6873798370361328,0.5944620966911316,0.7154733538627625,0.530261218547821,0.734254002571106,0.4858120083808899,0.7509936690330505,0.443121075630188,Hello
0.6597636938095093,0.8456161022186279,0.5814030766487122,0.8225967288017273,0.5026878714561462,0.7424492239952087,0.44740235805511475,0.6812318563461304,0.40199846029281616,0.6573840975761414,0.5474907159805298,0.5992472767829895,0.512866199016571,0.5062003135681152,0.49531489610671997,0.4490450918674469,0.4832797944545746,0.3997275233268738,0.5949435830116272,0.5753893256187439,0.5830740928649902,0.46638137102127075,0.5777741074562073,0.39746779203414917,0.5745779275894165,0.34435033798217773,0.6420034766197205,0.5754786133766174,0.6410822868347168,0.47837525606155396,0.638555109500885,0.42126569151878357,0.6357786059379578,0.3733435273170471,0.6876956224441528,0.5942149758338928,0.715390145778656,0.5295632481575012,0.7334480285644531,0.48502445220947266,0.7493377923965454,0.44248253107070923,Hello
0.6600714921951294,0.8457903861999512,0.5819660425186157,0.822851300239563,0.5033130645751953,0.7429242134094238,0.44786536693573,0.6816688179969788,0.4021567702293396,0.6577351093292236,0.5472251772880554,0.5993831753730774,0.5129006505012512,0.5066380500793457,0.4954538941383362,0.44937825202941895,0.4833015501499176,0.39991495013237,0.5948143601417542,0.5755844116210938,0.5830298662185669,0.4666352868080139,0.5777783393859863,0.3974320888519287,0.574521005153656,0.3440369963645935,0.6419532895088196,0.5760608315467834,0.6409508585929871,0.47933143377304077,0.6382659673690796,0.4218451976776123,0.6352939009666443,0.3734472692012787,0.6877728700637817,0.5951961874961853,0.7156949043273926,0.5304136872291565,0.7340790629386902,0.48574116826057434,0.7501820921897888,0.4428235590457916,Hello
0.6609204411506653,0.8463923931121826,0.5824220776557922,0.8241409063339233,0.5034449696540833,0.7439064979553223,0.4477998614311218,0.682417094707489,0.40182554721832275,0.6579832434654236,0.5475379824638367,0.5999124646186829,0.5129128098487854,0.5068897008895874,0.49538880586624146,0.4496132731437683,0.48331546783447266,0.40011584758758545,0.5952362418174744,0.5757043957710266,0.5830858945846558,0.4664776921272278,0.5775716304779053,0.3970786929130554,0.5742149949073792,0.34381091594696045,0.642433226108551,0.5759305357933044,0.6412103772163391,0.4790979027748108,0.6384138464927673,0.42205071449279785,0.6353151798248291,0.3741770088672638,0.6882174611091614,0.5947362184524536,0.7156690359115601,0.5297883152961731,0.7337288856506348,0.48513326048851013,0.7496166825294495,0.44212305545806885,Hello
0.660333514213562,0.8469527363777161,0.5820869207382202,0.8235524892807007,0.5031004548072815,0.743078351020813,0.4478168785572052,0.6824880242347717,0.40264689922332764,0.6585421562194824,0.5473271608352661,0.5995171070098877,0.5130935311317444,0.5071454048156738,0.49551188945770264,0.45015862584114075,0.48332396149635315,0.40103352069854736,0.5949405431747437,0.575562596321106,0.5830672383308411,0.46677449345588684,0.5776210427284241,0.3976806700229645,0.5742867588996887,0.34452322125434875,0.6420754790306091,0.5757392048835754,0.6410781145095825,0.479505717754364,0.6385444402694702,0.4227790832519531,0.6357781291007996,0.3748602569103241,0.6877567768096924,0.5943397879600525,0.7153369784355164,0.5295729637145996,0.7339487671852112,0.48536211252212524,0.7504839897155762,0.44282791018486023,Hello
0.6599491834640503,0.8457146286964417,0.5816295742988586,0.8230177164077759,0.5029664635658264,0.742845892906189,0.4478159546852112,0.6822221875190735,0.4022220969200134,0.6585453152656555,0.5474423766136169,0.5997616648674011,0.5129824280738831,0.5072533488273621,0.4954751133918762,0.45005810260772705,0.48338237404823303,0.4006073474884033,0.5950911641120911,0.5761409401893616,0.5827814340591431,0.46706491708755493,0.5773800015449524,0.3977431058883667,0.5743234157562256,0.3439852297306061,0.6422165632247925,0.5767486095428467,0.6405702233314514,0.47999250888824463,0.6380277872085571,0.42293041944503784,0.6353667974472046,0.37443992495536804,0.6880807876586914,0.5958529710769653,0.7150658965110779,0.5308300256729126,0.7334800362586975,0.4862120747566223,0.7498173713684082,0.4429771900177002,Hello
0.6588876247406006,0.8447648286819458,0.5807182788848877,0.8218536376953125,0.5028021335601807,0.7428129315376282,0.447476327419281,0.6818820238113403,0.40196874737739563,0.6576124429702759,0.5471808314323425,0.5997263789176941,0.5126593708992004,0.506685733795166,0.49502092599868774,0.449768602848053,0.4828363060951233,0.40053021907806396,0.5947451591491699,0.5757884979248047,0.5827703475952148,0.46648576855659485,0.5772389769554138,0.39750394225120544,0.5738714337348938,0.34443873167037964,0.6417821049690247,0.5761127471923828,0.6407889723777771,0.4785977005958557,0.6378021240234375,0.4216853380203247,0.6346278786659241,0.3737754821777344,0.6875567436218262,0.5952414870262146,0.7157149314880371,0.5301752090454102,0.7338272929191589,0.48524945974349976,0.749708354473114,0.44196224212646484,Hello
0.6591113805770874,0.8452390432357788,0.5803716778755188,0.821821928024292,0.5018578767776489,0.7416149973869324,0.4466673731803894,0.6806245446205139,0.40100231766700745,0.6568534970283508,0.547318696975708,0.5999327301979065,0.5127649903297424,0.5076419115066528,0.49542129039764404,0.45089730620384216,0.48355787992477417,0.40148770809173584,0.5947875380516052,0.5762646198272705,0.5828482508659363,0.4677273631095886,0.5776030421257019,0.39855092763900757,0.5744878053665161,0.3447233736515045,0.6415801644325256,0.5766153335571289,0.6403006911277771,0.4804235100746155,0.6373963952064514,0.4230397641658783,0.6342646479606628,0.37446078658103943,0.6870864629745483,0.595543622970581,0.715237557888031,0.530312180519104,0.7338274717330933,0.4849531650543213,0.7501379251480103,0.44114693999290466,Hello
0.6595545411109924,0.8442782759666443,0.5812333822250366,0.8213512897491455,0.5025970339775085,0.7412853240966797,0.44681259989738464,0.6807835102081299,0.40114647150039673,0.6562576293945312,0.5474915504455566,0.5991150140762329,0.5124889612197876,0.506198525428772,0.4944987893104553,0.4492061734199524,0.4820331931114197,0.39999210834503174,0.5949037075042725,0.5751795768737793,0.5831521153450012,0.46681103110313416,0.5776067972183228,0.3978685736656189,0.5741039514541626,0.3451053500175476,0.6417431235313416,0.5754387378692627,0.6410011053085327,0.47952699661254883,0.6384445428848267,0.4232518970966339,0.635525643825531,0.37563878297805786,0.6869722604751587,0.5940499305725098,0.7148185968399048,0.5299149751663208,0.7332335710525513,0.48602503538131714,0.7495844960212708,0.4436442255973816,Hello
0.6582499742507935,0.844013512134552,0.5807276964187622,0.8203282952308655,0.5026586055755615,0.7406496405601501,0.4470796287059784,0.6804078817367554,0.4015582203865051,0.6563518047332764,0.5470847487449646,0.598945677280426,0.5122012495994568,0.5061801075935364,0.4941808879375458,0.4492284655570984,0.4816649258136749,0.400119423866272,0.59441739320755,0.5749536752700806,0.582695722579956,0.46665966510772705,0.5771657824516296,0.3978959918022156,0.5737261176109314,0.3451631963253021,0.6412653923034668,0.5749312043190002,0.64079749584198,0.47909677028656006,0.6380632519721985,0.4231696128845215,0.6350650787353516,0.37610623240470886,0.6865826845169067,0.593530535697937,0.7148995995521545,0.5291547775268555,0.733473002910614,0.48476511240005493,0.7498810887336731,0.44218337535858154,Hello
0.6596354246139526,0.8444274663925171,0.5813375115394592,0.8219650983810425,0.5023250579833984,0.7411910891532898,0.4463352560997009,0.6802771091461182,0.40020304918289185,0.6560943722724915,0.5471275448799133,0.5991172194480896,0.5118651390075684,0.5063960552215576,0.49407362937927246,0.44915416836738586,0.4818851053714752,0.39989620447158813,0.5945549607276917,0.575476348400116,0.5824165344238281,0.4672468304634094,0.576949417591095,0.3983379006385803,0.5736913681030273,0.3453207015991211,0.6414943337440491,0.5757505893707275,0.6398226618766785,0.4807036519050598,0.6366947293281555,0.42406129837036133,0.6334530711174011,0.37589213252067566,0.6870676279067993,0.594132661819458,0.7145651578903198,0.5296557545661926,0.7331347465515137,0.4855322241783142,0.7495855093002319,0.44278836250305176,Hello
0.6583397388458252,0.8438021540641785,0.5803552269935608,0.8204682469367981,0.5024150609970093,0.7412379384040833,0.44673699140548706,0.6805598735809326,0.4010937511920929,0.6561874151229858,0.5467063188552856,0.5985085368156433,0.5114803314208984,0.5049727559089661,0.49340224266052246,0.4477412700653076,0.48095542192459106,0.39851653575897217,0.594248354434967,0.5748932361602783,0.582343339920044,0.46623286604881287,0.5768409967422485,0.39747706055641174,0.573428750038147,0.34513983130455017,0.6413260698318481,0.5751999020576477,0.6405791640281677,0.478292316198349,0.6376587748527527,0.4220046401023865,0.6345494985580444,0.3747638761997223,0.6867290735244751,0.5940198302268982,0.7147700786590576,0.5293424725532532,0.7328771352767944,0.4848698675632477,0.7489020824432373,0.442124605178833,Hello
0.6582521796226501,0.8439772725105286,0.5801371932029724,0.8207101225852966,0.5020440816879272,0.7412706017494202,0.44657260179519653,0.680006742477417,0.4013040363788605,0.6561357975006104,0.5465911626815796,0.5990228652954102,0.511785626411438,0.506170928478241,0.49408644437789917,0.44910430908203125,0.48183879256248474,0.39952826499938965,0.5940112471580505,0.5755575895309448,0.5822235345840454,0.4672170877456665,0.5770655274391174,0.3983812630176544,0.5739976167678833,0.34501421451568604,0.6408486366271973,0.5759716033935547,0.6399916410446167,0.4803057610988617,0.6373148560523987,0.42342716455459595,0.6344307661056519,0.3751327395439148,0.6863136887550354,0.5949020385742188,0.7143069505691528,0.5299782752990723,0.7329670190811157,0.48503485321998596,0.7494147419929504,0.4416041970252991,Hello
0.6581308841705322,0.843836784362793,0.580254852771759,0.8209455609321594,0.5019758343696594,0.7410532236099243,0.4464818239212036,0.6799057722091675,0.4007418751716614,0.657174825668335,0.5467096567153931,0.5985774397850037,0.511416494846344,0.5053377747535706,0.4935418963432312,0.44799137115478516,0.4811396300792694,0.398415207862854,0.594109058380127,0.5753511190414429,0.5821260809898376,0.46669119596481323,0.5769205689430237,0.39737340807914734,0.5738494396209717,0.34423157572746277,0.640934944152832,0.5760740637779236,0.6398707628250122,0.4798961281776428,0.6367987394332886,0.4226106107234955,0.6337336897850037,0.37443703413009644,0.6862028241157532,0.5951917767524719,0.7144240736961365,0.5307590365409851,0.7328569889068604,0.48605892062187195,0.749081015586853,0.442944198846817,Hello
0.6581465005874634,0.8435689210891724,0.5810875296592712,0.8202039003372192,0.5030201077461243,0.7401854395866394,0.4473190903663635,0.6795031428337097,0.4017851948738098,0.6564254760742188,0.5467263460159302,0.5975802540779114,0.511736273765564,0.5037841796875,0.4940757155418396,0.44665414094924927,0.48198527097702026,0.3972048759460449,0.5942855477333069,0.5739443302154541,0.5825088620185852,0.4648742079734802,0.5771716237068176,0.39573174715042114,0.5738041400909424,0.3427940309047699,0.6414303183555603,0.5742475390434265,0.6413962841033936,0.47766149044036865,0.6389522552490234,0.4212926924228668,0.6360731720924377,0.3739897608757019,0.6867145299911499,0.5932742357254028,0.7150396108627319,0.5288895964622498,0.733634352684021,0.4844222664833069,0.7499569654464722,0.44168931245803833,Hello
0.6583936810493469,0.8443923592567444,0.5803313255310059,0.8204643726348877,0.502230167388916,0.7390971183776855,0.4468691647052765,0.6783137321472168,0.40152454376220703,0.6561691164970398,0.5472733378410339,0.5973829627037048,0.5119045376777649,0.505222737789154,0.4938589334487915,0.4482613801956177,0.48175543546676636,0.39874908328056335,0.5947186946868896,0.5739922523498535,0.5827391743659973,0.4664624333381653,0.5776054859161377,0.3977397084236145,0.5747254490852356,0.3446057140827179,0.6417709589004517,0.5744131207466125,0.6406731605529785,0.48003268241882324,0.6379172205924988,0.42334818840026855,0.6351258158683777,0.3752610385417938,0.6871979236602783,0.5932422280311584,0.7149398326873779,0.529228150844574,0.7332755923271179,0.4846985936164856,0.7495740056037903,0.4416196346282959,Hello
0.6578118801116943,0.8421792387962341,0.5801276564598083,0.8194603323936462,0.5021209120750427,0.7388936877250671,0.4467792510986328,0.6777094602584839,0.4009242653846741,0.6558426022529602,0.5470147132873535,0.59781414270401,0.5114169120788574,0.5050613284111023,0.4935215711593628,0.4480922520160675,0.48169881105422974,0.3988887071609497,0.5943512916564941,0.5740370154380798,0.5827415585517883,0.46533122658729553,0.5774686336517334,0.3967287540435791,0.57437664270401,0.34408625960350037,0.6413089632987976,0.5744134187698364,0.640527069568634,0.47799035906791687,0.6378110647201538,0.4215811789035797,0.6351593136787415,0.3740020990371704,0.6866403222084045,0.5936025381088257,0.7146918773651123,0.5294439196586609,0.7331004738807678,0.48503920435905457,0.7494894862174988,0.44242674112319946,Hello
0.658034086227417,0.8425567150115967,0.5800740718841553,0.8187416195869446,0.5014938116073608,0.7382532358169556,0.44603151082992554,0.6772927045822144,0.40034398436546326,0.6543810367584229,0.546720027923584,0.598092794418335,0.5113909244537354,0.505480170249939,0.4934758245944977,0.4487602710723877,0.4811882972717285,0.39976072311401367,0.5941374897956848,0.5742061138153076,0.5825011134147644,0.46609026193618774,0.5773540735244751,0.3977992832660675,0.5742138624191284,0.3451747000217438,0.640920102596283,0.5742288827896118,0.6406175494194031,0.47880154848098755,0.6379657983779907,0.42239731550216675,0.6350569128990173,0.3746509552001953,0.6859920620918274,0.5929460525512695,0.7144380807876587,0.5288175344467163,0.7330307364463806,0.4841090142726898,0.7493718862533569,0.4409521520137787,Hello
0.6581858396530151,0.8423550724983215,0.5801474452018738,0.819169819355011,0.5018088817596436,0.738879919052124,0.4464688301086426,0.6781169772148132,0.4006938338279724,0.6564276814460754,0.5469760894775391,0.5983561277389526,0.5112785696983337,0.5058722496032715,0.4931626319885254,0.4490920305252075,0.48069819808006287,0.4002031683921814,0.594487726688385,0.5744791030883789,0.5824467539787292,0.46600183844566345,0.5771602988243103,0.39716142416000366,0.5740084648132324,0.3442392647266388,0.6414120197296143,0.5746685862541199,0.6404960751533508,0.4785436987876892,0.6377397775650024,0.42199742794036865,0.634871780872345,0.3742823004722595,0.6867191195487976,0.5934541821479797,0.7145809531211853,0.5295893549919128,0.7327225208282471,0.4853056073188782,0.7486438751220703,0.4426752030849457,Hello
0.6588985919952393,0.8419299125671387,0.5800829529762268,0.8192389011383057,0.5014254450798035,0.7386995553970337,0.44584012031555176,0.6776139140129089,0.39982450008392334,0.656159520149231,0.5468801856040955,0.5987566113471985,0.5110689997673035,0.506168782711029,0.49302536249160767,0.44941210746765137,0.48069238662719727,0.40063801407814026,0.5943787097930908,0.5744002461433411,0.5824083685874939,0.46574047207832336,0.576961100101471,0.3970607817173004,0.5737360119819641,0.344555139541626,0.6413480043411255,0.5740888714790344,0.6406977772712708,0.47776997089385986,0.63801109790802,0.42142629623413086,0.63516765832901,0.3741573095321655,0.6867237091064453,0.5924244523048401,0.714742124080658,0.5281955003738403,0.7327856421470642,0.4836336374282837,0.7486858367919922,0.4408133625984192,Hello
0.6588204503059387,0.8423438668251038,0.5803490281105042,0.8196293115615845,0.5021424889564514,0.7398680448532104,0.4464826285839081,0.6784374713897705,0.4001297652721405,0.6566363573074341,0.546867847442627,0.5986539721488953,0.5111851096153259,0.5059958100318909,0.49316975474357605,0.449151873588562,0.4808136820793152,0.4000008702278137,0.594344973564148,0.5746809244155884,0.5822949409484863,0.46598881483078003,0.5769088864326477,0.3970807194709778,0.5738363265991211,0.34373801946640015,0.6412284970283508,0.5748187899589539,0.6405580639839172,0.4783150553703308,0.6379498243331909,0.42188534140586853,0.6351131796836853,0.37398141622543335,0.6866576671600342,0.5935240387916565,0.7145860195159912,0.5290082693099976,0.7326217293739319,0.48444387316703796,0.7483928203582764,0.4411792755126953,Hello
0.6589541435241699,0.8428233861923218,0.5807247161865234,0.8203716278076172,0.5020168423652649,0.7394894361495972,0.4462876319885254,0.678108811378479,0.40009334683418274,0.6568707823753357,0.5465965270996094,0.5980339050292969,0.5112015008926392,0.5053503513336182,0.49334150552749634,0.44851434230804443,0.4810919165611267,0.3996332287788391,0.5943965315818787,0.5747098922729492,0.5823436975479126,0.46592557430267334,0.5770002007484436,0.3970065712928772,0.5738850235939026,0.34393009543418884,0.6416570544242859,0.5754363536834717,0.6407977938652039,0.4791344702243805,0.6380853056907654,0.4225500822067261,0.6350705027580261,0.3746081590652466,0.6873226165771484,0.5944295525550842,0.7142795324325562,0.5298944711685181,0.7318384647369385,0.48559004068374634,0.7472732663154602,0.44255638122558594,Hello
0.6581371426582336,0.8432847857475281,0.5804082751274109,0.8205301761627197,0.5019799470901489,0.73993319272995,0.4465254545211792,0.6788918375968933,0.4006950259208679,0.6567565202713013,0.5460575819015503,0.5977204442024231,0.5108080506324768,0.5047323703765869,0.4928743243217468,0.4478151798248291,0.4806378483772278,0.39888617396354675,0.5937774777412415,0.5741649270057678,0.5820404887199402,0.46542274951934814,0.5766320824623108,0.3967173099517822,0.5732697248458862,0.3440854251384735,0.6409730315208435,0.5745114684104919,0.6407474875450134,0.47819727659225464,0.638349175453186,0.42197996377944946,0.6355409026145935,0.3744175136089325,0.6864654421806335,0.5932499170303345,0.7141710519790649,0.5287124514579773,0.7322899103164673,0.48452073335647583,0.7481371760368347,0.4417814314365387,Hello
0.6589327454566956,0.8436431884765625,0.5808700919151306,0.8208450675010681,0.5024809837341309,0.7408186197280884,0.4475467801094055,0.680243968963623,0.4025946259498596,0.656727135181427,0.5462760925292969,0.5989848375320435,0.5108767747879028,0.5066453814506531,0.4927385151386261,0.4495086669921875,0.4804776906967163,0.40029385685920715,0.5940525531768799,0.5751755237579346,0.5817519426345825,0.46712949872016907,0.5765168070793152,0.3983321785926819,0.5735173225402832,0.3454066514968872,0.6413972973823547,0.5752338171005249,0.6403163075447083,0.48003554344177246,0.6377667784690857,0.4231683909893036,0.6349260210990906,0.3747754693031311,0.6871342658996582,0.5935292840003967,0.7143802046775818,0.5291282534599304,0.7325270771980286,0.4845934510231018,0.7485555410385132,0.441375732421875,Hello
0.6588913798332214,0.8432294130325317,0.5807071924209595,0.8199167251586914,0.5023726224899292,0.7396180629730225,0.44710248708724976,0.6783003807067871,0.40132755041122437,0.6561684012413025,0.5465853214263916,0.5984107851982117,0.5107829570770264,0.5049965977668762,0.4924956262111664,0.44778236746788025,0.4798949658870697,0.39881467819213867,0.5942478179931641,0.5748379230499268,0.5825484395027161,0.4659545421600342,0.5769610404968262,0.3973637521266937,0.5732358694076538,0.344771146774292,0.6412397623062134,0.5749701261520386,0.6407120823860168,0.4778573513031006,0.6380412578582764,0.42183759808540344,0.634985089302063,0.37477749586105347,0.6865606307983398,0.5936009287834167,0.7149243354797363,0.5288006067276001,0.7329916954040527,0.4842028021812439,0.7488000392913818,0.44146913290023804,Hello
0.6584506630897522,0.8426190614700317,0.5805972218513489,0.8193209767341614,0.5024925470352173,0.7400892376899719,0.4472995400428772,0.6788223385810852,0.40179547667503357,0.6557297110557556,0.5468029975891113,0.5991235375404358,0.5110577344894409,0.5064107775688171,0.4926856756210327,0.4490501582622528,0.48023414611816406,0.39972537755966187,0.5943413376808167,0.5754637718200684,0.5823261737823486,0.46738049387931824,0.5767822861671448,0.398833692073822,0.5734143853187561,0.3460805416107178,0.6411911249160767,0.5752569437026978,0.6404983997344971,0.47954869270324707,0.6375692486763,0.4229789972305298,0.6345536708831787,0.37510228157043457,0.686539351940155,0.5933379530906677,0.7147796154022217,0.528786301612854,0.7330875396728516,0.4841172695159912,0.7492794394493103,0.4412132501602173,Hello
0.6587748527526855,0.8425532579421997,0.581303060054779,0.8198732137680054,0.5034036040306091,0.7403016090393066,0.4481104612350464,0.6781395673751831,0.40195855498313904,0.654967188835144,0.547336995601654,0.5983578562736511,0.5116822719573975,0.5055612325668335,0.49327489733695984,0.44841086864471436,0.4806709289550781,0.3992360830307007,0.5948514342308044,0.5751428008079529,0.5831536054611206,0.467276930809021,0.5776602625846863,0.39879661798477173,0.5741375088691711,0.3463408052921295,0.6417587995529175,0.5755611062049866,0.6411083936691284,0.47990286350250244,0.6384892463684082,0.42387139797210693,0.6356144547462463,0.3767816126346588,0.6871135830879211,0.5943328142166138,0.7151630520820618,0.5298141837120056,0.7332684397697449,0.4853363633155823,0.7492892146110535,0.44279786944389343,Hello
0.6593313217163086,0.8418256044387817,0.5816671252250671,0.819214940071106,0.5037870407104492,0.7397782802581787,0.44832807779312134,0.678326427936554,0.4018537104129791,0.6552930474281311,0.5471444725990295,0.5977783799171448,0.5119547843933105,0.504760205745697,0.4937516748905182,0.44767576456069946,0.48123741149902344,0.39902329444885254,0.5946861505508423,0.5747591257095337,0.5830883383750916,0.467118501663208,0.5776912569999695,0.39913636445999146,0.5740653276443481,0.3472408652305603,0.6416181921958923,0.5750142335891724,0.6413210034370422,0.4797206521034241,0.6389830112457275,0.42396605014801025,0.6361892223358154,0.376889169216156,0.6869621276855469,0.5931012630462646,0.7148340940475464,0.5288327932357788,0.7329266667366028,0.48484688997268677,0.7489501237869263,0.4425457715988159,Hello
0.660317063331604,0.8421773314476013,0.5826296210289001,0.8205304741859436,0.504802405834198,0.7407830357551575,0.44924116134643555,0.6792537569999695,0.40292519330978394,0.6560646891593933,0.5480056405067444,0.5987033843994141,0.5122552514076233,0.5052611827850342,0.4940660893917084,0.44785386323928833,0.48157060146331787,0.39857709407806396,0.5953964591026306,0.5755272507667542,0.583268404006958,0.46755552291870117,0.578048586845398,0.3989090323448181,0.5748392343521118,0.34589678049087524,0.6421533823013306,0.5758172869682312,0.6411432027816772,0.4805666208267212,0.6383303999900818,0.42405033111572266,0.635208249092102,0.37599727511405945,0.6874960660934448,0.5940513014793396,0.7157986760139465,0.5293537378311157,0.7344606518745422,0.48513734340667725,0.7507829070091248,0.4422362744808197,Hello
0.6603811979293823,0.8423631191253662,0.582455039024353,0.8200998306274414,0.5048582553863525,0.739905059337616,0.44954416155815125,0.6778067350387573,0.4031749367713928,0.6557682752609253,0.5488710999488831,0.5990421772003174,0.5129062533378601,0.5054584741592407,0.4945511519908905,0.4481416344642639,0.4820597171783447,0.3987969160079956,0.5959526896476746,0.5757625102996826,0.5839370489120483,0.46716511249542236,0.5786828994750977,0.3984624445438385,0.5754606127738953,0.34568309783935547,0.6426186561584473,0.5760920643806458,0.641393780708313,0.4796565771102905,0.6386268734931946,0.42345130443573,0.6356257796287537,0.37618786096572876,0.6880101561546326,0.5946385264396667,0.7161390781402588,0.5299631357192993,0.7342542409896851,0.48562341928482056,0.750167965888977,0.443015992641449,Hello
0.6603661775588989,0.8415253758430481,0.5825228691101074,0.8193255662918091,0.5046993494033813,0.7394996881484985,0.4497438073158264,0.6783316731452942,0.4040261507034302,0.6560387015342712,0.5486236214637756,0.5994317531585693,0.5131341814994812,0.5061863660812378,0.49516332149505615,0.4485630393028259,0.482877254486084,0.399273544549942,0.5957666635513306,0.575806736946106,0.5841014385223389,0.46740907430648804,0.5792369246482849,0.3988087773323059,0.5763353109359741,0.34605666995048523,0.642410159111023,0.5755643844604492,0.6414932608604431,0.4796985387802124,0.6389012336730957,0.4236055016517639,0.6360766887664795,0.37603214383125305,0.6877561807632446,0.5934411287307739,0.7159839868545532,0.5292978286743164,0.7345187664031982,0.4853593707084656,0.7507568597793579,0.4431471824645996,Hello
0.6663572788238525,0.840569257736206,0.5895682573318481,0.8153606653213501,0.5116945505142212,0.737360954284668,0.4562697112560272,0.6786081790924072,0.4117005467414856,0.6563624143600464,0.5540375113487244,0.599860429763794,0.5191755294799805,0.5061427354812622,0.500916063785553,0.44828006625175476,0.4876819849014282,0.39813506603240967,0.6007719039916992,0.5762374401092529,0.5897819995880127,0.46821129322052,0.5845710039138794,0.3994535207748413,0.5802394151687622,0.3458932936191559,0.6478760838508606,0.5758883953094482,0.6470725536346436,0.4813430905342102,0.6438279747962952,0.4245222806930542,0.6399717926979065,0.3765474259853363,0.693384051322937,0.5942493081092834,0.7210882902145386,0.5308614373207092,0.7396844625473022,0.48684194684028625,0.7561655044555664,0.44491100311279297,Hello
0.667323648929596,0.8391844034194946,0.590512216091156,0.8138483762741089,0.5132540464401245,0.7348785996437073,0.458292156457901,0.6759796142578125,0.412396639585495,0.6554090976715088,0.5553414225578308,0.5954490900039673,0.5210810899734497,0.5021399855613708,0.5031041502952576,0.44513779878616333,0.48991426825523376,0.39727461338043213,0.6030110120773315,0.5729585886001587,0.592835009098053,0.4652268886566162,0.5867347121238708,0.3975629508495331,0.5810003280639648,0.3460523188114166,0.6506496667861938,0.5735381245613098,0.6511016488075256,0.47762322425842285,0.6486165523529053,0.42175376415252686,0.6450802087783813,0.3753003478050232,0.6959853172302246,0.5932994484901428,0.7242777347564697,0.5289489030838013,0.7422091364860535,0.484834223985672,0.7576998472213745,0.4433733820915222,Hello
0.6693266034126282,0.8394217491149902,0.5939106345176697,0.8142773509025574,0.5182191133499146,0.7370774745941162,0.463459849357605,0.6773876547813416,0.4171653091907501,0.6538089513778687,0.5589879155158997,0.5972493886947632,0.5246422290802002,0.5039882659912109,0.506955623626709,0.44679898023605347,0.49458837509155273,0.39701730012893677,0.6059870719909668,0.5737876296043396,0.5960127115249634,0.4659350514411926,0.5909985303878784,0.39726245403289795,0.5867789387702942,0.3442927598953247,0.652910053730011,0.5738275647163391,0.6543697714805603,0.4790695607662201,0.6521704792976379,0.42234981060028076,0.6488911509513855,0.3754914104938507,0.6979836225509644,0.5931495428085327,0.7267910838127136,0.528185248374939,0.7455700039863586,0.4837017059326172,0.761683464050293,0.4424580931663513,Hello
0.6714490652084351,0.8397223353385925,0.5955028533935547,0.8121938705444336,0.5198674201965332,0.7335194945335388,0.4643752872943878,0.67508864402771,0.41700538992881775,0.6543823480606079,0.5614151358604431,0.5956262350082397,0.5275606513023376,0.5029335618019104,0.5104646682739258,0.44615328311920166,0.4986639618873596,0.3970875144004822,0.6090853214263916,0.5729061365127563,0.5991174578666687,0.4651835262775421,0.5937012434005737,0.3971898555755615,0.5888963341712952,0.3439462184906006,0.6566429138183594,0.5735486149787903,0.657408595085144,0.47770339250564575,0.6556967496871948,0.4211353063583374,0.6526117324829102,0.37421342730522156,0.7018558979034424,0.5935580134391785,0.7292954921722412,0.5282233953475952,0.747535228729248,0.4840874671936035,0.7631358504295349,0.4431549310684204,Hello
0.6748501658439636,0.8420861959457397,0.5998673439025879,0.8134927749633789,0.5234484672546387,0.7317661643028259,0.467223584651947,0.6732684969902039,0.4194266200065613,0.6549248099327087,0.565700888633728,0.5952126979827881,0.5308442115783691,0.5020961761474609,0.5134021043777466,0.4445975422859192,0.5016537308692932,0.39535486698150635,0.6130128502845764,0.5720189809799194,0.6026537418365479,0.4640411138534546,0.596954345703125,0.3954458236694336,0.5920559763908386,0.3429229259490967,0.6607230305671692,0.5722672939300537,0.6620610356330872,0.4766761064529419,0.6597432494163513,0.4199012517929077,0.6559432744979858,0.3735252916812897,0.7059308886528015,0.5922343134880066,0.7338250875473022,0.527091920375824,0.7520313858985901,0.4828775227069855,0.767483651638031,0.4426782727241516,Hello
0.6807665228843689,0.8427608609199524,0.6037716865539551,0.8145416975021362,0.5253927111625671,0.7325235605239868,0.4684920012950897,0.6733835339546204,0.4201645255088806,0.6555144786834717,0.5685842633247375,0.5948714017868042,0.5338254570960999,0.5013316869735718,0.5163243412971497,0.4435069262981415,0.5044594407081604,0.393961638212204,0.6162523031234741,0.5721666216850281,0.6063648462295532,0.46417126059532166,0.6015589237213135,0.3961361348628998,0.5978960394859314,0.3434608578681946,0.6639572381973267,0.5731171369552612,0.6642463803291321,0.47638481855392456,0.6624552607536316,0.4202318787574768,0.6598026752471924,0.373996764421463,0.7093760967254639,0.5934317111968994,0.7367003560066223,0.5282436609268188,0.7550137042999268,0.48390352725982666,0.7711561918258667,0.44281989336013794,Hello
0.6840692758560181,0.8431108593940735,0.6072778105735779,0.8143543004989624,0.5295298099517822,0.734127402305603,0.4732118844985962,0.6753808856010437,0.4251745939254761,0.654282808303833,0.5726146697998047,0.5954346656799316,0.5368635654449463,0.5008618831634521,0.5187216997146606,0.4427289366722107,0.5063931941986084,0.39292216300964355,0.6202437877655029,0.5727661848068237,0.6083880066871643,0.4643224775791168,0.6019949316978455,0.3955119252204895,0.5970476269721985,0.34215614199638367,0.6679060459136963,0.5734995603561401,0.6677183508872986,0.4764389395713806,0.6651031970977783,0.41938871145248413,0.6615738868713379,0.37213337421417236,0.7132328748703003,0.5934382677078247,0.7400215864181519,0.5285298824310303,0.7577153444290161,0.4843938648700714,0.7732465267181396,0.44328609108924866,Hello
0.6875149607658386,0.8439304232597351,0.6102406978607178,0.8152002096176147,0.5329217314720154,0.736315131187439,0.4763365387916565,0.6772669553756714,0.4280875325202942,0.6539863348007202,0.574049174785614,0.5941051840782166,0.5385130643844604,0.4996911883354187,0.520341694355011,0.44231125712394714,0.5080863237380981,0.39291030168533325,0.6220350861549377,0.5713717341423035,0.6107591986656189,0.4636671543121338,0.6047504544258118,0.3954814374446869,0.6000953316688538,0.3428710401058197,0.6702292561531067,0.5725935697555542,0.6702802777290344,0.475969523191452,0.6681670546531677,0.4200591742992401,0.6650954484939575,0.3741133213043213,0.7164207100868225,0.5931836366653442,0.743727445602417,0.5280390977859497,0.7612689733505249,0.48407983779907227,0.7766953706741333,0.44315338134765625,Hello
0.6894553899765015,0.8441581726074219,0.6126202940940857,0.8149701356887817,0.5342490673065186,0.734752893447876,0.47835618257522583,0.675467848777771,0.4307498335838318,0.6533635854721069,0.5764725208282471,0.5940662622451782,0.5410473942756653,0.4994235038757324,0.5230513215065002,0.4415934681892395,0.5104894042015076,0.39173322916030884,0.6245595216751099,0.5713622570037842,0.6136347055435181,0.4628838896751404,0.608140766620636,0.39430752396583557,0.6037600040435791,0.3410961329936981,0.6726213693618774,0.5725456476211548,0.6732046604156494,0.4757896363735199,0.6706642508506775,0.41915029287338257,0.6672520637512207,0.37208279967308044,0.7184829711914062,0.5931272506713867,0.7460476160049438,0.5277893543243408,0.7640385627746582,0.4837515652179718,0.7795987725257874,0.44260740280151367,Hello
0.6916811466217041,0.8439493179321289,0.6150303483009338,0.8152684569358826,0.5365347266197205,0.7343471050262451,0.4800684452056885,0.6751736402511597,0.4311895966529846,0.6543393135070801,0.5784923434257507,0.5933239459991455,0.5425823330879211,0.497999906539917,0.5242629647254944,0.4397771954536438,0.5115494132041931,0.39013755321502686,0.6270577907562256,0.5707809329032898,0.6157433390617371,0.4613485336303711,0.6097193360328674,0.39268791675567627,0.6051414608955383,0.3398277163505554,0.6753836870193481,0.5721442699432373,0.6759711503982544,0.4740869700908661,0.6734440326690674,0.4165913760662079,0.6700764298439026,0.36906421184539795,0.7211430668830872,0.5928231477737427,0.748108983039856,0.5269858837127686,0.7660989165306091,0.48243024945259094,0.7816512584686279,0.4412824809551239,Hello
0.6956791877746582,0.8328237533569336,0.6187657117843628,0.8036817312240601,0.5414400100708008,0.7237887978553772,0.48540252447128296,0.664918065071106,0.4371686279773712,0.6443880200386047,0.5848291516304016,0.585253119468689,0.5504668951034546,0.4892841577529907,0.5336741805076599,0.43169063329696655,0.5212815999984741,0.3821810483932495,0.6320286989212036,0.5628050565719604,0.6215310096740723,0.4528956711292267,0.6148746609687805,0.3853590190410614,0.6081221699714661,0.3331904709339142,0.6797329187393188,0.5645572543144226,0.6816824078559875,0.46574121713638306,0.6790514588356018,0.40679481625556946,0.6746200323104858,0.3575044572353363,0.7249316573143005,0.5869051814079285,0.7545121312141418,0.5213987827301025,0.7730347514152527,0.47625118494033813,0.7884368896484375,0.43422985076904297,Hello
0.6973658204078674,0.8372604846954346,0.6204444169998169,0.8088763356208801,0.5427501201629639,0.7269712686538696,0.487520694732666,0.6667600274085999,0.44032159447669983,0.6423903703689575,0.5874331593513489,0.58551025390625,0.553029477596283,0.49109989404678345,0.5352895259857178,0.4335551857948303,0.5228251814842224,0.38333258032798767,0.6352705955505371,0.5634851455688477,0.6237178444862366,0.45516419410705566,0.6178614497184753,0.3871604800224304,0.6129478812217712,0.3336581885814667,0.6829463243484497,0.5651782751083374,0.6831449866294861,0.4682362973690033,0.680782675743103,0.40940403938293457,0.6770197153091431,0.35991978645324707,0.7284327149391174,0.5859922170639038,0.7553051114082336,0.5206667184829712,0.7735496759414673,0.4766760766506195,0.7889987826347351,0.4350997805595398,Hello
0.6991462111473083,0.8389187455177307,0.6215181946754456,0.8103047013282776,0.5433993935585022,0.7274527549743652,0.4876596927642822,0.6668005585670471,0.4403817057609558,0.6436067223548889,0.5881395936012268,0.586025059223175,0.5537270307540894,0.49180179834365845,0.5362021327018738,0.4341503977775574,0.524463415145874,0.38435763120651245,0.6363717317581177,0.5634244084358215,0.6242957711219788,0.4550551176071167,0.617855966091156,0.38752371072769165,0.6128112077713013,0.33534955978393555,0.6844910383224487,0.5648890137672424,0.6841713190078735,0.46672290563583374,0.6813897490501404,0.40829962491989136,0.6775809526443481,0.35987988114356995,0.7304116487503052,0.5853819251060486,0.7576503753662109,0.5204064846038818,0.775282621383667,0.4762694239616394,0.7903744578361511,0.43478161096572876,Hello
0.6993827223777771,0.8414503335952759,0.621365487575531,0.8132405281066895,0.5428580045700073,0.7297127842903137,0.4875842332839966,0.6677464246749878,0.44056665897369385,0.6442463994026184,0.5887026190757751,0.5871337056159973,0.5541493892669678,0.4922371208667755,0.5363680124282837,0.4344000816345215,0.5243338942527771,0.38418343663215637,0.6368728280067444,0.5653501749038696,0.6250786781311035,0.4571521580219269,0.6186815500259399,0.3898589611053467,0.6135513782501221,0.3372196853160858,0.6847817301750183,0.5670865774154663,0.6844645142555237,0.4697585105895996,0.681704044342041,0.41101157665252686,0.6780807971954346,0.3617739677429199,0.7306013107299805,0.5870327353477478,0.7575843334197998,0.5217280387878418,0.7755799889564514,0.47747284173965454,0.7913818955421448,0.4357570707798004,Hello
0.6999338865280151,0.8432981371879578,0.6205013990402222,0.8157787322998047,0.541022539138794,0.7311416864395142,0.485329806804657,0.6685842275619507,0.4383150339126587,0.6467017531394958,0.5894362330436707,0.5894330143928528,0.5550816655158997,0.49360597133636475,0.5373950004577637,0.4354073405265808,0.525038480758667,0.3853743374347687,0.6372591257095337,0.5670629143714905,0.6250489950180054,0.4584857225418091,0.6182745099067688,0.3910791873931885,0.6129707098007202,0.3390946686267853,0.6849120855331421,0.5683849453926086,0.6837080717086792,0.4703187942504883,0.680995762348175,0.4125145673751831,0.677513062953949,0.3645995557308197,0.7309993505477905,0.5879446268081665,0.7580416798591614,0.5226960778236389,0.7758092880249023,0.47883841395378113,0.7914133071899414,0.43779993057250977,Hello
0.6988053321838379,0.8458689451217651,0.6194596290588379,0.8181092739105225,0.540224552154541,0.7334145307540894,0.4844512343406677,0.6701159477233887,0.4369787573814392,0.6475958228111267,0.5880983471870422,0.591114342212677,0.5540618300437927,0.49531009793281555,0.5364543795585632,0.4369913637638092,0.5242084264755249,0.38695597648620605,0.6364993453025818,0.5691332817077637,0.6247984766960144,0.4597790837287903,0.6178575158119202,0.39209872484207153,0.612354576587677,0.33964818716049194,0.6843909621238708,0.57109534740448,0.684354841709137,0.4721844494342804,0.681697428226471,0.41369301080703735,0.6782110333442688,0.3650207817554474,0.7303952574729919,0.5915437340736389,0.7576315402984619,0.5255755186080933,0.775470495223999,0.4815552830696106,0.7911238074302673,0.4401566982269287,Hello
0.6951659917831421,0.8481453657150269,0.6165681481361389,0.8176501989364624,0.5380522608757019,0.7337672114372253,0.482096791267395,0.6724433898925781,0.4339912533760071,0.6507975459098816,0.5872740745544434,0.5927450060844421,0.5534347891807556,0.49698731303215027,0.5355942845344543,0.43820443749427795,0.5229707956314087,0.38753145933151245,0.6352219581604004,0.571701169013977,0.6240208745002747,0.4625566601753235,0.6176128387451172,0.3942945599555969,0.6127074956893921,0.3408166170120239,0.6826551556587219,0.5742223858833313,0.6831226348876953,0.47607314586639404,0.6808289289474487,0.4174434542655945,0.6776670813560486,0.36829811334609985,0.728102445602417,0.5954208970069885,0.7560855150222778,0.529096245765686,0.7745803594589233,0.4844662547111511,0.7906758189201355,0.4427865445613861,Hello
0.6928669214248657,0.8533666729927063,0.614478588104248,0.8218882083892822,0.536902666091919,0.7381490468978882,0.48066356778144836,0.6770970225334167,0.4319577217102051,0.6530375480651855,0.5852293968200684,0.5960858464241028,0.5511400699615479,0.5002428889274597,0.5333592891693115,0.44100213050842285,0.521151065826416,0.3904340863227844,0.633700966835022,0.5756810903549194,0.6218684315681458,0.4661392867565155,0.6147111654281616,0.39657121896743774,0.6092119216918945,0.3423084318637848,0.6813551783561707,0.579072892665863,0.681969940662384,0.4805099666118622,0.6798888444900513,0.42072564363479614,0.6763501763343811,0.3709021508693695,0.7266423106193542,0.6011969447135925,0.7547594308853149,0.5335826277732849,0.7734030485153198,0.4882444739341736,0.7892239093780518,0.445955753326416,Hello
0.6925512552261353,0.8652766942977905,0.6136004328727722,0.8376537561416626,0.5355671644210815,0.7523951530456543,0.4775250256061554,0.6867889761924744,0.4260464310646057,0.6620372533798218,0.5804838538169861,0.6059799790382385,0.5462977290153503,0.5085138082504272,0.5283930897712708,0.44867047667503357,0.5163514018058777,0.39714550971984863,0.6285448670387268,0.584184467792511,0.6168755888938904,0.47432199120521545,0.6111273169517517,0.40512168407440186,0.6070517301559448,0.35126346349716187,0.6763608455657959,0.5873510837554932,0.6768395900726318,0.48794886469841003,0.6762883067131042,0.42861974239349365,0.6740464568138123,0.37960416078567505,0.7225106358528137,0.6090130805969238,0.7495163083076477,0.5403273701667786,0.7678899765014648,0.4943475127220154,0.783871054649353,0.4518488645553589,Hello
0.6926298141479492,0.8656395673751831,0.6136221289634705,0.8381929397583008,0.5345944166183472,0.7530701160430908,0.4767412543296814,0.6891285181045532,0.42645397782325745,0.6648806929588318,0.5802293419837952,0.6085485219955444,0.5454568862915039,0.5104902982711792,0.5272362232208252,0.4503241777420044,0.5146981477737427,0.398734450340271,0.6291855573654175,0.5855557322502136,0.6170824766159058,0.4746987819671631,0.6109341979026794,0.40497106313705444,0.6069225668907166,0.3510309159755707,0.6773123741149902,0.5879674553871155,0.6790264844894409,0.4882490336894989,0.6776567697525024,0.4299314618110657,0.675132691860199,0.38139981031417847,0.7234605550765991,0.6094067096710205,0.7519509792327881,0.5426523089408875,0.770836353302002,0.4979099929332733,0.7871417999267578,0.4555304944515228,Hello
0.6926037669181824,0.8675114512443542,0.613860011100769,0.8398139476776123,0.5353951454162598,0.7557252645492554,0.4777529537677765,0.6911776065826416,0.4275294542312622,0.6647989153862,0.5811306834220886,0.6101375818252563,0.5462716817855835,0.5119701623916626,0.5280373096466064,0.45195066928863525,0.5153318643569946,0.3996661901473999,0.6302928924560547,0.5875937938690186,0.6187899708747864,0.4760841429233551,0.6129669547080994,0.4059709906578064,0.6088831424713135,0.351162850856781,0.6784622073173523,0.5906078219413757,0.6801206469535828,0.4907204508781433,0.6786597967147827,0.43209603428840637,0.6758888363838196,0.3827354907989502,0.7246388792991638,0.6124293208122253,0.7524502873420715,0.5451738834381104,0.770997166633606,0.4998576045036316,0.7870074510574341,0.45661625266075134,Hello
0.69361811876297,0.8702524900436401,0.6150282621383667,0.840907633304596,0.5361477732658386,0.7560292482376099,0.478437602519989,0.6923567056655884,0.4284663796424866,0.6663252115249634,0.5816636681556702,0.6108025312423706,0.5469536781311035,0.5123613476753235,0.5286005735397339,0.4522784352302551,0.5156735181808472,0.40052324533462524,0.631112813949585,0.5886510610580444,0.6196321249008179,0.47742605209350586,0.6134583950042725,0.4081852436065674,0.608817458152771,0.35459914803504944,0.6794472336769104,0.5917055010795593,0.6812272667884827,0.4916219115257263,0.6797749400138855,0.43308162689208984,0.6768379807472229,0.3842906653881073,0.7255719900131226,0.6134032607078552,0.7534393072128296,0.5460335612297058,0.7719288468360901,0.5007079839706421,0.7878421545028687,0.4576803743839264,Hello
0.6939224600791931,0.8707250952720642,0.6157013773918152,0.8418344259262085,0.5363640189170837,0.7559781074523926,0.4783351421356201,0.6922869086265564,0.4284999370574951,0.6675975322723389,0.5822337865829468,0.6104699969291687,0.5474849939346313,0.5125809907913208,0.5294075608253479,0.4526045620441437,0.5168513655662537,0.4011032283306122,0.6317123174667358,0.5885159969329834,0.6203310489654541,0.4771304726600647,0.6142695546150208,0.4071808457374573,0.6097087264060974,0.3532266914844513,0.680239737033844,0.5920057892799377,0.6816537380218506,0.4923780560493469,0.6795670986175537,0.4332687258720398,0.6761047840118408,0.38381221890449524,0.7266370058059692,0.614272952079773,0.754894495010376,0.5480086207389832,0.7732585072517395,0.5030961036682129,0.7890744209289551,0.4601747989654541,Hello
0.6948065757751465,0.8726087212562561,0.6166019439697266,0.8434070348739624,0.5369418859481812,0.7568256258964539,0.47917598485946655,0.6923214793205261,0.42927253246307373,0.6670689582824707,0.5828246474266052,0.6110566258430481,0.5482720136642456,0.513563871383667,0.5300593972206116,0.45388782024383545,0.517363429069519,0.4026341438293457,0.6326039433479309,0.589455246925354,0.6219094395637512,0.4782484173774719,0.6162647008895874,0.40896689891815186,0.6118038892745972,0.35541051626205444,0.681444525718689,0.5930218696594238,0.6830338835716248,0.49245917797088623,0.6812466979026794,0.43386733531951904,0.6779643893241882,0.3846001923084259,0.7280710935592651,0.6148359179496765,0.755972683429718,0.5481001138687134,0.7742384076118469,0.5027291774749756,0.790202260017395,0.45905083417892456,Hello
0.6961890459060669,0.8735117316246033,0.618101954460144,0.8447694182395935,0.5383685231208801,0.7576028108596802,0.4796708822250366,0.6922258138656616,0.42888131737709045,0.666934609413147,0.5841657519340515,0.6115165948867798,0.5496482253074646,0.5126343965530396,0.5314311385154724,0.45278990268707275,0.5186237096786499,0.4009910821914673,0.633944034576416,0.589573860168457,0.62347412109375,0.47750943899154663,0.6178060173988342,0.40798407793045044,0.613121747970581,0.3540756106376648,0.6826974153518677,0.5930293798446655,0.684765100479126,0.4923132061958313,0.6837719678878784,0.43351054191589355,0.6808901429176331,0.38459423184394836,0.7290425300598145,0.6149810552597046,0.7566121816635132,0.5477808117866516,0.7752103805541992,0.5029870867729187,0.7913748025894165,0.4604358673095703,Hello
0.6970967054367065,0.8736017942428589,0.61885005235672,0.8444445729255676,0.538762092590332,0.7576395869255066,0.48078426718711853,0.6925783157348633,0.43075844645500183,0.666610836982727,0.5842589735984802,0.6115158796310425,0.5503679513931274,0.5123270750045776,0.5326681733131409,0.452126145362854,0.5201286673545837,0.40033620595932007,0.6343424916267395,0.5899530053138733,0.6240060329437256,0.47711461782455444,0.6185114979743958,0.4069822430610657,0.6140249967575073,0.35245275497436523,0.6834661960601807,0.5936306715011597,0.6851190328598022,0.49328649044036865,0.6839228868484497,0.4345089793205261,0.6811397075653076,0.38544368743896484,0.7304114103317261,0.6159036755561829,0.758206307888031,0.5487433671951294,0.7771192789077759,0.5038099884986877,0.7937284708023071,0.4607986807823181,Hello
0.6974551677703857,0.8752018809318542,0.6195290684700012,0.8451080322265625,0.5390522480010986,0.7562002539634705,0.4808456003665924,0.6910755634307861,0.43041738867759705,0.6661640405654907,0.5854261517524719,0.6110287308692932,0.5512816905975342,0.5113736391067505,0.5332732200622559,0.45088934898376465,0.5205392837524414,0.3988921642303467,0.6353626251220703,0.5898116230964661,0.624841034412384,0.47746139764785767,0.6194468140602112,0.40755221247673035,0.6152207255363464,0.35321810841560364,0.6844518780708313,0.5938772559165955,0.6865200400352478,0.4939214289188385,0.685497522354126,0.43522515892982483,0.6829652190208435,0.38589057326316833,0.7311410307884216,0.6163440346717834,0.7590921521186829,0.5492903590202332,0.778084397315979,0.5037917494773865,0.7947962284088135,0.45981407165527344,Hello
0.6984232664108276,0.8751606941223145,0.6204150319099426,0.8446877002716064,0.540062427520752,0.7563061714172363,0.48187118768692017,0.6912707686424255,0.4312763214111328,0.6666995286941528,0.5861973166465759,0.6100081205368042,0.5523251891136169,0.5107823610305786,0.5346189737319946,0.4507107734680176,0.5220527052879333,0.39872080087661743,0.636279284954071,0.5886330008506775,0.625684380531311,0.4767177104949951,0.6204164028167725,0.40689778327941895,0.6162660717964172,0.35245466232299805,0.6853899955749512,0.5929984450340271,0.68714439868927,0.49373483657836914,0.6855602860450745,0.43473291397094727,0.682533860206604,0.3849599063396454,0.732088565826416,0.6159520149230957,0.7602471113204956,0.5495767593383789,0.7793077826499939,0.5046681761741638,0.7960464358329773,0.46128296852111816,Hello
0.700844943523407,0.8727109432220459,0.6225206255912781,0.843471884727478,0.5417954921722412,0.7552763819694519,0.4832024574279785,0.6897605061531067,0.43182048201560974,0.6653390526771545,0.5872247219085693,0.6078399419784546,0.5533868670463562,0.5081381797790527,0.5356210470199585,0.4479171335697174,0.5229121446609497,0.3964445888996124,0.6371145844459534,0.5863755941390991,0.6265420913696289,0.4735844135284424,0.6211073994636536,0.4044420123100281,0.6167398691177368,0.3510168492794037,0.6862968802452087,0.5909205079078674,0.688077986240387,0.49031734466552734,0.6869675517082214,0.43212705850601196,0.6843154430389404,0.38306429982185364,0.7333261966705322,0.613762617111206,0.7611205577850342,0.5470640659332275,0.7801923751831055,0.5023688077926636,0.7970597743988037,0.45886480808258057,Hello
0.7006958723068237,0.8726533651351929,0.6221996545791626,0.8424282073974609,0.541102409362793,0.7534102201461792,0.4824889302253723,0.6876996159553528,0.43158382177352905,0.6639078259468079,0.5878049731254578,0.6073548793792725,0.5537233948707581,0.5082710385322571,0.5358906388282776,0.44865721464157104,0.5230894088745117,0.39654985070228577,0.6375671625137329,0.5865210890769958,0.6272172927856445,0.4744746685028076,0.6221732497215271,0.40493255853652954,0.6182143092155457,0.3499450981616974,0.6864551901817322,0.5913429856300354,0.6883906722068787,0.4924086630344391,0.6875618696212769,0.4343734383583069,0.6851864457130432,0.3847612142562866,0.7334393262863159,0.6142498254776001,0.7617669105529785,0.5475967526435852,0.7811933755874634,0.5025156736373901,0.7981899380683899,0.4585024118423462,Hello
0.7006266713142395,0.8698834776878357,0.6219596266746521,0.8400738835334778,0.54146808385849,0.7525404691696167,0.4828445315361023,0.687078595161438,0.43139126896858215,0.6633338928222656,0.5874961018562317,0.6067306399345398,0.5534622669219971,0.507560670375824,0.5357012152671814,0.4473079442977905,0.5232810974121094,0.395458459854126,0.6371381878852844,0.5851459503173828,0.6261645555496216,0.47314417362213135,0.6208409070968628,0.40363746881484985,0.6170654296875,0.3496990203857422,0.686236560344696,0.5894943475723267,0.6875383853912354,0.49042731523513794,0.6862288117408752,0.43278002738952637,0.6840137839317322,0.3843487501144409,0.7333991527557373,0.6125691533088684,0.7614325284957886,0.5463188886642456,0.7804867029190063,0.5016674995422363,0.7975042462348938,0.4585673213005066,Hello
0.7002755999565125,0.8692095875740051,0.621058464050293,0.8390035629272461,0.5409159660339355,0.7518221735954285,0.482571542263031,0.6871078014373779,0.43179816007614136,0.6624709963798523,0.5875998139381409,0.6067386865615845,0.5536258816719055,0.5074176788330078,0.5358235239982605,0.44736427068710327,0.5230073928833008,0.3952201306819916,0.6375415325164795,0.5855484008789062,0.6268602609634399,0.4733952283859253,0.6219766139984131,0.40365922451019287,0.6184324026107788,0.34893932938575745,0.6865142583847046,0.5899857878684998,0.6877474188804626,0.4911828935146332,0.686592698097229,0.43278828263282776,0.6844227910041809,0.3830229938030243,0.7335015535354614,0.6127278208732605,0.7613692879676819,0.5461615324020386,0.7806445360183716,0.5011769533157349,0.79766446352005,0.4573809504508972,Hello
0.7000381946563721,0.8689119219779968,0.6207031011581421,0.838702380657196,0.5407534241676331,0.751329779624939,0.48260849714279175,0.6868748664855957,0.43216243386268616,0.6620229482650757,0.5874577760696411,0.6066169738769531,0.5538190007209778,0.5073165893554688,0.5362172722816467,0.4471408724784851,0.5238686800003052,0.39501023292541504,0.6374125480651855,0.5850248336791992,0.62640780210495,0.4728071689605713,0.6209627389907837,0.4028392434120178,0.6170675158500671,0.34845906496047974,0.6865102648735046,0.5892692804336548,0.6884466409683228,0.49001309275627136,0.6869990825653076,0.4315706491470337,0.6844199895858765,0.3822896182537079,0.7333489060401917,0.6121602058410645,0.7612977027893066,0.5453643798828125,0.7802755236625671,0.5002673864364624,0.7969272136688232,0.4567045569419861,Hello
0.7004533410072327,0.8674622774124146,0.620960533618927,0.8372467756271362,0.541017472743988,0.7512818574905396,0.4828689694404602,0.6872325539588928,0.4325631558895111,0.6622656583786011,0.5872909426689148,0.6056306958198547,0.553342342376709,0.5065627098083496,0.5356601476669312,0.44675835967063904,0.5231022238731384,0.39465683698654175,0.6373609900474548,0.5840615034103394,0.6265611052513123,0.47223079204559326,0.621319591999054,0.40288984775543213,0.6173771023750305,0.34870386123657227,0.6864656209945679,0.5885036587715149,0.6881418824195862,0.4896048903465271,0.6865970492362976,0.4316478967666626,0.6838748455047607,0.3823513388633728,0.7333101034164429,0.6115787029266357,0.7613695859909058,0.5448613166809082,0.7803129553794861,0.4997323155403137,0.7969174385070801,0.4556001126766205,Hello
0.7012158632278442,0.8665735721588135,0.6218506693840027,0.8372772336006165,0.5416995286941528,0.7510308027267456,0.48389333486557007,0.6863743662834167,0.4337960481643677,0.6604285836219788,0.5875041484832764,0.606214702129364,0.5533306002616882,0.5071074962615967,0.5357036590576172,0.44697538018226624,0.523370623588562,0.39461106061935425,0.6372194290161133,0.5835617780685425,0.6258876919746399,0.47184476256370544,0.6208098530769348,0.4018772542476654,0.6174002289772034,0.3473149836063385,0.6861492395401001,0.5868316888809204,0.6873291730880737,0.48858869075775146,0.6859061121940613,0.43033838272094727,0.6835977435112,0.38112857937812805,0.7330908179283142,0.608821451663971,0.7612950801849365,0.5432378649711609,0.7803382873535156,0.4988519549369812,0.7970065474510193,0.4556697607040405,Hello
0.7018864750862122,0.8660504817962646,0.6224965453147888,0.8374814391136169,0.5416033864021301,0.7502654194831848,0.4835445284843445,0.6853606700897217,0.4335426092147827,0.6607587337493896,0.5880740284919739,0.6046850085258484,0.5535609126091003,0.505571186542511,0.5355936288833618,0.44517070055007935,0.5230955481529236,0.3928835391998291,0.6379494667053223,0.5824589133262634,0.6259253025054932,0.4710943400859833,0.6202517747879028,0.40116024017333984,0.61663818359375,0.3466256558895111,0.6867935657501221,0.5861052870750427,0.6877516508102417,0.48813116550445557,0.685867190361023,0.4303589463233948,0.6832461357116699,0.38134726881980896,0.7334439754486084,0.6081591844558716,0.761073648929596,0.5423621535301208,0.7799427509307861,0.4978832006454468,0.796536922454834,0.4543731212615967,Hello
0.7025205492973328,0.8661565780639648,0.6230760812759399,0.8377000689506531,0.5416187047958374,0.7498289942741394,0.4833265542984009,0.684939980506897,0.4332900047302246,0.6596428155899048,0.5880272388458252,0.6046057343482971,0.5536161661148071,0.5053296685218811,0.5355138778686523,0.44497740268707275,0.5226444602012634,0.3928530216217041,0.6377975344657898,0.5826180577278137,0.6261463165283203,0.47073251008987427,0.6205454468727112,0.4009133577346802,0.6167203187942505,0.34663820266723633,0.6868101954460144,0.5864558815956116,0.6874158978462219,0.48797571659088135,0.6857193112373352,0.43004971742630005,0.6833324432373047,0.3808826506137848,0.7336521148681641,0.6084597706794739,0.7607103586196899,0.5421577095985413,0.7796740531921387,0.49764788150787354,0.7966445684432983,0.4541777968406677,Hello
0.7022168040275574,0.8664422631263733,0.6224860548973083,0.8382850885391235,0.5408090353012085,0.7492556571960449,0.4826763868331909,0.6839385628700256,0.4324047863483429,0.6592527627944946,0.5878416895866394,0.6039772033691406,0.5532886385917664,0.504389762878418,0.5352131724357605,0.4440452456474304,0.5224476456642151,0.3919151723384857,0.6376638412475586,0.5822446346282959,0.625917375087738,0.4701496362686157,0.6205634474754333,0.40008020401000977,0.6169680953025818,0.34576165676116943,0.6867268085479736,0.5862132906913757,0.6871262192726135,0.4875161051750183,0.6853549480438232,0.4294387698173523,0.6828118562698364,0.38036277890205383,0.7336610555648804,0.6081230044364929,0.7605748176574707,0.541820764541626,0.7792788743972778,0.4970746636390686,0.7960903644561768,0.4533223807811737,Hello
0.7017302513122559,0.8667452335357666,0.6221988201141357,0.8378334641456604,0.5406255722045898,0.7494127750396729,0.48255836963653564,0.6844056248664856,0.4326217770576477,0.6594565510749817,0.5873408317565918,0.6034340262413025,0.5530431866645813,0.5044881105422974,0.5348902344703674,0.4443424940109253,0.5218881368637085,0.3924153447151184,0.6371763944625854,0.5817322134971619,0.6258156895637512,0.4700542092323303,0.6203216314315796,0.40027981996536255,0.6165025234222412,0.3460160195827484,0.6861405372619629,0.5859495997428894,0.6868184804916382,0.4875544011592865,0.6852295994758606,0.4295498728752136,0.682834804058075,0.38033467531204224,0.7329237461090088,0.6084007024765015,0.7600749135017395,0.5423800349235535,0.7790307998657227,0.4975040555000305,0.7959930896759033,0.45346754789352417,Hello
0.7017291188240051,0.8654873371124268,0.6217842102050781,0.8361195921897888,0.5399154424667358,0.7484965920448303,0.4819220304489136,0.6838505268096924,0.4321432411670685,0.6601014733314514,0.5865964889526367,0.6025611758232117,0.5525809526443481,0.5034497976303101,0.5345994234085083,0.44319701194763184,0.5217211246490479,0.3910738527774811,0.6362408995628357,0.580950915813446,0.6252284646034241,0.46948012709617615,0.6198586225509644,0.39972028136253357,0.6162140369415283,0.34544625878334045,0.6852297782897949,0.5850043892860413,0.6863863468170166,0.4871876835823059,0.6850041747093201,0.4297546148300171,0.6829162836074829,0.38107115030288696,0.7322978973388672,0.6071577668190002,0.7595506906509399,0.5411977171897888,0.7784619331359863,0.49691593647003174,0.7955277562141418,0.45375800132751465,Hello
0.7012947797775269,0.8645457625389099,0.6213759779930115,0.8361104726791382,0.5398536324501038,0.7485578060150146,0.4816267192363739,0.6834999918937683,0.4315161108970642,0.6591898798942566,0.5866027474403381,0.6021711230278015,0.5522864460945129,0.503089964389801,0.5342836380004883,0.4427291750907898,0.5213715434074402,0.390619695186615,0.6361343860626221,0.5802225470542908,0.6244918704032898,0.468738853931427,0.6189916729927063,0.3987964391708374,0.6152526140213013,0.344457745552063,0.6849243640899658,0.5841653943061829,0.6855483055114746,0.48583364486694336,0.683366596698761,0.42818909883499146,0.6802950501441956,0.3792935609817505,0.7319737076759338,0.6063634753227234,0.7600929737091064,0.5406224131584167,0.7789015769958496,0.4962129592895508,0.7954946756362915,0.4526253938674927,Hello
0.7003910541534424,0.8642584085464478,0.620255708694458,0.8357359170913696,0.5384166240692139,0.7480701804161072,0.4806135892868042,0.682693362236023,0.43118029832839966,0.6594992280006409,0.5858079791069031,0.6012111306190491,0.5515879392623901,0.5023680329322815,0.5336399674415588,0.4425584375858307,0.5207774043083191,0.3910036087036133,0.6354654431343079,0.579742968082428,0.6241509914398193,0.46815624833106995,0.6184289455413818,0.3988068401813507,0.614400327205658,0.34493258595466614,0.6842083930969238,0.5838905572891235,0.6850714683532715,0.4852278232574463,0.6833385229110718,0.42783868312835693,0.6808351278305054,0.3792116641998291,0.7309895753860474,0.606238842010498,0.7590634226799011,0.539971113204956,0.7782484889030457,0.49537187814712524,0.7953299283981323,0.4517912268638611,Hello
0.6990466117858887,0.8626505136489868,0.6192209720611572,0.834058940410614,0.5375655889511108,0.7464755773544312,0.4795706570148468,0.6819782257080078,0.4301511347293854,0.6600224375724792,0.5853987336158752,0.600150465965271,0.551365077495575,0.5013063549995422,0.533435583114624,0.44146597385406494,0.5205733180046082,0.389766663312912,0.635165810585022,0.5789142847061157,0.6236565709114075,0.46732109785079956,0.6178039312362671,0.3975990414619446,0.6136565208435059,0.34366491436958313,0.6840510368347168,0.5833022594451904,0.6853126883506775,0.485034316778183,0.683381974697113,0.4275757670402527,0.6806212663650513,0.37908920645713806,0.7307755947113037,0.6059744954109192,0.758739709854126,0.5398085117340088,0.7777166962623596,0.4951379895210266,0.7946081161499023,0.45179444551467896,Hello
0.6985335350036621,0.8618765473365784,0.6193360686302185,0.8340096473693848,0.5378819704055786,0.7464794516563416,0.47978541254997253,0.6810424327850342,0.43035608530044556,0.6584488749504089,0.5844378471374512,0.6001332998275757,0.5499823093414307,0.5011698007583618,0.5321939587593079,0.4412543773651123,0.5197864770889282,0.38983088731765747,0.6340930461883545,0.5783230066299438,0.6226747632026672,0.4664455056190491,0.6171135902404785,0.39685410261154175,0.613071084022522,0.3429926335811615,0.6832574605941772,0.5819886326789856,0.6841130256652832,0.48358482122421265,0.6823716759681702,0.4261323809623718,0.6796779632568359,0.3776877820491791,0.7305271625518799,0.6040771007537842,0.7583216428756714,0.5385019779205322,0.7770001888275146,0.49376174807548523,0.7935664653778076,0.45030856132507324,Hello
0.6984236836433411,0.8613231182098389,0.6186434626579285,0.8328280448913574,0.5373666882514954,0.7455442547798157,0.4790841042995453,0.6806716918945312,0.42987149953842163,0.6579160690307617,0.5848115086555481,0.5999411940574646,0.550266444683075,0.5013046264648438,0.5322312712669373,0.44171059131622314,0.5196413993835449,0.390267550945282,0.6342284679412842,0.5781331658363342,0.6223447918891907,0.4663448631763458,0.6163152456283569,0.39655447006225586,0.6120741367340088,0.3426571488380432,0.6831709146499634,0.58174067735672,0.68416428565979,0.4833677411079407,0.6820133328437805,0.42542508244514465,0.679021954536438,0.3768254816532135,0.7302117943763733,0.6036642789840698,0.7582473754882812,0.5378860831260681,0.7766492366790771,0.4930286407470703,0.7929520606994629,0.4497089087963104,Hello
0.6984831690788269,0.8603019714355469,0.6190146207809448,0.8326645493507385,0.5378916263580322,0.7456596493721008,0.48012179136276245,0.6799461841583252,0.4312012195587158,0.6560887098312378,0.5841095447540283,0.5995984673500061,0.5495445132255554,0.5009295344352722,0.5317507982254028,0.44115501642227173,0.5193353891372681,0.38933271169662476,0.633722186088562,0.5770999789237976,0.6219159960746765,0.46558478474617004,0.6159489154815674,0.39546310901641846,0.6117451786994934,0.3413434326648712,0.6827006936073303,0.5803571939468384,0.6841256022453308,0.4817851185798645,0.6820240020751953,0.42331743240356445,0.679068922996521,0.374173104763031,0.729677140712738,0.6022347807884216,0.75870281457901,0.5365610122680664,0.7775704860687256,0.49148786067962646,0.7941392064094543,0.4477737843990326,Hello
0.6983125805854797,0.8611444234848022,0.6184422969818115,0.8321207761764526,0.5374854803085327,0.7451363205909729,0.4793413281440735,0.6801967620849609,0.4299895167350769,0.6564571261405945,0.5848420858383179,0.599399983882904,0.550068199634552,0.5009298324584961,0.5321481227874756,0.4414454400539398,0.5194873213768005,0.38966748118400574,0.6341922283172607,0.5772370100021362,0.6223055124282837,0.4657859206199646,0.6164287328720093,0.39609381556510925,0.6120949983596802,0.3418435752391815,0.6828122735023499,0.5805752873420715,0.683767557144165,0.48201727867126465,0.6816520690917969,0.423572838306427,0.6785291433334351,0.3741832375526428,0.7294872999191284,0.6023062467575073,0.758476734161377,0.5365955829620361,0.7772994637489319,0.4915301203727722,0.7936737537384033,0.4477360248565674,Hello
0.6974461078643799,0.8607982397079468,0.6188624501228333,0.8315355777740479,0.5379779934883118,0.7446072101593018,0.48005324602127075,0.680018961429596,0.4311731457710266,0.6563557386398315,0.5843538641929626,0.5984814763069153,0.5500475168228149,0.5003302097320557,0.5321667790412903,0.44108545780181885,0.5196298956871033,0.3894861340522766,0.6338739991188049,0.5765628814697266,0.6223743557929993,0.46545857191085815,0.6165264844894409,0.3959200978279114,0.6122453808784485,0.3420979380607605,0.682925283908844,0.5800644159317017,0.6847351789474487,0.48236510157585144,0.6826246380805969,0.42407476902008057,0.6795207262039185,0.374969482421875,0.7297681570053101,0.6020776033401489,0.7583492398262024,0.5365042090415955,0.7773464322090149,0.49202796816825867,0.7940460443496704,0.4491541087627411,Hello
0.6981513500213623,0.8611010909080505,0.6186100244522095,0.8315187692642212,0.5375690460205078,0.7444484829902649,0.4800691604614258,0.6803972721099854,0.43114393949508667,0.6567375659942627,0.5849671959877014,0.5994637608528137,0.5507105588912964,0.5013772249221802,0.5327497720718384,0.4419510066509247,0.5199260711669922,0.3902440071105957,0.6343615651130676,0.5772026777267456,0.6228747367858887,0.4661417305469513,0.6170343160629272,0.3965718746185303,0.6127519607543945,0.3423207402229309,0.683041512966156,0.580095112323761,0.6841680407524109,0.4821302890777588,0.6820700168609619,0.42338138818740845,0.679038405418396,0.37374308705329895,0.7296754121780396,0.6013991236686707,0.7584059238433838,0.5358142852783203,0.7776124477386475,0.49097391963005066,0.7944579124450684,0.44779616594314575,Hello
0.698059618473053,0.8606170415878296,0.6186704039573669,0.8312250375747681,0.5377465486526489,0.7443063259124756,0.47959816455841064,0.6794989109039307,0.430110901594162,0.6565238237380981,0.5846908688545227,0.5991178750991821,0.5505018830299377,0.5007750391960144,0.5325504541397095,0.4412654638290405,0.5197377800941467,0.38976675271987915,0.6342359781265259,0.5769850015640259,0.6230356693267822,0.46550998091697693,0.6169535517692566,0.3958129584789276,0.6122992634773254,0.3416125476360321,0.6830645799636841,0.5800685882568359,0.684410572052002,0.48168712854385376,0.6825255751609802,0.42327988147735596,0.6797166466712952,0.3740067183971405,0.7297822833061218,0.601718544960022,0.7583854794502258,0.5359932780265808,0.777664065361023,0.49103406071662903,0.7947038412094116,0.44778555631637573,Hello
0.6982104778289795,0.8619769811630249,0.6190944910049438,0.8321762681007385,0.5379080772399902,0.7444274425506592,0.48015016317367554,0.6799017190933228,0.4309409260749817,0.6562057733535767,0.5846084952354431,0.5989199280738831,0.5504467487335205,0.5008835792541504,0.5324662327766418,0.44143497943878174,0.5195462107658386,0.39002537727355957,0.6341134905815125,0.5774291157722473,0.6228841543197632,0.46645456552505493,0.6169078350067139,0.39660555124282837,0.6123613715171814,0.342547744512558,0.6829131245613098,0.5810644626617432,0.6844376921653748,0.4832075238227844,0.6822688579559326,0.4244534969329834,0.6791388988494873,0.3749050199985504,0.7295403480529785,0.6030993461608887,0.7585102319717407,0.5372812151908875,0.7777042388916016,0.49227720499038696,0.7945133447647095,0.4489147663116455,Hello
0.6988965272903442,0.8627259731292725,0.6190855503082275,0.8325225710868835,0.5375669598579407,0.7441129088401794,0.47934335470199585,0.679072380065918,0.42974698543548584,0.6565367579460144,0.5851201415061951,0.5994272232055664,0.5506212711334229,0.5012025237083435,0.5324826240539551,0.44166821241378784,0.5194387435913086,0.39020276069641113,0.6347867250442505,0.577484130859375,0.6234241127967834,0.46601682901382446,0.6170669198036194,0.3962002992630005,0.6122024059295654,0.3419952690601349,0.6834625601768494,0.5809224247932434,0.6847050189971924,0.48203200101852417,0.6822932958602905,0.4236030578613281,0.6789970397949219,0.37448620796203613,0.7297927141189575,0.6027553677558899,0.7583184838294983,0.5368041396141052,0.7774211764335632,0.4918674826622009,0.7942952513694763,0.44868701696395874,Hello
0.699400007724762,0.8632405996322632,0.6199724674224854,0.8336087465286255,0.5383532643318176,0.7454105019569397,0.48049160838127136,0.6805604696273804,0.43183228373527527,0.6564387679100037,0.5844879746437073,0.5984219312667847,0.5502780079841614,0.4992256164550781,0.5321816205978394,0.43935278058052063,0.5191046595573425,0.387820303440094,0.6342733502388,0.5765894055366516,0.6226813793182373,0.46505457162857056,0.6164778470993042,0.39520564675331116,0.6116204857826233,0.3413705825805664,0.6835213303565979,0.5803160667419434,0.6846683621406555,0.48196834325790405,0.6829771995544434,0.42353010177612305,0.6801992654800415,0.37419387698173523,0.7306942343711853,0.602325439453125,0.7591668963432312,0.5366697311401367,0.7783034443855286,0.4920665919780731,0.7952867150306702,0.44874101877212524,Hello
0.6991676092147827,0.8625375032424927,0.620198667049408,0.8333105444908142,0.5384756922721863,0.74546217918396,0.479772686958313,0.680603563785553,0.43031102418899536,0.6575894355773926,0.5853646993637085,0.5985449552536011,0.5508229732513428,0.49975383281707764,0.532618522644043,0.4399009943008423,0.5196619629859924,0.3878896236419678,0.6348234415054321,0.5766544342041016,0.6230143904685974,0.46505269408226013,0.6170188784599304,0.39546477794647217,0.6126464009284973,0.3411814272403717,0.6836672425270081,0.5802499055862427,0.6842601895332336,0.4813718795776367,0.6823264956474304,0.42287153005599976,0.6794665455818176,0.3733478784561157,0.7305464148521423,0.6021945476531982,0.758733868598938,0.5361674427986145,0.7778577208518982,0.49104681611061096,0.7947237491607666,0.44736313819885254,Hello
0.6985154747962952,0.8625686168670654,0.6194666028022766,0.8331167697906494,0.5382062196731567,0.7454175353050232,0.47948288917541504,0.6800867319107056,0.4301646947860718,0.6562114953994751,0.5846135020256042,0.5982730388641357,0.5505267977714539,0.49905335903167725,0.5325950980186462,0.43928372859954834,0.5197520852088928,0.3872700035572052,0.6344534158706665,0.5759847164154053,0.6232491135597229,0.46432995796203613,0.6175657510757446,0.3946027159690857,0.6129848957061768,0.34043678641319275,0.6837870478630066,0.5793434977531433,0.6845709681510925,0.4800802171230316,0.6826419234275818,0.42206496000289917,0.6794411540031433,0.37308740615844727,0.7311733365058899,0.6014842987060547,0.7599719762802124,0.5355114936828613,0.7789922952651978,0.4902697801589966,0.7956167459487915,0.4464508295059204,Hello
0.6988003849983215,0.8623177409172058,0.6195364594459534,0.8319234848022461,0.5379475355148315,0.7440218925476074,0.4798266887664795,0.6800016164779663,0.4313909411430359,0.6559585332870483,0.5850650072097778,0.5983803272247314,0.5508682727813721,0.49943310022354126,0.5329136252403259,0.43976372480392456,0.5201607942581177,0.38773906230926514,0.6347095966339111,0.5764859318733215,0.6235328912734985,0.4652349650859833,0.6175685524940491,0.39562827348709106,0.6130052208900452,0.341537743806839,0.6837908029556274,0.5798940062522888,0.6853330135345459,0.4818974733352661,0.6834274530410767,0.4232524335384369,0.6805016994476318,0.37360522150993347,0.7308114767074585,0.6016149520874023,0.7595454454421997,0.5358733534812927,0.7790041565895081,0.49100905656814575,0.7962356805801392,0.4476894736289978,Hello
0.6996545195579529,0.8620492219924927,0.6195164918899536,0.8318917751312256,0.5375290513038635,0.7437615394592285,0.4791771173477173,0.6788667440414429,0.42962646484375,0.6552306413650513,0.5856600999832153,0.5979257822036743,0.5511914491653442,0.498330682516098,0.5330668091773987,0.4382525384426117,0.5201182961463928,0.3862323760986328,0.635567307472229,0.5762011408805847,0.6238113641738892,0.46428102254867554,0.6174484491348267,0.3946339786052704,0.612729012966156,0.34081441164016724,0.6846729516983032,0.5798870325088501,0.6857737898826599,0.4809149503707886,0.6836783289909363,0.42279043793678284,0.6806034445762634,0.37380844354629517,0.7315770387649536,0.6016626954078674,0.7595562934875488,0.5359702110290527,0.7782484292984009,0.49122875928878784,0.7948418855667114,0.4478541910648346,Hello
0.6989675760269165,0.8619328737258911,0.6194844841957092,0.8319249153137207,0.5376901626586914,0.7439571619033813,0.4792177677154541,0.679870069026947,0.4301708936691284,0.6560965180397034,0.5855628848075867,0.5982609987258911,0.5513957738876343,0.4987248480319977,0.5334244966506958,0.43873780965805054,0.5206243991851807,0.3867136240005493,0.6353763937950134,0.5767436623573303,0.623763918876648,0.4649242162704468,0.6178324222564697,0.39519137144088745,0.613300085067749,0.34098708629608154,0.6845554709434509,0.5806077122688293,0.6858397126197815,0.48202550411224365,0.6841763854026794,0.42337313294410706,0.6813641786575317,0.37342211604118347,0.7315879464149475,0.6026288270950317,0.7594154477119446,0.536611795425415,0.778188169002533,0.49142003059387207,0.7947752475738525,0.44738370180130005,Hello
0.6991641521453857,0.8624264597892761,0.6190453767776489,0.8325862884521484,0.537092924118042,0.7436717748641968,0.47886091470718384,0.6790186762809753,0.43002545833587646,0.6557990908622742,0.585644543170929,0.5993703007698059,0.551815927028656,0.499367356300354,0.5339628458023071,0.4388998746871948,0.5211665630340576,0.38662537932395935,0.6354479789733887,0.5776634812355042,0.6236897706985474,0.46575894951820374,0.6179157495498657,0.39540237188339233,0.6136990785598755,0.34077510237693787,0.6846657395362854,0.5811075568199158,0.6853119730949402,0.48215451836586,0.6833518147468567,0.42325860261917114,0.6805391907691956,0.37352296710014343,0.7318615317344666,0.6027292013168335,0.7600002884864807,0.5368503928184509,0.779024600982666,0.4916428327560425,0.7959700226783752,0.4479027986526489,Hello
0.6993330121040344,0.8638668060302734,0.6199509501457214,0.8347114324569702,0.5385887622833252,0.7459412217140198,0.48047587275505066,0.6807531714439392,0.43113982677459717,0.6565104126930237,0.5863935947418213,0.6008492708206177,0.552379310131073,0.5008756518363953,0.5346248149871826,0.44037511944770813,0.5219553112983704,0.388568252325058,0.6360586881637573,0.5792057514190674,0.6246685981750488,0.4661670923233032,0.6192047595977783,0.39552444219589233,0.6150872111320496,0.34061816334724426,0.6852490901947021,0.5829573273658752,0.6864104270935059,0.4830726981163025,0.6846383213996887,0.42420342564582825,0.6816990971565247,0.37449318170547485,0.7323585748672485,0.6053207516670227,0.7613392472267151,0.5395410060882568,0.7806885838508606,0.49441713094711304,0.7977185845375061,0.450430691242218,Hello
0.6997130513191223,0.8647803068161011,0.620804488658905,0.8351559042930603,0.5395346283912659,0.7467502355575562,0.48167479038238525,0.6812246441841125,0.43225449323654175,0.6567320227622986,0.5871186256408691,0.6012741923332214,0.5531201362609863,0.5019786357879639,0.5352655649185181,0.44157856702804565,0.5225675106048584,0.3892034590244293,0.6368305683135986,0.5799111723899841,0.6256991028785706,0.4679526686668396,0.6199846863746643,0.39784204959869385,0.6156112551689148,0.3427615463733673,0.6858567595481873,0.5839943289756775,0.6873891949653625,0.48541802167892456,0.6851955652236938,0.4262460768222809,0.6819601655006409,0.37594369053840637,0.7328298091888428,0.6065194010734558,0.7613255977630615,0.5403425693511963,0.7804686427116394,0.4947369694709778,0.7973034977912903,0.45057064294815063,Hello
0.6995842456817627,0.8636683821678162,0.6210403442382812,0.8344570398330688,0.5396159291267395,0.7462096214294434,0.48192098736763,0.6806496977806091,0.43276384472846985,0.6564395427703857,0.5870043039321899,0.6009448766708374,0.5534193515777588,0.5021682381629944,0.5356545448303223,0.4419952630996704,0.5228803157806396,0.3900761306285858,0.6366584897041321,0.579352617263794,0.6258295774459839,0.4678763747215271,0.6204723119735718,0.39752277731895447,0.6164074540138245,0.3427966237068176,0.6859393119812012,0.5832342505455017,0.6875714063644409,0.4854963421821594,0.6858128309249878,0.4269845485687256,0.6830771565437317,0.3774888515472412,0.733272135257721,0.6059772968292236,0.7618582248687744,0.5401487350463867,0.7809548377990723,0.49497896432876587,0.7977195978164673,0.45136189460754395,Hello
0.6992022395133972,0.8630597591400146,0.620445728302002,0.8335966467857361,0.5391603708267212,0.7459295988082886,0.4816697835922241,0.6809372901916504,0.4326927065849304,0.6566098928451538,0.5870299339294434,0.6010727882385254,0.5532270073890686,0.502457857131958,0.535547137260437,0.4423930048942566,0.5228881239891052,0.3905158042907715,0.6366904973983765,0.5794582962989807,0.625706672668457,0.46801501512527466,0.6202363967895508,0.3977106213569641,0.6162146925926208,0.34309741854667664,0.6858676671981812,0.5832808017730713,0.6876491904258728,0.48555809259414673,0.6857229471206665,0.42698079347610474,0.682878315448761,0.3775191605091095,0.7330749034881592,0.6060402393341064,0.7619987726211548,0.5402513146400452,0.7811031937599182,0.49502912163734436,0.7977638840675354,0.45142191648483276,Hello
0.699133038520813,0.8633129596710205,0.6206405162811279,0.8326604962348938,0.5402270555496216,0.7457771301269531,0.4830162227153778,0.6814135313034058,0.43422389030456543,0.655699610710144,0.5872645974159241,0.600491464138031,0.5538274645805359,0.501965343952179,0.5360103249549866,0.44207271933555603,0.5232599973678589,0.3904660940170288,0.6369557976722717,0.5793678760528564,0.625985860824585,0.4683433473110199,0.6204753518104553,0.3981069326400757,0.6163061857223511,0.3435015380382538,0.6861575841903687,0.5834743976593018,0.6878701448440552,0.48601168394088745,0.6859333515167236,0.4269239604473114,0.682969868183136,0.37714487314224243,0.7332427501678467,0.6062047481536865,0.7620914578437805,0.540114164352417,0.7813735008239746,0.4946081340312958,0.7982766032218933,0.45080894231796265,Hello
0.6998621821403503,0.8633890748023987,0.6208582520484924,0.8332396745681763,0.5399922728538513,0.7452000975608826,0.4831778407096863,0.6805506944656372,0.43434008955955505,0.6557505130767822,0.5874699950218201,0.6003479361534119,0.5539104342460632,0.5021894574165344,0.5364290475845337,0.4422720670700073,0.5241584777832031,0.3908197283744812,0.6369809508323669,0.5792444944381714,0.625918447971344,0.4683091640472412,0.6206580400466919,0.3980764150619507,0.6169185638427734,0.34371811151504517,0.6860161423683167,0.5833777189254761,0.6873743534088135,0.48594099283218384,0.6854541897773743,0.4273010790348053,0.6826339960098267,0.3779345750808716,0.7330020070075989,0.6060487031936646,0.7618554830551147,0.5406018495559692,0.7811480164527893,0.4953141212463379,0.7981321811676025,0.45148196816444397,Hello
0.6991320252418518,0.8628494739532471,0.6195069551467896,0.8341121077537537,0.5386796593666077,0.7465583086013794,0.4817010164260864,0.6810471415519714,0.4328531324863434,0.655856192111969,0.5872800350189209,0.6017420291900635,0.5536304712295532,0.5028991103172302,0.5359899997711182,0.4433244466781616,0.5234279036521912,0.39161884784698486,0.6364058256149292,0.5802351236343384,0.6253102421760559,0.4688228368759155,0.6196576952934265,0.3992399573326111,0.6159401535987854,0.34507182240486145,0.6848109364509583,0.5838271379470825,0.6858961582183838,0.48548197746276855,0.6850318908691406,0.4277264475822449,0.6833853721618652,0.3788246512413025,0.7316027283668518,0.6053276062011719,0.7591080665588379,0.5390726327896118,0.7784082889556885,0.49458181858062744,0.7957154512405396,0.45156973600387573,Hello
0.6991087198257446,0.8633408546447754,0.6191000938415527,0.8347042798995972,0.5378729701042175,0.7468326687812805,0.48088985681533813,0.6810737252235413,0.43188831210136414,0.656222403049469,0.5864683389663696,0.6020849347114563,0.5530142188072205,0.5025067329406738,0.5354122519493103,0.4421490728855133,0.5227463841438293,0.3902759552001953,0.6359204649925232,0.5805535912513733,0.624313473701477,0.46928107738494873,0.6187946796417236,0.39934125542640686,0.615086555480957,0.3449711501598358,0.6845425963401794,0.5841533541679382,0.6856043934822083,0.4854642152786255,0.6844467520713806,0.42698973417282104,0.682408332824707,0.3777081370353699,0.731473445892334,0.6061073541641235,0.7595089673995972,0.5402469635009766,0.7786011099815369,0.495399534702301,0.7955064177513123,0.4518738389015198,Hello
0.6986990571022034,0.8629149794578552,0.618863046169281,0.8347530961036682,0.5383113026618958,0.7477806210517883,0.48104846477508545,0.6819138526916504,0.4317818880081177,0.6564202308654785,0.5853317379951477,0.6019046902656555,0.5521932244300842,0.5026572942733765,0.5346816182136536,0.44214165210723877,0.5224094390869141,0.39021623134613037,0.634629487991333,0.5802552103996277,0.6231140494346619,0.46920132637023926,0.6174916625022888,0.3992483615875244,0.6138163208961487,0.34522929787635803,0.6833301782608032,0.5837257504463196,0.6848575472831726,0.4856088161468506,0.683506190776825,0.4272114038467407,0.6814902424812317,0.37818771600723267,0.7302517890930176,0.6053557395935059,0.7587102055549622,0.5397210121154785,0.7779519557952881,0.49538612365722656,0.7952261567115784,0.4525010883808136,Hello
0.698191225528717,0.8629770278930664,0.6184820532798767,0.8354132175445557,0.5384037494659424,0.748841404914856,0.48118507862091064,0.6822806000709534,0.4314751923084259,0.6561631560325623,0.5854229927062988,0.6024194359779358,0.552238404750824,0.5029584169387817,0.5347548127174377,0.44212400913238525,0.5224097967147827,0.38978010416030884,0.6347009539604187,0.5803330540657043,0.6231266260147095,0.46874308586120605,0.6173186898231506,0.398536741733551,0.6134194731712341,0.3438565135002136,0.6830406188964844,0.5836796760559082,0.6842256784439087,0.48471367359161377,0.6823205947875977,0.42604729533195496,0.6796033382415771,0.3767220973968506,0.7296599745750427,0.6056350469589233,0.7583873271942139,0.5400720834732056,0.7775240540504456,0.4953274428844452,0.7943839430809021,0.4520851969718933,Hello
0.696995735168457,0.8625360727310181,0.6175788640975952,0.8344795107841492,0.5378533601760864,0.747753381729126,0.4808405637741089,0.6820537447929382,0.4315524399280548,0.6561737656593323,0.5848250985145569,0.6020503640174866,0.5518831610679626,0.5031261444091797,0.534528911113739,0.4427640438079834,0.5222282409667969,0.3907288908958435,0.6342100501060486,0.5802966356277466,0.6228346228599548,0.46890097856521606,0.61745685338974,0.39882707595825195,0.6138839721679688,0.3443461060523987,0.6827080845832825,0.5838460326194763,0.6840091943740845,0.48568689823150635,0.6824234127998352,0.42679351568222046,0.6802033185958862,0.3769592344760895,0.7293754816055298,0.6057648062705994,0.7580569386482239,0.5403140187263489,0.7776249647140503,0.4954792857170105,0.7948732972145081,0.4519802927970886,Hello
0.6966124773025513,0.8636125326156616,0.6173054575920105,0.8347022533416748,0.5376291275024414,0.7469039559364319,0.4807575047016144,0.6816644072532654,0.43175214529037476,0.656186044216156,0.5850261449813843,0.6031371355056763,0.5517411231994629,0.50394606590271,0.5342113971710205,0.4432683289051056,0.5217999219894409,0.39121711254119873,0.6343964338302612,0.5816142559051514,0.6229317784309387,0.46971121430397034,0.6174020171165466,0.3989064395427704,0.6137564778327942,0.34418484568595886,0.6829118728637695,0.5852504968643188,0.6843633055686951,0.4862942099571228,0.6823781728744507,0.4267981946468353,0.6797031164169312,0.37692609429359436,0.7293830513954163,0.60714191198349,0.7581902742385864,0.541126012802124,0.777466893196106,0.49575096368789673,0.7944541573524475,0.45204958319664,Hello
0.6961307525634766,0.8635512590408325,0.6173766851425171,0.8350799083709717,0.5378979444503784,0.7479648590087891,0.48117542266845703,0.6820870041847229,0.43208348751068115,0.6565694212913513,0.5847611427307129,0.602455735206604,0.5512284636497498,0.5038213133811951,0.5337027311325073,0.4433305859565735,0.5216535925865173,0.3915177583694458,0.6343201994895935,0.5806588530540466,0.6228220462799072,0.4691218137741089,0.6169641613960266,0.39876770973205566,0.6131928563117981,0.34436580538749695,0.6830339431762695,0.5842836499214172,0.6848849654197693,0.48532670736312866,0.6830222010612488,0.4264408051967621,0.6804901957511902,0.3770162761211395,0.7295213341712952,0.6066522002220154,0.7584813237190247,0.5412293672561646,0.7777921557426453,0.4963490962982178,0.7948387861251831,0.453149676322937,Hello
0.6960300207138062,0.8637945652008057,0.6173688173294067,0.8350631594657898,0.5381785035133362,0.748320460319519,0.48119375109672546,0.6824078559875488,0.4318053126335144,0.6563705801963806,0.5852283239364624,0.6028973460197449,0.5514779686927795,0.5047158002853394,0.5339388251304626,0.4445648789405823,0.5219274163246155,0.3927347660064697,0.6346675753593445,0.581075131893158,0.6231049299240112,0.46956557035446167,0.617314338684082,0.399492084980011,0.6136879324913025,0.34497207403182983,0.6832761168479919,0.5846129655838013,0.6846691370010376,0.4859181046485901,0.6828345060348511,0.42681053280830383,0.6804887652397156,0.3770594000816345,0.7298142910003662,0.6067849397659302,0.7583848237991333,0.541115403175354,0.7777488827705383,0.4962908923625946,0.7949076294898987,0.45319482684135437,Hello
0.6974206566810608,0.8649443984031677,0.6172334551811218,0.8360086679458618,0.5370215177536011,0.7478564977645874,0.4799407124519348,0.6823667287826538,0.4313972592353821,0.6574192047119141,0.5847031474113464,0.6033618450164795,0.5513139963150024,0.5045434832572937,0.5342810153961182,0.4446508288383484,0.5225052833557129,0.3931252658367157,0.6343556642532349,0.5813612341880798,0.6230759620666504,0.46978670358657837,0.6174278259277344,0.3996320962905884,0.6136595606803894,0.3455463945865631,0.6831977963447571,0.5847992300987244,0.6855207085609436,0.4862426519393921,0.6840534806251526,0.42766880989074707,0.6816087961196899,0.37849879264831543,0.7301522493362427,0.6064242720603943,0.7590782642364502,0.5405393242835999,0.7785130739212036,0.4959675073623657,0.7955659627914429,0.45286697149276733,Hello
0.697568953037262,0.865198016166687,0.6174566745758057,0.8356680274009705,0.5365201234817505,0.7471146583557129,0.4789639711380005,0.6818792223930359,0.42983579635620117,0.658502459526062,0.5851062536239624,0.6027200222015381,0.5517547726631165,0.5041165351867676,0.5343970060348511,0.44421452283859253,0.5221961736679077,0.39261341094970703,0.634666383266449,0.5808447599411011,0.6231569051742554,0.46928870677948,0.6174399852752686,0.39892417192459106,0.6135677099227905,0.3441874384880066,0.6834304332733154,0.5843769311904907,0.6852073073387146,0.4854937195777893,0.6836540699005127,0.42668235301971436,0.6810559034347534,0.3771987557411194,0.7302218675613403,0.6063411831855774,0.7591657638549805,0.5408226847648621,0.778616189956665,0.49594584107398987,0.7955610156059265,0.45251941680908203,Hello
0.6975811719894409,0.8653524518013,0.6180026531219482,0.8358121514320374,0.5370103716850281,0.7471264600753784,0.47978973388671875,0.681077241897583,0.43084782361984253,0.6572813987731934,0.5844808220863342,0.6029849052429199,0.5514938235282898,0.5039550065994263,0.5342152714729309,0.44394442439079285,0.5218296051025391,0.39273953437805176,0.6341461539268494,0.5810795426368713,0.6234269142150879,0.4688528776168823,0.6178666353225708,0.398670494556427,0.613502025604248,0.3442939519882202,0.6831918358802795,0.5843490362167358,0.6848006844520569,0.48467743396759033,0.6833983659744263,0.4258050322532654,0.6808697581291199,0.37629878520965576,0.7302510738372803,0.606184720993042,0.7593772411346436,0.5406872034072876,0.7789784669876099,0.4954950213432312,0.7962328791618347,0.4519779086112976,Hello
0.6968885064125061,0.8645385503768921,0.6175948977470398,0.8343107104301453,0.5368601083755493,0.746515154838562,0.479781836271286,0.6821700930595398,0.43099355697631836,0.6590548157691956,0.5850464105606079,0.6019850969314575,0.5519242286682129,0.5033010244369507,0.5343167781829834,0.443301796913147,0.5218914151191711,0.3918800354003906,0.6346563696861267,0.5809694528579712,0.6232378482818604,0.4693524241447449,0.6175287365913391,0.3992166817188263,0.613620400428772,0.3445582687854767,0.6836430430412292,0.5850154161453247,0.68486487865448,0.48679035902023315,0.6836048364639282,0.42814481258392334,0.6815099716186523,0.37857675552368164,0.7308183908462524,0.6070039868354797,0.7589231729507446,0.5410249829292297,0.7780283093452454,0.4957091808319092,0.7949532866477966,0.451796293258667,Hello
0.697712779045105,0.8640303611755371,0.618349552154541,0.8347810506820679,0.5371714234352112,0.7469925284385681,0.4800078272819519,0.6822596192359924,0.4316456615924835,0.6590079665184021,0.5852757096290588,0.6025915145874023,0.552084743976593,0.5038894414901733,0.5345293283462524,0.4438299536705017,0.5220397114753723,0.39231011271476746,0.6348204612731934,0.5811546444892883,0.6237267255783081,0.4694560468196869,0.6180808544158936,0.3991856276988983,0.6141420602798462,0.3448140621185303,0.6836491823196411,0.5849317908287048,0.685126543045044,0.4860876202583313,0.6835030317306519,0.42750585079193115,0.6809545159339905,0.37825480103492737,0.7306057214736938,0.6068201661109924,0.7587358355522156,0.5408756136894226,0.7778183817863464,0.4956597685813904,0.7948145270347595,0.45204058289527893,Hello
0.6980574727058411,0.8646588325500488,0.6182632446289062,0.8352770805358887,0.5372548699378967,0.7470069527626038,0.4802504777908325,0.6819815635681152,0.43159669637680054,0.6583856344223022,0.5852721333503723,0.6022553443908691,0.5521597266197205,0.5035123825073242,0.5346950888633728,0.44332757592201233,0.5225301384925842,0.3919728398323059,0.6346862316131592,0.5808786153793335,0.6230820417404175,0.4693549871444702,0.617497444152832,0.39912301301956177,0.6138529181480408,0.3448934853076935,0.6835647225379944,0.5846089124679565,0.684643030166626,0.4856899082660675,0.6831520795822144,0.42695552110671997,0.6809210181236267,0.3778507709503174,0.7305002212524414,0.6065624356269836,0.7586838603019714,0.5407518148422241,0.7778911590576172,0.49571388959884644,0.7951567769050598,0.45228874683380127,Hello
0.6984241008758545,0.8652362823486328,0.6189872026443481,0.8360240459442139,0.538223385810852,0.7483133673667908,0.4805026650428772,0.6825506091117859,0.43117374181747437,0.6575559973716736,0.5855728983879089,0.6024404764175415,0.5520025491714478,0.5035446286201477,0.5343000888824463,0.4435346722602844,0.5221120119094849,0.3919447064399719,0.6349698901176453,0.5808690190315247,0.6230490803718567,0.4691607356071472,0.6172109842300415,0.399361252784729,0.6133276224136353,0.3449353873729706,0.6836152076721191,0.5847025513648987,0.6848235130310059,0.48579680919647217,0.6831656694412231,0.42715662717819214,0.680569589138031,0.37784793972969055,0.7302830815315247,0.6068592667579651,0.7582823038101196,0.5409539937973022,0.7773253321647644,0.495959997177124,0.7941768765449524,0.45235565304756165,Hello
0.6987164616584778,0.8651785850524902,0.6190394163131714,0.8359030485153198,0.5379741191864014,0.7482628226280212,0.4803614616394043,0.6824086308479309,0.4313421845436096,0.6569661498069763,0.5852445363998413,0.6017109751701355,0.551804780960083,0.5027670860290527,0.5341911315917969,0.4428751468658447,0.5218611359596252,0.3912923038005829,0.6348105669021606,0.5800468921661377,0.6233907341957092,0.4685230255126953,0.6177003383636475,0.398989200592041,0.613641619682312,0.34477007389068604,0.6836575865745544,0.5839320421218872,0.684983491897583,0.4850229024887085,0.683580219745636,0.4266720414161682,0.6810956001281738,0.377581387758255,0.7305089235305786,0.6061073541641235,0.7579880952835083,0.5402433276176453,0.7767898440361023,0.4955349564552307,0.7935550212860107,0.45210015773773193,Hello
0.6981519460678101,0.8644331693649292,0.6186463236808777,0.8346604108810425,0.5377352237701416,0.7469418048858643,0.4802919030189514,0.6817604303359985,0.4315332770347595,0.6568818688392639,0.5851632952690125,0.6016599535942078,0.551719069480896,0.5029138326644897,0.5340437889099121,0.4429137110710144,0.5215293169021606,0.39099520444869995,0.6344822645187378,0.580269455909729,0.6232476234436035,0.4686806797981262,0.617637574672699,0.398676335811615,0.6136753559112549,0.34426575899124146,0.6830775141716003,0.584344208240509,0.6847465634346008,0.4858546853065491,0.6830400824546814,0.4273950159549713,0.6803238391876221,0.3780791461467743,0.7297715544700623,0.6066675782203674,0.7580088376998901,0.5405042171478271,0.7772576212882996,0.4957214295864105,0.7942411303520203,0.45234233140945435,Hello
0.6977486610412598,0.8634316921234131,0.6183560490608215,0.8343696594238281,0.5375198721885681,0.7472704648971558,0.4798809885978699,0.6819274425506592,0.43074071407318115,0.6574965119361877,0.5850960612297058,0.6014948487281799,0.5514456033706665,0.5028650164604187,0.5339740514755249,0.4427952170372009,0.522081732749939,0.390885591506958,0.6344492435455322,0.5799336433410645,0.6229768991470337,0.46869367361068726,0.6173120141029358,0.3988852798938751,0.613510012626648,0.34434935450553894,0.6829826831817627,0.5839014053344727,0.6849696636199951,0.4855242967605591,0.6834726929664612,0.4270477592945099,0.68088698387146,0.37774187326431274,0.7295649647712708,0.6063045859336853,0.7580318450927734,0.5405145883560181,0.7769885063171387,0.49548235535621643,0.7935605049133301,0.451659619808197,Hello
0.6977360248565674,0.864065408706665,0.6185733675956726,0.8356740474700928,0.537936270236969,0.7484642863273621,0.479819118976593,0.6827616691589355,0.4301273226737976,0.6583659648895264,0.5848047137260437,0.6020150184631348,0.5514869689941406,0.503470242023468,0.5341857075691223,0.4433358907699585,0.5222569108009338,0.3916182518005371,0.6340548992156982,0.5803082585334778,0.6228319406509399,0.4690570831298828,0.6173566579818726,0.3992980122566223,0.6135581731796265,0.3448951542377472,0.6827211976051331,0.584113359451294,0.6843818426132202,0.48557740449905396,0.6830106973648071,0.42680877447128296,0.6806355118751526,0.3773180842399597,0.7296377420425415,0.6064046621322632,0.7579813599586487,0.5403701066970825,0.7769943475723267,0.4951907992362976,0.7936922311782837,0.45130103826522827,Hello
0.6971266865730286,0.863670825958252,0.6172932982444763,0.835045337677002,0.5363626480102539,0.7475826740264893,0.4789625108242035,0.6819767951965332,0.4299268126487732,0.6576038599014282,0.58431077003479,0.6016468405723572,0.5509046316146851,0.5031274557113647,0.533461332321167,0.44283556938171387,0.5213993787765503,0.39112216234207153,0.6337680816650391,0.5802441239356995,0.6225436329841614,0.4688831567764282,0.6170360445976257,0.3986542820930481,0.6135507225990295,0.34427058696746826,0.6823219060897827,0.5843153595924377,0.6840230226516724,0.4856923520565033,0.6824023723602295,0.4275192320346832,0.6799967288970947,0.3784539997577667,0.7291373014450073,0.606497049331665,0.7575280666351318,0.540446400642395,0.7765772342681885,0.4956495761871338,0.7934496998786926,0.4520278573036194,Hello
0.6972097158432007,0.865193247795105,0.6177160739898682,0.8372452259063721,0.5368942618370056,0.7488991022109985,0.4794002175331116,0.6829240918159485,0.42976099252700806,0.6573374271392822,0.5840520858764648,0.6022078394889832,0.5508567690849304,0.5038491487503052,0.5332019925117493,0.4438108503818512,0.5208356380462646,0.3920655846595764,0.6336487531661987,0.5808277726173401,0.6224503517150879,0.4693715274333954,0.6169942021369934,0.399070143699646,0.6134619116783142,0.344262033700943,0.6825642585754395,0.5850938558578491,0.6839245557785034,0.4865744113922119,0.6822564005851746,0.4282129406929016,0.6797220706939697,0.3787175416946411,0.7295513153076172,0.6073718667030334,0.7570903301239014,0.5411646962165833,0.7757985591888428,0.4962741732597351,0.7925280332565308,0.452303409576416,Hello
0.6969287395477295,0.8646985292434692,0.6177753210067749,0.8365043997764587,0.5364525318145752,0.7484804391860962,0.47887641191482544,0.6819378733634949,0.42931291460990906,0.6570342779159546,0.5840786695480347,0.6021226048469543,0.5506385564804077,0.5035706758499146,0.5330776572227478,0.44374483823776245,0.5210093259811401,0.39193862676620483,0.6335920691490173,0.5805742144584656,0.6221129894256592,0.4690667390823364,0.6166876554489136,0.39868804812431335,0.613475501537323,0.34408286213874817,0.6823141574859619,0.5846825242042542,0.6838792562484741,0.4862300157546997,0.682418704032898,0.4281842112541199,0.6802371144294739,0.3793225586414337,0.729262113571167,0.6068787574768066,0.7573709487915039,0.5405590534210205,0.7763963937759399,0.495694100856781,0.79338139295578,0.45204609632492065,Hello
0.6961486339569092,0.8644537329673767,0.6171596646308899,0.8359191417694092,0.536395251750946,0.7484467029571533,0.4791577458381653,0.6822264194488525,0.4298737943172455,0.657723605632782,0.5838291049003601,0.6017249226570129,0.5504608154296875,0.5039219856262207,0.5329734086990356,0.4442877173423767,0.5208988189697266,0.39275628328323364,0.6334256529808044,0.5804547071456909,0.6222416758537292,0.4693334698677063,0.6168181896209717,0.3992682099342346,0.6134195923805237,0.3446250855922699,0.6821683645248413,0.5847713351249695,0.6836515665054321,0.4861460328102112,0.6822328567504883,0.4286348819732666,0.6799519658088684,0.37982290983200073,0.72919762134552,0.6073156595230103,0.7573516368865967,0.5410550832748413,0.776296854019165,0.4961227774620056,0.7931249737739563,0.45228809118270874,Hello
0.6972529292106628,0.8641802072525024,0.6180387735366821,0.8363326191902161,0.536837637424469,0.7475714683532715,0.47973155975341797,0.6805655360221863,0.43092453479766846,0.6554698944091797,0.5838795900344849,0.6012237071990967,0.5506318211555481,0.5025168061256409,0.5333067178726196,0.44259458780288696,0.5211840867996216,0.39127081632614136,0.6333802938461304,0.5796855688095093,0.6223965287208557,0.46847620606422424,0.6168220639228821,0.39877885580062866,0.6129184365272522,0.3449867069721222,0.682104766368866,0.5835182666778564,0.6834385395050049,0.4846354126930237,0.6820376515388489,0.4267813265323639,0.6796510219573975,0.37787044048309326,0.7288313508033752,0.6054472327232361,0.756935715675354,0.5400563478469849,0.7763574123382568,0.4956713914871216,0.7938189506530762,0.45244768261909485,Hello
0.6965855956077576,0.8640152215957642,0.6174025535583496,0.8362974524497986,0.5362961292266846,0.7472259998321533,0.479340523481369,0.6800453066825867,0.43034762144088745,0.6552114486694336,0.5839966535568237,0.6009879112243652,0.5507588386535645,0.5024706125259399,0.5335191488265991,0.442676305770874,0.5214030742645264,0.39124518632888794,0.6334770321846008,0.5797494053840637,0.6224449872970581,0.4684113562107086,0.6168821454048157,0.3987823724746704,0.6129150986671448,0.34462228417396545,0.6819748282432556,0.583886981010437,0.6830731630325317,0.4847691059112549,0.6814558506011963,0.42661911249160767,0.6788297891616821,0.3771449029445648,0.7285158634185791,0.6060857176780701,0.7569544315338135,0.5406497716903687,0.7765322327613831,0.4959396719932556,0.79393470287323,0.45223134756088257,Hello
0.696694016456604,0.863747775554657,0.617592453956604,0.8344974517822266,0.5364643335342407,0.7463238835334778,0.47912344336509705,0.6805647611618042,0.43000006675720215,0.6560375690460205,0.5844569206237793,0.6007043123245239,0.5511167049407959,0.5024373531341553,0.5337896347045898,0.4425736963748932,0.5215935707092285,0.3909236788749695,0.6340257525444031,0.5793275237083435,0.6230747103691101,0.4686598777770996,0.6172305941581726,0.3993668258190155,0.6130698919296265,0.3452565670013428,0.6825169324874878,0.5835323929786682,0.684302568435669,0.48479515314102173,0.682532548904419,0.426971971988678,0.6796945333480835,0.3777066767215729,0.7288193106651306,0.6059863567352295,0.7573626041412354,0.5410546660423279,0.7766978740692139,0.49662333726882935,0.7938448190689087,0.4531285762786865,Hello
0.696264386177063,0.8636410236358643,0.6175803542137146,0.8346279859542847,0.5368096828460693,0.7463578581809998,0.47973424196243286,0.6806631684303284,0.43079304695129395,0.6560661196708679,0.5838391780853271,0.6016175746917725,0.5510267615318298,0.5035077333450317,0.534008800983429,0.4435502290725708,0.5220882892608643,0.3918481469154358,0.6334700584411621,0.5801308751106262,0.6226558089256287,0.4692423343658447,0.6171940565109253,0.3993203043937683,0.6134832501411438,0.34500107169151306,0.6823283433914185,0.583979606628418,0.6841254830360413,0.4857085645198822,0.68269282579422,0.4275529384613037,0.6804336905479431,0.37822797894477844,0.7291586995124817,0.6060157418251038,0.7575669288635254,0.5408117771148682,0.7770012617111206,0.4962102174758911,0.794313371181488,0.45285695791244507,Hello
0.6965189576148987,0.8631425499916077,0.6171857118606567,0.8341289162635803,0.5368435382843018,0.7471511363983154,0.4799541234970093,0.6817580461502075,0.4310740828514099,0.6569093465805054,0.5842531323432922,0.6018940210342407,0.5514041781425476,0.5034995079040527,0.5342474579811096,0.443494975566864,0.5221998691558838,0.3918374478816986,0.6339645385742188,0.5805137157440186,0.6229234933853149,0.4695999026298523,0.6173834204673767,0.3995409607887268,0.6136230826377869,0.34511229395866394,0.682694673538208,0.5843367576599121,0.6844925880432129,0.48606163263320923,0.6829714775085449,0.42733943462371826,0.6806068420410156,0.37775129079818726,0.7294018268585205,0.6063131093978882,0.7581871747970581,0.5404952764511108,0.7775768041610718,0.49569040536880493,0.7946994304656982,0.4523555040359497,Hello
0.6965228319168091,0.8636817336082458,0.6175495386123657,0.834611713886261,0.5377916097640991,0.7475512027740479,0.4810807704925537,0.6819841265678406,0.4323946535587311,0.6569594740867615,0.5848291516304016,0.6018219590187073,0.5517416000366211,0.5034255981445312,0.5343368053436279,0.44319742918014526,0.5220968127250671,0.39144861698150635,0.6342875957489014,0.5804752707481384,0.6231328845024109,0.46975988149642944,0.6174501180648804,0.39981353282928467,0.6133565902709961,0.3453521728515625,0.6828779578208923,0.5844069719314575,0.6845816969871521,0.4863971769809723,0.6831299662590027,0.4276837408542633,0.6807495951652527,0.3779938519001007,0.7293678522109985,0.6067508459091187,0.7582310438156128,0.5414949655532837,0.7776059508323669,0.4965844452381134,0.7947779893875122,0.45292654633522034,Hello
0.6967463493347168,0.8644477128982544,0.618460476398468,0.834933876991272,0.5383390188217163,0.7477034330368042,0.48165619373321533,0.6826913952827454,0.4332295060157776,0.6573105454444885,0.5849180221557617,0.6016944050788879,0.5518486499786377,0.5030544400215149,0.534481942653656,0.44310545921325684,0.5224218964576721,0.3915560841560364,0.6346613168716431,0.5807443261146545,0.6236376166343689,0.4697307348251343,0.6179921627044678,0.39963287115097046,0.6139914393424988,0.3454141318798065,0.6833734512329102,0.5851143002510071,0.6858247518539429,0.4866069555282593,0.684215784072876,0.4274637699127197,0.6813420653343201,0.3777886629104614,0.7298253774642944,0.6077173948287964,0.7588691711425781,0.5419549345970154,0.7780783772468567,0.4965578317642212,0.7948325872421265,0.4526665210723877,Hello
0.6964923143386841,0.8632456064224243,0.6184473633766174,0.8333433270454407,0.5381722450256348,0.7463899850845337,0.4811064302921295,0.681951105594635,0.4326680898666382,0.6573801636695862,0.58509761095047,0.6019271016120911,0.552089273929596,0.5033478140830994,0.5348643064498901,0.44347649812698364,0.5227078199386597,0.3921959400177002,0.6349254250526428,0.5806431770324707,0.6240952610969543,0.46960294246673584,0.6185065507888794,0.40005090832710266,0.6143397688865662,0.3460872173309326,0.6838247776031494,0.584557056427002,0.6862225532531738,0.48547303676605225,0.6848664283752441,0.4267456829547882,0.6822974681854248,0.37722328305244446,0.730425238609314,0.6070470809936523,0.7593041062355042,0.5416409969329834,0.7785096168518066,0.49672454595565796,0.7953120470046997,0.45327967405319214,Hello
0.6985342502593994,0.8630857467651367,0.6194173097610474,0.8326846957206726,0.538931667804718,0.7451397180557251,0.48213839530944824,0.6805235147476196,0.43395525217056274,0.656573474407196,0.5870382785797119,0.602350652217865,0.5538086295127869,0.5032976865768433,0.536371111869812,0.44288110733032227,0.5237902402877808,0.3911339044570923,0.6364790797233582,0.5808286666870117,0.6255616545677185,0.4692150950431824,0.6201872825622559,0.3989546597003937,0.6162535548210144,0.3445434868335724,0.6849787831306458,0.5844985246658325,0.6868970394134521,0.4867599904537201,0.6849105358123779,0.4276782274246216,0.6818994283676147,0.3778747320175171,0.7313814759254456,0.6064515709877014,0.7600134015083313,0.5411916375160217,0.7793073654174805,0.4963409900665283,0.7962331771850586,0.45296552777290344,Hello
0.5819749236106873,0.8847936987876892,0.5800380706787109,0.7800958156585693,0.549483597278595,0.6737926602363586,0.5340301990509033,0.5856192708015442,0.5370566844940186,0.517150342464447,0.438262939453125,0.6581138372421265,0.4369886815547943,0.6769581437110901,0.4701687693595886,0.7080379128456116,0.4927193224430084,0.7225716710090637,0.4119057059288025,0.7156084775924683,0.4321005344390869,0.7523428797721863,0.46788373589515686,0.7761234045028687,0.48983368277549744,0.7861306667327881,0.4036411941051483,0.7812379598617554,0.4230298399925232,0.81290602684021,0.4564274549484253,0.8271360993385315,0.4776614010334015,0.8346801400184631,0.4042568504810333,0.8434696197509766,0.4194795787334442,0.865624725818634,0.45220261812210083,0.877187192440033,0.4736126959323883,0.8808774352073669,Done
0.5618252158164978,0.7460768222808838,0.5310415029525757,0.6262432932853699,0.4757223427295685,0.4814133942127228,0.4457975924015045,0.36671704053878784,0.45615631341934204,0.2682032585144043,0.4717825651168823,0.47083038091659546,0.31816864013671875,0.4862555265426636,0.33981943130493164,0.5379028916358948,0.37887823581695557,0.550602912902832,0.48094987869262695,0.5645295977592468,0.31890588998794556,0.5791054964065552,0.344890296459198,0.6256000995635986,0.38750624656677246,0.6408556699752808,0.48482707142829895,0.6706214547157288,0.3410230576992035,0.6732463240623474,0.3610537350177765,0.719409167766571,0.39982300996780396,0.7350592017173767,0.483967661857605,0.772596538066864,0.35788530111312866,0.7803142666816711,0.3536220192909241,0.7998217940330505,0.36813846230506897,0.8020820617675781,Done
0.5726224780082703,0.762225866317749,0.536064088344574,0.6442475318908691,0.4703756272792816,0.4956250786781311,0.4432275891304016,0.38004249334335327,0.44783666729927063,0.2741687595844269,0.4758763313293457,0.48556873202323914,0.3269231915473938,0.4987461566925049,0.3418745994567871,0.5482661724090576,0.37827643752098083,0.5573459267616272,0.48946475982666016,0.5671563744544983,0.3241817057132721,0.586379885673523,0.3469502329826355,0.6330149173736572,0.38754865527153015,0.6456201076507568,0.49428099393844604,0.6700358390808105,0.34959572553634644,0.6898072361946106,0.3764492869377136,0.725441575050354,0.4209446310997009,0.7323036789894104,0.4926632344722748,0.7731668949127197,0.3653484284877777,0.7757126688957214,0.33947518467903137,0.7814019918441772,0.3316231369972229,0.7790647745132446,Done
0.5674757361412048,0.7658888101577759,0.5267742872238159,0.6486963629722595,0.45848163962364197,0.5022489428520203,0.4262498915195465,0.3865031599998474,0.4309677183628082,0.2736717760562897,0.4705287218093872,0.471393346786499,0.3165830671787262,0.4872758388519287,0.31396082043647766,0.5573672652244568,0.3481013774871826,0.582034170627594,0.48618215322494507,0.5600199699401855,0.31556791067123413,0.5766367316246033,0.3175417184829712,0.6386369466781616,0.35375475883483887,0.6609919667243958,0.4927981495857239,0.6702631711959839,0.33991092443466187,0.6826562881469727,0.34483620524406433,0.7247498035430908,0.3798406720161438,0.7357305288314819,0.4911441206932068,0.7787237763404846,0.356918066740036,0.7850147485733032,0.33423012495040894,0.7939554452896118,0.33799973130226135,0.7906696200370789,Done
0.5702450275421143,0.763181209564209,0.5257240533828735,0.649906575679779,0.45677223801612854,0.5022392272949219,0.4223971962928772,0.38483330607414246,0.4273724853992462,0.2728937268257141,0.4708057641983032,0.4689428210258484,0.3134751319885254,0.4806179702281952,0.31624725461006165,0.5506219267845154,0.355874627828598,0.5732443928718567,0.4859147071838379,0.5602338314056396,0.3136122226715088,0.5737321972846985,0.32933637499809265,0.6321108937263489,0.3749482035636902,0.6500931978225708,0.49055033922195435,0.6693629026412964,0.34034401178359985,0.687187671661377,0.36435049772262573,0.7267400026321411,0.4121860861778259,0.7324695587158203,0.4862048625946045,0.7762176990509033,0.3543933033943176,0.7806243300437927,0.36913928389549255,0.7989238500595093,0.4065112769603729,0.8026058673858643,Done
0.5715780258178711,0.763819694519043,0.5221061706542969,0.6499589681625366,0.4514580965042114,0.4999285638332367,0.4213501811027527,0.3820553421974182,0.42924270033836365,0.2682717442512512,0.4737941026687622,0.46433621644973755,0.3168441355228424,0.48438161611557007,0.32198143005371094,0.5576348900794983,0.3602553904056549,0.5747532248497009,0.4935596287250519,0.5579260587692261,0.3189581036567688,0.5793970227241516,0.3368268311023712,0.6391316056251526,0.3831372559070587,0.6554309129714966,0.5011855959892273,0.6701838374137878,0.34376025199890137,0.6896502375602722,0.36723724007606506,0.7312090992927551,0.4154089689254761,0.7379725575447083,0.49779003858566284,0.7809290885925293,0.36077719926834106,0.7833320498466492,0.3763011395931244,0.8009945750236511,0.41695907711982727,0.8051707148551941,Done
0.5806774497032166,0.7699427604675293,0.5295529365539551,0.6520036458969116,0.4640878140926361,0.49859365820884705,0.4373781681060791,0.37566787004470825,0.44543394446372986,0.2593391239643097,0.4824753403663635,0.4655364751815796,0.3221174478530884,0.4860759973526001,0.33248695731163025,0.558731734752655,0.37345990538597107,0.5747076869010925,0.5009628534317017,0.5595118403434753,0.32641398906707764,0.5874379277229309,0.35020264983177185,0.6455153226852417,0.3978448212146759,0.6584456562995911,0.5066835880279541,0.6702234745025635,0.3538784384727478,0.6980196237564087,0.38327544927597046,0.7374640107154846,0.4326111972332001,0.7402021884918213,0.5022558569908142,0.7775124907493591,0.3721088469028473,0.7884427309036255,0.39671701192855835,0.8053225874900818,0.44119971990585327,0.8060199022293091,Done
0.5882088541984558,0.7760692238807678,0.5305530428886414,0.657881498336792,0.4639703631401062,0.5024256110191345,0.43973594903945923,0.37808316946029663,0.44939738512039185,0.2627636194229126,0.4877173900604248,0.46329623460769653,0.32738596200942993,0.4835575819015503,0.34314456582069397,0.5557594895362854,0.3862961232662201,0.569524884223938,0.5078541040420532,0.5572996735572815,0.3317233622074127,0.5875228047370911,0.3598202168941498,0.6436874866485596,0.40976855158805847,0.6559082269668579,0.5157662034034729,0.6688738465309143,0.3587420582771301,0.699712872505188,0.3914530575275421,0.7386273145675659,0.4430710971355438,0.7410045266151428,0.5138697624206543,0.7787038087844849,0.3794559836387634,0.7925887107849121,0.40638062357902527,0.8101214170455933,0.4538811147212982,0.809860110282898,Done
0.5936728119850159,0.7846445441246033,0.5359308123588562,0.6619921326637268,0.4729163348674774,0.5040654540061951,0.4488319456577301,0.3772624135017395,0.4589207172393799,0.25922873616218567,0.496774822473526,0.46413958072662354,0.3330756723880768,0.48598799109458923,0.3506731390953064,0.5580337047576904,0.39523550868034363,0.5682026743888855,0.5197525024414062,0.5597307682037354,0.34022510051727295,0.5930401086807251,0.3717559576034546,0.6465175151824951,0.42311108112335205,0.6546658277511597,0.530375063419342,0.6725186705589294,0.3689448833465576,0.7071409225463867,0.4048255980014801,0.744456946849823,0.4579775631427765,0.7444736957550049,0.5305873155593872,0.7836353778839111,0.38979342579841614,0.7983996272087097,0.41738760471343994,0.8163412809371948,0.4665561616420746,0.8162196278572083,Done
0.6000171899795532,0.7946269512176514,0.53884357213974,0.6667999029159546,0.4778674244880676,0.5065510869026184,0.45202136039733887,0.3763353228569031,0.4592554271221161,0.25522103905677795,0.5037139058113098,0.46281862258911133,0.34141623973846436,0.48745739459991455,0.35907691717147827,0.5548461079597473,0.4038642942905426,0.5627090930938721,0.525417149066925,0.5609778761863708,0.3443455100059509,0.5955810546875,0.3766091763973236,0.6440168619155884,0.4272666871547699,0.6523769497871399,0.534481406211853,0.6738362312316895,0.3706037104129791,0.7093717455863953,0.40750235319137573,0.7445715069770813,0.46017175912857056,0.7458543181419373,0.5332709550857544,0.785592257976532,0.3923712968826294,0.7992321252822876,0.4203454852104187,0.8146800994873047,0.46927815675735474,0.8141862154006958,Done
0.6095396280288696,0.8050761222839355,0.5477821230888367,0.6726857423782349,0.48590949177742004,0.5099312663078308,0.4549187123775482,0.37801051139831543,0.4590844511985779,0.2539333701133728,0.5100558996200562,0.4602881669998169,0.3464152216911316,0.4902797341346741,0.36215412616729736,0.56092768907547,0.4059745967388153,0.569620668888092,0.530192494392395,0.5603724718093872,0.3473860025405884,0.6009967923164368,0.38101595640182495,0.6499784588813782,0.43236684799194336,0.6580715775489807,0.5379167795181274,0.6732985377311707,0.3702525198459625,0.7139221429824829,0.40938645601272583,0.7504314184188843,0.46289947628974915,0.7521617412567139,0.535962700843811,0.7850853204727173,0.3926559388637543,0.7995895147323608,0.4253794550895691,0.8172781467437744,0.47716742753982544,0.8175853490829468,Done
0.6183612942695618,0.8084379434585571,0.5523645281791687,0.6714639067649841,0.4901675879955292,0.5078091621398926,0.4601624011993408,0.3759220242500305,0.4643547236919403,0.25213319063186646,0.5144292712211609,0.46055254340171814,0.34935489296913147,0.4931791424751282,0.3685690760612488,0.5648336410522461,0.41402530670166016,0.5720159411430359,0.5370562672615051,0.5641444325447083,0.35016459226608276,0.6067593097686768,0.3858919143676758,0.6559283137321472,0.4392222762107849,0.662712812423706,0.546672523021698,0.6785451173782349,0.37453708052635193,0.7164021134376526,0.4143407344818115,0.7525200247764587,0.4687040448188782,0.7542399168014526,0.5463173389434814,0.790149986743927,0.4009682536125183,0.7989940047264099,0.4338259994983673,0.8176912665367126,0.4852293133735657,0.8195675611495972,Done
0.6188549995422363,0.8126100897789001,0.5527999401092529,0.6713494062423706,0.4910306930541992,0.5064329504966736,0.46239423751831055,0.375338613986969,0.46593618392944336,0.25271075963974,0.5181208848953247,0.46059346199035645,0.3487776815891266,0.5002371072769165,0.37160712480545044,0.5697795748710632,0.4190763235092163,0.5741936564445496,0.541038453578949,0.5653167366981506,0.3493298292160034,0.6141753792762756,0.38865798711776733,0.6599909067153931,0.4427357614040375,0.6654202938079834,0.5514249205589294,0.6801280975341797,0.37419945001602173,0.7218459248542786,0.4166088402271271,0.7573990821838379,0.4714481830596924,0.7589283585548401,0.5523537993431091,0.7932186126708984,0.40118229389190674,0.8033050894737244,0.43603047728538513,0.8218271732330322,0.4900102913379669,0.8238762617111206,Done
0.6232695579528809,0.8176250457763672,0.5542229413986206,0.6738358736038208,0.49572455883026123,0.5078579783439636,0.46988722681999207,0.37518179416656494,0.47619643807411194,0.2519114315509796,0.527866542339325,0.45854803919792175,0.35551249980926514,0.5046442747116089,0.3771968483924866,0.5714463591575623,0.4239652454853058,0.5740939378738403,0.5515057444572449,0.5648877620697021,0.35876721143722534,0.6210566163063049,0.39733999967575073,0.6629189252853394,0.45076698064804077,0.663945734500885,0.5617901086807251,0.6802794933319092,0.38337501883506775,0.7263880372047424,0.42605727910995483,0.7595282793045044,0.4808548092842102,0.7572286128997803,0.5621469616889954,0.7929903268814087,0.41475704312324524,0.8102126121520996,0.4498884677886963,0.8280227780342102,0.5028864145278931,0.8265631198883057,Done
0.6320437788963318,0.8174622058868408,0.5623838901519775,0.6704611778259277,0.5003905892372131,0.5018610954284668,0.4711351990699768,0.366171658039093,0.48064184188842773,0.24084952473640442,0.5283238887786865,0.464424192905426,0.3580310046672821,0.5111933946609497,0.37773358821868896,0.57879638671875,0.4233558177947998,0.582650363445282,0.5525332689285278,0.5717001557350159,0.36252960562705994,0.6247550249099731,0.39826610684394836,0.668264627456665,0.44959619641304016,0.6722361445426941,0.5638166666030884,0.6868389844894409,0.38701313734054565,0.7289891242980957,0.4261108934879303,0.7640038728713989,0.4797782301902771,0.763178825378418,0.5649892091751099,0.7976895570755005,0.4158267378807068,0.8101232051849365,0.44767478108406067,0.8284246921539307,0.500140905380249,0.8290766477584839,Done
0.6333156228065491,0.8248652219772339,0.5644993185997009,0.6773432493209839,0.5038161873817444,0.5071431994438171,0.4776099622249603,0.36999189853668213,0.4878908097743988,0.24666288495063782,0.534826934337616,0.46832340955734253,0.35931113362312317,0.5093981027603149,0.37970057129859924,0.5763084888458252,0.4257645010948181,0.5817269682884216,0.5561193227767944,0.5732182860374451,0.3618842363357544,0.6246210336685181,0.4006064534187317,0.6654908657073975,0.454540878534317,0.6669382452964783,0.5642680525779724,0.6863927841186523,0.3849756419658661,0.727493166923523,0.4256702959537506,0.7613184452056885,0.47982868552207947,0.7600616812705994,0.5630175471305847,0.7968964576721191,0.41458773612976074,0.8097018003463745,0.44909757375717163,0.8291007280349731,0.5028088688850403,0.8297020196914673,Done
0.6396944522857666,0.8257838487625122,0.5692871809005737,0.6750760674476624,0.5077681541442871,0.5038906931877136,0.4823433458805084,0.36709943413734436,0.4921257197856903,0.24380388855934143,0.5318948030471802,0.46428027749061584,0.358953058719635,0.514641284942627,0.3834308087825775,0.5802441835403442,0.43038344383239746,0.5824063420295715,0.5547966957092285,0.5699589848518372,0.3632577061653137,0.6288923025131226,0.4049522280693054,0.6677266955375671,0.45851847529411316,0.6669637560844421,0.5660275816917419,0.6836973428726196,0.38826894760131836,0.7304244041442871,0.43048787117004395,0.7626591324806213,0.48429539799690247,0.7585726976394653,0.5681723356246948,0.7944440245628357,0.41991379857063293,0.8102610111236572,0.4534700810909271,0.8289270997047424,0.5056433081626892,0.8282124400138855,Done
0.6407931447029114,0.8264751434326172,0.5735660195350647,0.6775903105735779,0.5120384693145752,0.5073856115341187,0.48511239886283875,0.36998113989830017,0.49275046586990356,0.24612173438072205,0.5362797379493713,0.4627733826637268,0.36394640803337097,0.5089651346206665,0.3866031765937805,0.5737127065658569,0.432328999042511,0.5775812268257141,0.5583312511444092,0.5672620534896851,0.3659517765045166,0.625213623046875,0.4072703421115875,0.6635668873786926,0.4605306088924408,0.6632093787193298,0.5690168738365173,0.6807635426521301,0.3905026912689209,0.7270209193229675,0.4329403042793274,0.7589007019996643,0.48603418469429016,0.7555794715881348,0.5715922117233276,0.7921270728111267,0.42185479402542114,0.8085715174674988,0.4557770788669586,0.8258222937583923,0.5078194737434387,0.8236221671104431,Done
0.6445156335830688,0.830869197845459,0.575121283531189,0.6809430718421936,0.5144785046577454,0.5078009366989136,0.4884697496891022,0.3701314926147461,0.49896055459976196,0.24518346786499023,0.5392266511917114,0.461612343788147,0.3669051229953766,0.5115375518798828,0.39129379391670227,0.5771297216415405,0.4388112425804138,0.5786193013191223,0.5638784170150757,0.5666238069534302,0.36913615465164185,0.6279191374778748,0.41093701124191284,0.6661707758903503,0.4644634425640106,0.6650350093841553,0.5770530700683594,0.6808022260665894,0.39466968178749084,0.7279391288757324,0.4382849931716919,0.7590352892875671,0.4926055073738098,0.7537510395050049,0.5818430185317993,0.7921450734138489,0.4307289719581604,0.8068435192108154,0.46606218814849854,0.8236738443374634,0.5191118717193604,0.821186900138855,Done
0.6458688974380493,0.8304469585418701,0.5757946968078613,0.6756769418716431,0.5178194046020508,0.5007105469703674,0.4952135682106018,0.3637501001358032,0.5076048970222473,0.24199897050857544,0.5462445020675659,0.46733880043029785,0.3757771849632263,0.5141759514808655,0.3997737765312195,0.5761768817901611,0.44658055901527405,0.5763792991638184,0.5708248615264893,0.5759091973304749,0.3769058287143707,0.6336843967437744,0.41895344853401184,0.665435254573822,0.47266459465026855,0.6624755263328552,0.5837060213088989,0.6895879507064819,0.4021506607532501,0.7316232919692993,0.4457792341709137,0.7568145990371704,0.5000870823860168,0.7502882480621338,0.5879894495010376,0.7977393865585327,0.44130516052246094,0.809011697769165,0.47732624411582947,0.8224737644195557,0.5303406119346619,0.81973797082901,Done
0.6496780514717102,0.8317087888717651,0.5789538621902466,0.6765697598457336,0.5229741930961609,0.5030200481414795,0.501634418964386,0.36677730083465576,0.5116990804672241,0.24558839201927185,0.554421067237854,0.4675833582878113,0.38651353120803833,0.511143684387207,0.4093552231788635,0.5749901533126831,0.4556790888309479,0.5764718055725098,0.5783283710479736,0.5736509561538696,0.38487374782562256,0.6317598223686218,0.42429301142692566,0.6664193868637085,0.47711116075515747,0.6649191379547119,0.5895195007324219,0.6852982640266418,0.4083276391029358,0.7329558730125427,0.4498406648635864,0.7601779103279114,0.5035624504089355,0.7529367208480835,0.591682493686676,0.7918785810470581,0.4451218843460083,0.8107671141624451,0.4792567789554596,0.8263932466506958,0.5309239625930786,0.8223528861999512,Done
0.6536374092102051,0.8379826545715332,0.5864587426185608,0.6818482279777527,0.531029224395752,0.5071178674697876,0.5065478682518005,0.37072300910949707,0.5160026550292969,0.24806323647499084,0.560271680355072,0.47162267565727234,0.38915300369262695,0.5175686478614807,0.41504913568496704,0.5802996158599854,0.4638277292251587,0.580769419670105,0.5844688415527344,0.5782722234725952,0.38938745856285095,0.6355609893798828,0.43029963970184326,0.6690756678581238,0.4834793508052826,0.6667508482933044,0.5958535671234131,0.690919816493988,0.41174477338790894,0.7326796054840088,0.45322152972221375,0.7598501443862915,0.507255494594574,0.7538121342658997,0.5979325771331787,0.7983869314193726,0.44945448637008667,0.8108270764350891,0.4833967983722687,0.8260066509246826,0.5362237691879272,0.8242064714431763,Done
0.6604595184326172,0.8397693634033203,0.5947519540786743,0.6831186413764954,0.5377234816551208,0.5079419612884521,0.5109714865684509,0.3704759478569031,0.5195885896682739,0.24692359566688538,0.56601881980896,0.4721289873123169,0.3945951461791992,0.5181816816329956,0.42105692625045776,0.5792239308357239,0.47017765045166016,0.578055739402771,0.5890141129493713,0.5789021849632263,0.3937172591686249,0.6351935267448425,0.43564972281455994,0.668699324131012,0.48856794834136963,0.6659515500068665,0.5994830131530762,0.6913039088249207,0.41599923372268677,0.7327257394790649,0.4592648148536682,0.7599401473999023,0.5137638449668884,0.7534826993942261,0.6010254621505737,0.7985115051269531,0.4532756805419922,0.8127372860908508,0.4891601502895355,0.8280574083328247,0.5425801277160645,0.8253594636917114,Done
0.6610350608825684,0.843341052532196,0.5949304103851318,0.6841312646865845,0.5390828847885132,0.509240984916687,0.5150548219680786,0.3719783425331116,0.5258395671844482,0.24997171759605408,0.5677947998046875,0.47266778349876404,0.39780211448669434,0.5160622596740723,0.42737022042274475,0.5778071880340576,0.47792235016822815,0.5749228596687317,0.5902485847473145,0.5785011649131775,0.3981141448020935,0.633110761642456,0.44209954142570496,0.6657350063323975,0.4962829053401947,0.6616277098655701,0.6012588143348694,0.6901603937149048,0.42143920063972473,0.7294735908508301,0.4646282494068146,0.7570217251777649,0.518779993057251,0.7505581378936768,0.6039797067642212,0.7970384359359741,0.4580139219760895,0.8101311922073364,0.49375200271606445,0.824860155582428,0.5475406050682068,0.821709156036377,Done
0.6632387638092041,0.8456462025642395,0.5943880677223206,0.6862875819206238,0.5396661758422852,0.5085577964782715,0.5178990960121155,0.3705739378929138,0.5299582481384277,0.24834120273590088,0.5700510144233704,0.47155243158340454,0.39928555488586426,0.516261875629425,0.43010181188583374,0.5794157385826111,0.48206040263175964,0.5759626626968384,0.5949223041534424,0.5790911912918091,0.4019200801849365,0.6324979662895203,0.44575178623199463,0.6662890911102295,0.5002308487892151,0.6625609993934631,0.6070865988731384,0.6927312016487122,0.4241720139980316,0.7283291816711426,0.46606335043907166,0.7576453685760498,0.5206372141838074,0.7524519562721252,0.6102679967880249,0.801189661026001,0.462037056684494,0.8092466592788696,0.49568650126457214,0.8246157169342041,0.5490286350250244,0.8239541053771973,Done
0.667724072933197,0.8541676998138428,0.6001068949699402,0.6961676478385925,0.5469800233840942,0.5183538198471069,0.5240673422813416,0.378176212310791,0.5345743894577026,0.2537139654159546,0.5835878849029541,0.47695717215538025,0.4110953211784363,0.5192570686340332,0.44014155864715576,0.5834969282150269,0.49072036147117615,0.5815481543540955,0.6054545640945435,0.5833274722099304,0.4093678891658783,0.6363858580589294,0.4520733058452606,0.6714252829551697,0.506271481513977,0.6678870320320129,0.6128873825073242,0.69527667760849,0.42857712507247925,0.7323551774024963,0.47188976407051086,0.7639129161834717,0.5275101661682129,0.7577769756317139,0.6111786961555481,0.8025331497192383,0.4658476710319519,0.8148971796035767,0.5011019110679626,0.8317153453826904,0.5543126463890076,0.8295978307723999,Done
0.6702275276184082,0.8577442169189453,0.5997573137283325,0.6941124200820923,0.5459617376327515,0.5157315731048584,0.5243179202079773,0.37611663341522217,0.5376297235488892,0.2526398301124573,0.5815445184707642,0.47188204526901245,0.4071590006351471,0.5189221501350403,0.43526706099510193,0.585890531539917,0.48733219504356384,0.5852032899856567,0.6051134467124939,0.5778533220291138,0.4070373475551605,0.6350879669189453,0.4501238465309143,0.6727707386016846,0.5050013065338135,0.6688539981842041,0.6158360838890076,0.6912228465080261,0.427651584148407,0.7306631803512573,0.4709923267364502,0.7628753185272217,0.5269586443901062,0.7554105520248413,0.6187214255332947,0.8008140325546265,0.4683254659175873,0.8149223327636719,0.503229022026062,0.8324262499809265,0.5571810007095337,0.8301838040351868,Done
0.6707587242126465,0.8616983890533447,0.5992604494094849,0.6966408491134644,0.5455254912376404,0.516812801361084,0.5242786407470703,0.37613990902900696,0.5378273129463196,0.25221163034439087,0.5824220180511475,0.4719524383544922,0.40826869010925293,0.5185971856117249,0.4380713701248169,0.5852760076522827,0.4910148084163666,0.5832447409629822,0.6063421964645386,0.5774960517883301,0.4090629816055298,0.6355587840080261,0.45410993695259094,0.67253178358078,0.5091967582702637,0.6672384738922119,0.6173519492149353,0.6903185248374939,0.4308673143386841,0.7317675948143005,0.47553762793540955,0.7632464170455933,0.5313495993614197,0.7543784379959106,0.6208245754241943,0.7995480298995972,0.47152504324913025,0.8153892755508423,0.5066733956336975,0.8330150842666626,0.5598854422569275,0.8305205702781677,Done
0.672281801700592,0.8633260726928711,0.599909782409668,0.6974772214889526,0.545932412147522,0.5170849561691284,0.5249620676040649,0.3757238984107971,0.5393403768539429,0.2519219219684601,0.5827181339263916,0.469906747341156,0.4079526364803314,0.5163911581039429,0.4358401894569397,0.5851250290870667,0.48795145750045776,0.5852788090705872,0.6065828800201416,0.574560821056366,0.4081037640571594,0.6339753270149231,0.4516264796257019,0.6728829145431519,0.5065030455589294,0.6684634685516357,0.6176369786262512,0.6871923208236694,0.4309607744216919,0.730278491973877,0.47396567463874817,0.7625983357429504,0.5294514894485474,0.7532694935798645,0.621239185333252,0.7964565753936768,0.47071748971939087,0.8126959800720215,0.5050276517868042,0.830955445766449,0.5581387281417847,0.8279916048049927,Done
0.6746492981910706,0.8644790053367615,0.6036423444747925,0.6981554627418518,0.5486220121383667,0.5174553394317627,0.526075541973114,0.37638750672340393,0.5394249558448792,0.2525855302810669,0.5829328894615173,0.4689294397830963,0.40870147943496704,0.5150421857833862,0.4347609579563141,0.5837703347206116,0.48602303862571716,0.5847519636154175,0.606100857257843,0.5736277103424072,0.4083990454673767,0.6322681307792664,0.45044299960136414,0.6711826324462891,0.5050724148750305,0.6669669151306152,0.6166841387748718,0.686463475227356,0.4304227828979492,0.7276460528373718,0.4716401696205139,0.7601443529129028,0.5264801979064941,0.751409113407135,0.6199841499328613,0.7957820892333984,0.46930840611457825,0.8094691038131714,0.502485990524292,0.8279258608818054,0.5554500222206116,0.825743556022644,Done
0.6753135919570923,0.8649641275405884,0.6082268953323364,0.7010789513587952,0.5511412024497986,0.5203237533569336,0.5267317295074463,0.37855154275894165,0.5406502485275269,0.25382667779922485,0.5846723318099976,0.46898525953292847,0.4096379578113556,0.5144724249839783,0.43669572472572327,0.5819374322891235,0.4876392185688019,0.582236111164093,0.6050171256065369,0.5731939673423767,0.40881437063217163,0.6293120384216309,0.45258522033691406,0.6667637228965759,0.5073582530021667,0.6618660092353821,0.6132647395133972,0.6857459545135498,0.4291730523109436,0.7237379550933838,0.4705740213394165,0.7563389539718628,0.5245303511619568,0.7482287883758545,0.614642858505249,0.7951444387435913,0.4649156630039215,0.8077693581581116,0.4992389380931854,0.8256978988647461,0.5526783466339111,0.8229373693466187,Done
0.6740647554397583,0.8665982484817505,0.607201874256134,0.7020471692085266,0.5513887405395508,0.5220937132835388,0.5273289084434509,0.38026750087738037,0.5403701663017273,0.25521063804626465,0.5863555073738098,0.46982741355895996,0.40817952156066895,0.5163253545761108,0.4362372159957886,0.584855854511261,0.48796379566192627,0.5855711698532104,0.6063286662101746,0.5743199586868286,0.4080914258956909,0.6321832537651062,0.45270922780036926,0.6699482798576355,0.5080375075340271,0.6650749444961548,0.613838791847229,0.6873939633369446,0.4285631775856018,0.7257347702980042,0.47128331661224365,0.7589508891105652,0.5259868502616882,0.7516670227050781,0.6148070693016052,0.7975865602493286,0.4636818468570709,0.8094907402992249,0.4989778399467468,0.82765793800354,0.5535869002342224,0.8245737552642822,Done
0.6731659770011902,0.8634134531021118,0.6037026643753052,0.6984474658966064,0.5489285588264465,0.5183665752410889,0.5262668132781982,0.37683919072151184,0.5402879118919373,0.25269660353660583,0.582856297492981,0.46771034598350525,0.4062046408653259,0.5158705115318298,0.4302092492580414,0.5858031511306763,0.4804382920265198,0.5870973467826843,0.604781985282898,0.5735800266265869,0.40712615847587585,0.6315804123878479,0.4477255046367645,0.6721251010894775,0.5025657415390015,0.668979287147522,0.6143214702606201,0.6873950362205505,0.4286571741104126,0.7277174592018127,0.4680723249912262,0.761954128742218,0.5222386717796326,0.7551767826080322,0.6167148947715759,0.7972110509872437,0.4670679569244385,0.8116651177406311,0.5000720620155334,0.8300186991691589,0.5533570647239685,0.8265336155891418,Done
0.6754190325737,0.8656386137008667,0.6072140336036682,0.7020958065986633,0.5512468218803406,0.5209745168685913,0.527416467666626,0.378112256526947,0.5411025285720825,0.25318676233291626,0.5850354433059692,0.46984565258026123,0.4087528884410858,0.5161782503128052,0.43634098768234253,0.5858912467956543,0.48865175247192383,0.5857266783714294,0.6070557832717896,0.5748273730278015,0.4094436764717102,0.6316152215003967,0.4522936940193176,0.6708536744117737,0.5073003172874451,0.6662771701812744,0.6164425611495972,0.6879525184631348,0.43049192428588867,0.7286655902862549,0.4717690348625183,0.7625208497047424,0.5265945196151733,0.7542750835418701,0.6187677383422852,0.7977131009101868,0.46798577904701233,0.8121713399887085,0.5023807287216187,0.8311310410499573,0.5567384362220764,0.8282073736190796,Done
0.674630880355835,0.8700112104415894,0.6057366132736206,0.7037620544433594,0.5493784546852112,0.5207207798957825,0.5268036127090454,0.37748071551322937,0.5423935651779175,0.25133082270622253,0.585142195224762,0.47290313243865967,0.4100898802280426,0.5178923010826111,0.43544894456863403,0.5877049565315247,0.48633480072021484,0.5882742404937744,0.6074764132499695,0.5790504813194275,0.4091871678829193,0.6339920163154602,0.4494832754135132,0.675413191318512,0.504211962223053,0.6721119284629822,0.6169863343238831,0.6931431293487549,0.4302508234977722,0.7312816381454468,0.4693422317504883,0.7660033106803894,0.5242072939872742,0.7575936317443848,0.619073212146759,0.8025404214859009,0.46830224990844727,0.8135361671447754,0.5008334517478943,0.8330820202827454,0.5546530485153198,0.8309177160263062,Done
0.6755748391151428,0.8712455630302429,0.6069334745407104,0.7037768363952637,0.5497901439666748,0.5200120210647583,0.5270116329193115,0.37708228826522827,0.5422516465187073,0.25080057978630066,0.5843687057495117,0.4716193974018097,0.40937864780426025,0.5185558199882507,0.4348498582839966,0.5881478786468506,0.4860994219779968,0.5898312926292419,0.6063917279243469,0.5783213376998901,0.40975016355514526,0.6368581652641296,0.4504137635231018,0.6769635677337646,0.505175769329071,0.6733829379081726,0.6154648065567017,0.6935588717460632,0.430573046207428,0.7328622341156006,0.4693616032600403,0.7673596143722534,0.5240175127983093,0.7602227330207825,0.6165419220924377,0.8044644594192505,0.46691304445266724,0.8147217035293579,0.4981679916381836,0.8337720036506653,0.551043689250946,0.832927942276001,Done
0.6771049499511719,0.8690229654312134,0.6112647652626038,0.7016884684562683,0.553882360458374,0.5194832682609558,0.5286563038825989,0.376786470413208,0.5428735017776489,0.2503816783428192,0.5857049226760864,0.4720158874988556,0.4111005663871765,0.5175219178199768,0.43678173422813416,0.5863615274429321,0.4872733950614929,0.588070809841156,0.6064653992652893,0.5784245133399963,0.41045689582824707,0.6348670721054077,0.45158952474594116,0.6742329597473145,0.5059787034988403,0.6710660457611084,0.6148219704627991,0.6930368542671204,0.43084338307380676,0.7301780581474304,0.4703086018562317,0.7646647095680237,0.5247015953063965,0.7584302425384521,0.6155612468719482,0.8033884763717651,0.46538567543029785,0.8132094144821167,0.4976865351200104,0.8321165442466736,0.5511908531188965,0.8309775590896606,Done
0.6754373908042908,0.8695058822631836,0.6082632541656494,0.7027342915534973,0.5516507029533386,0.5198097229003906,0.5266749262809753,0.3765060305595398,0.5425244569778442,0.24948182702064514,0.5848023891448975,0.4708547294139862,0.40997594594955444,0.5191420912742615,0.43587997555732727,0.5880419611930847,0.4864887297153473,0.5890780091285706,0.6064356565475464,0.5785710215568542,0.40868914127349854,0.6371434330940247,0.4494406580924988,0.6766220927238464,0.5044171214103699,0.672759473323822,0.6158171892166138,0.6950185298919678,0.429065078496933,0.7331504821777344,0.4681851267814636,0.7674882411956787,0.5232402086257935,0.7602959871292114,0.6174978017807007,0.8068853616714478,0.46516019105911255,0.8163816928863525,0.49672749638557434,0.8342230319976807,0.5507792830467224,0.8320374488830566,Done
0.6766133904457092,0.868730902671814,0.609528660774231,0.7036373019218445,0.552478551864624,0.5202758312225342,0.5275785326957703,0.3755432963371277,0.5427774786949158,0.24820780754089355,0.586007833480835,0.4707639515399933,0.40920892357826233,0.5149242877960205,0.43419718742370605,0.5870761871337891,0.4851137399673462,0.5908523797988892,0.6072347164154053,0.5767124891281128,0.4074482321739197,0.6332875490188599,0.44820985198020935,0.6758293509483337,0.5033528208732605,0.6731060743331909,0.6154454946517944,0.6914459466934204,0.42744678258895874,0.7301651239395142,0.4669835567474365,0.7667191028594971,0.5221759080886841,0.7602939605712891,0.6155741214752197,0.8023403286933899,0.462589830160141,0.814696192741394,0.4947010576725006,0.8340654969215393,0.5488559007644653,0.8319302201271057,Done
0.6766489744186401,0.8704565763473511,0.6102335453033447,0.7034071087837219,0.5531314015388489,0.5207293629646301,0.5272724032402039,0.37757039070129395,0.5404908657073975,0.2504160404205322,0.5843088626861572,0.47067975997924805,0.40888482332229614,0.5155407786369324,0.433657169342041,0.5873461961746216,0.4842841625213623,0.5914198160171509,0.6050394177436829,0.5764955878257751,0.4067937433719635,0.6339353919029236,0.44661957025527954,0.6764965653419495,0.5016638040542603,0.6747694611549377,0.6131995320320129,0.6918380856513977,0.4271774888038635,0.7303513288497925,0.46551987528800964,0.7671912908554077,0.5208300948143005,0.761624813079834,0.6132304072380066,0.8030449748039246,0.46122583746910095,0.813711404800415,0.49148955941200256,0.8333799242973328,0.5449289679527283,0.8322403430938721,Done
0.6726204752922058,0.8673645257949829,0.6063147783279419,0.7006310820579529,0.5497887134552002,0.5183905959129333,0.5238747000694275,0.37520071864128113,0.5373415350914001,0.24776217341423035,0.5818823575973511,0.46823012828826904,0.4046759307384491,0.5172603130340576,0.4299546778202057,0.5902519226074219,0.48009347915649414,0.5930846929550171,0.6024424433708191,0.5747979283332825,0.40358906984329224,0.6361721754074097,0.4444037079811096,0.6786580681800842,0.4991287887096405,0.675127387046814,0.6102216839790344,0.6911201477050781,0.42350029945373535,0.7318158745765686,0.4620590806007385,0.7678481340408325,0.516418993473053,0.7617275714874268,0.6099556684494019,0.8027907013893127,0.4570561349391937,0.8153233528137207,0.4864882826805115,0.8336741328239441,0.5387487411499023,0.8312917947769165,Done
0.6742895245552063,0.8683357238769531,0.6084745526313782,0.7024605870246887,0.5509746074676514,0.5195071697235107,0.525074303150177,0.3754342198371887,0.537128746509552,0.24820834398269653,0.5817309617996216,0.4720363914966583,0.4042453169822693,0.5159257650375366,0.43120718002319336,0.5858619213104248,0.4834691882133484,0.5885942578315735,0.6018376350402832,0.5787890553474426,0.4026406705379486,0.6361782550811768,0.44541841745376587,0.6757047176361084,0.5015959143638611,0.6718040108680725,0.6102422475814819,0.6946271061897278,0.42320358753204346,0.7344943284988403,0.46434083580970764,0.7683574557304382,0.5206277966499329,0.7605120539665222,0.6117867827415466,0.8061344623565674,0.45878341794013977,0.8192563652992249,0.49202054738998413,0.8373154401779175,0.5470708608627319,0.8343802690505981,Done
0.6744769215583801,0.8693117499351501,0.609447181224823,0.704053521156311,0.5501147508621216,0.5216006636619568,0.5220038294792175,0.3778398633003235,0.5337914824485779,0.24987637996673584,0.5808910131454468,0.47133320569992065,0.4034413695335388,0.5164761543273926,0.4291483163833618,0.5865858197212219,0.4802670180797577,0.5897744297981262,0.6006041169166565,0.5787887573242188,0.401555597782135,0.6356537342071533,0.4423224627971649,0.6766254305839539,0.49789291620254517,0.6735154986381531,0.6082873344421387,0.6950798034667969,0.42180025577545166,0.7326053977012634,0.46044260263442993,0.7683257460594177,0.5157654285430908,0.7622864246368408,0.6091303825378418,0.8068729639053345,0.4556353688240051,0.817030668258667,0.485984206199646,0.8362398147583008,0.5398241281509399,0.8344094753265381,Done
0.6702017188072205,0.8677152991294861,0.6037254929542542,0.7029156684875488,0.5460488200187683,0.5200451016426086,0.5203043222427368,0.37566128373146057,0.5336776971817017,0.2478189468383789,0.5808367729187012,0.47047895193099976,0.40348637104034424,0.5158845782279968,0.4275146424770355,0.5872617363929749,0.47739967703819275,0.5905422568321228,0.6007481813430786,0.5783413052558899,0.40042629837989807,0.6359258890151978,0.4397715926170349,0.6778717637062073,0.4954616129398346,0.674868106842041,0.6077530384063721,0.6950998306274414,0.4199378192424774,0.7331924438476562,0.4574773609638214,0.7693325281143188,0.5129162669181824,0.763139545917511,0.6073815226554871,0.8071527481079102,0.45360100269317627,0.8188537359237671,0.48292076587677,0.8374581336975098,0.5366709232330322,0.8345567584037781,Done
0.6732181906700134,0.8664019107818604,0.6058570742607117,0.7004877328872681,0.5456600189208984,0.5189857482910156,0.5180894732475281,0.3762335777282715,0.5294481515884399,0.2489372193813324,0.577360212802887,0.4700448215007782,0.4012664258480072,0.5148172378540039,0.42622053623199463,0.5845192670822144,0.47779256105422974,0.5877439379692078,0.5975300669670105,0.5771227478981018,0.3996054232120514,0.6352400779724121,0.4403122663497925,0.6747010946273804,0.49619826674461365,0.6707221865653992,0.6056016087532043,0.6930273771286011,0.41987326741218567,0.7318839430809021,0.45939597487449646,0.7660289406776428,0.5155607461929321,0.7588592767715454,0.6063920855522156,0.8044766783714294,0.4539045989513397,0.8152600526809692,0.4848676025867462,0.8339318037033081,0.5391876101493835,0.8318788409233093,Done
0.670626699924469,0.8661338090896606,0.6041078567504883,0.7026445865631104,0.5429747700691223,0.520639955997467,0.5160077810287476,0.3766588270664215,0.5287777185440063,0.24902239441871643,0.5771047472953796,0.46935760974884033,0.401202917098999,0.5124031901359558,0.4287461042404175,0.5820229053497314,0.48009586334228516,0.5841852426528931,0.5962496399879456,0.5755659341812134,0.40005502104759216,0.6309503316879272,0.44164371490478516,0.6701725125312805,0.497453898191452,0.6662907004356384,0.6029869914054871,0.6904208660125732,0.42039915919303894,0.7285817265510559,0.4589008092880249,0.762195348739624,0.5135217308998108,0.7550158500671387,0.6022111177444458,0.8007749915122986,0.45234304666519165,0.811745822429657,0.4833393096923828,0.8306894302368164,0.5366358757019043,0.8278160095214844,Done
0.6686702370643616,0.8648669719696045,0.60443115234375,0.7009028196334839,0.5443903207778931,0.5196801424026489,0.5167189240455627,0.37549424171447754,0.5287951827049255,0.247841477394104,0.5770589709281921,0.46912938356399536,0.4016282856464386,0.51299649477005,0.42771217226982117,0.5814748406410217,0.4781917333602905,0.5838032960891724,0.5956134796142578,0.5758549571037292,0.4001676142215729,0.63152676820755,0.4411868751049042,0.6702210307121277,0.49641501903533936,0.6665136814117432,0.6022955179214478,0.6904962062835693,0.4209316372871399,0.7291982769966125,0.45965054631233215,0.7625102400779724,0.5136791467666626,0.7555631995201111,0.6020273566246033,0.8000749349594116,0.45421677827835083,0.8132457733154297,0.48580312728881836,0.8315883278846741,0.5388127565383911,0.8275040984153748,Done
0.6707045435905457,0.862223744392395,0.602901041507721,0.698864758014679,0.5441187024116516,0.5185724496841431,0.5180601477622986,0.3756948411464691,0.5297536253929138,0.24948599934577942,0.5761316418647766,0.468893438577652,0.40094858407974243,0.514369785785675,0.4271324574947357,0.5822316408157349,0.4781680405139923,0.5841374397277832,0.5958958864212036,0.5750735402107239,0.40063318610191345,0.6330930590629578,0.4418613016605377,0.6704631447792053,0.4970036745071411,0.6664450168609619,0.6034154891967773,0.6897377371788025,0.4212108254432678,0.7303173542022705,0.46040987968444824,0.7624497413635254,0.5151147246360779,0.7552360892295837,0.6034286022186279,0.7999871969223022,0.45430538058280945,0.8137738704681396,0.48590919375419617,0.8311581611633301,0.5393510460853577,0.8278091549873352,Done
0.670866847038269,0.862176775932312,0.6025063991546631,0.7013679146766663,0.5436480045318604,0.5197898149490356,0.5183476805686951,0.3758687973022461,0.5295689702033997,0.2491014301776886,0.5772467255592346,0.4675096869468689,0.4001849889755249,0.5154109597206116,0.42688947916030884,0.585389256477356,0.477929025888443,0.5868105888366699,0.5975644588470459,0.573442816734314,0.40003377199172974,0.6347077488899231,0.4419044256210327,0.6735028624534607,0.4974346160888672,0.668903112411499,0.605208158493042,0.6882479190826416,0.4209686517715454,0.7312581539154053,0.46046510338783264,0.7648491263389587,0.5149042010307312,0.7577279806137085,0.6052967309951782,0.7989789247512817,0.45571058988571167,0.8146976232528687,0.4874255359172821,0.8327562212944031,0.5404741764068604,0.8286950588226318,Done
0.6726548671722412,0.8603457808494568,0.6040616035461426,0.6983696222305298,0.5445222854614258,0.517606258392334,0.518806517124176,0.3745802044868469,0.530208170413971,0.24842292070388794,0.5775610208511353,0.4674026370048523,0.4008590579032898,0.5155978202819824,0.4271964430809021,0.5840464234352112,0.4782620370388031,0.5853875279426575,0.5970324277877808,0.5742178559303284,0.4002079963684082,0.6345782279968262,0.44212400913238525,0.6718131899833679,0.4978647232055664,0.6670560836791992,0.604764461517334,0.6894383430480957,0.4205527603626251,0.7309231162071228,0.46041375398635864,0.7627652287483215,0.5155133605003357,0.7551193237304688,0.605810821056366,0.8002204895019531,0.4561484456062317,0.8139798641204834,0.48792797327041626,0.8306570649147034,0.5415106415748596,0.8268327713012695,Done
0.672303318977356,0.866096556186676,0.6048239469528198,0.7047716379165649,0.5458344221115112,0.5217360258102417,0.5195018649101257,0.37775444984436035,0.529342770576477,0.2509879767894745,0.578128457069397,0.4668814539909363,0.40086227655410767,0.5164686441421509,0.42744821310043335,0.5862325429916382,0.4783272445201874,0.5868858695030212,0.5983780026435852,0.5714454054832458,0.40019237995147705,0.6329740285873413,0.44200068712234497,0.6728245615959167,0.49802473187446594,0.6685490608215332,0.6065807342529297,0.685178279876709,0.4212825894355774,0.7282025218009949,0.4609701633453369,0.7633464336395264,0.516173243522644,0.7565078735351562,0.607485830783844,0.7957102656364441,0.4564548134803772,0.8112090826034546,0.4876546263694763,0.830341100692749,0.5412276387214661,0.8266203999519348,Done
0.6716707944869995,0.860282301902771,0.6018462777137756,0.6976695656776428,0.5424096584320068,0.5178142189979553,0.5165942907333374,0.37412479519844055,0.5294986367225647,0.24802622199058533,0.5754457116127014,0.465941846370697,0.40074676275253296,0.5156445503234863,0.4256509244441986,0.5867024064064026,0.4754868149757385,0.5884957313537598,0.5966999530792236,0.570343017578125,0.4010625183582306,0.6329328417778015,0.44127514958381653,0.6738921403884888,0.4958416521549225,0.6692498922348022,0.6049647927284241,0.6838403940200806,0.4219200611114502,0.7276836633682251,0.4598648250102997,0.7623305916786194,0.5135887265205383,0.7544028162956238,0.6055771708488464,0.7931259870529175,0.45688140392303467,0.8103611469268799,0.4870073199272156,0.8291390538215637,0.5387260913848877,0.8251872062683105,Done
0.6724497079849243,0.8616830706596375,0.6031172275543213,0.7006090879440308,0.5442144274711609,0.5192683339118958,0.518243134021759,0.3753390908241272,0.529464602470398,0.24886763095855713,0.5787991285324097,0.4675309658050537,0.4033163785934448,0.5155722498893738,0.4301602244377136,0.5842206478118896,0.48104166984558105,0.5846460461616516,0.5997010469436646,0.5724976658821106,0.4030066728591919,0.6317695379257202,0.44388529658317566,0.6705231070518494,0.499108225107193,0.6659510135650635,0.6082597374916077,0.6861302256584167,0.42358291149139404,0.727405309677124,0.46247637271881104,0.7615309357643127,0.5175006985664368,0.7540693879127502,0.6094452738761902,0.7959890365600586,0.45983824133872986,0.8115362524986267,0.49126914143562317,0.8292388916015625,0.5447458624839783,0.824956476688385,Done
0.678973913192749,0.867175817489624,0.6105173826217651,0.7061805725097656,0.5499345660209656,0.524239718914032,0.5228458642959595,0.37959834933280945,0.5338438749313354,0.25236034393310547,0.5792901515960693,0.4710177779197693,0.40505528450012207,0.5176011323928833,0.43105870485305786,0.5867587327957153,0.4820108115673065,0.5886958241462708,0.6006890535354614,0.5738692283630371,0.40469563007354736,0.635334312915802,0.44578126072883606,0.6759071350097656,0.5005851984024048,0.6721675395965576,0.6100977659225464,0.6873639225959778,0.4261035621166229,0.7317371964454651,0.4664729833602905,0.7666344046592712,0.5216528177261353,0.7591186761856079,0.6123709678649902,0.798471212387085,0.463152676820755,0.8169569969177246,0.49566030502319336,0.8352834582328796,0.5492600202560425,0.8310121297836304,Done
0.6783568263053894,0.8698943257331848,0.6122063398361206,0.7087851166725159,0.5509800910949707,0.5255417227745056,0.5236299633979797,0.3808382451534271,0.5347211956977844,0.2527388334274292,0.5827682614326477,0.47281554341316223,0.4039122462272644,0.5193964242935181,0.43149060010910034,0.588689923286438,0.48239588737487793,0.5905663967132568,0.6012575030326843,0.578145444393158,0.40391573309898376,0.6361119747161865,0.44733887910842896,0.6758865714073181,0.5027685761451721,0.6728371977806091,0.6075220108032227,0.6924473643302917,0.4250316023826599,0.7333884239196777,0.4664841592311859,0.7675611972808838,0.5207388401031494,0.7613856196403503,0.6068167686462402,0.8031745553016663,0.4573328197002411,0.8160620927810669,0.4916011393070221,0.8350927233695984,0.5454775094985962,0.8319202661514282,Done
0.6786960363388062,0.874243974685669,0.6119479537010193,0.7132668495178223,0.5519239902496338,0.5286985039710999,0.5245317220687866,0.3825441300868988,0.5358390212059021,0.25357624888420105,0.5830983519554138,0.4750572144985199,0.4046948552131653,0.521696925163269,0.43077707290649414,0.591685950756073,0.4812820255756378,0.5932545065879822,0.6032537817955017,0.5795466303825378,0.40473002195358276,0.6388459205627441,0.44763752818107605,0.6794341206550598,0.5029905438423157,0.6755812764167786,0.6108803153038025,0.6934852600097656,0.4262174963951111,0.7354587912559509,0.4679257869720459,0.7714120745658875,0.5227605700492859,0.7646930813789368,0.6110060214996338,0.8047584295272827,0.45986801385879517,0.8197966814041138,0.4940720498561859,0.8397614359855652,0.548366367816925,0.8362071514129639,Done
0.67659592628479,0.870033860206604,0.6071901917457581,0.7066404819488525,0.5475367307662964,0.5235345959663391,0.5222917795181274,0.3784322738647461,0.5364862680435181,0.2502770721912384,0.5810300707817078,0.4729873239994049,0.4051230251789093,0.521733283996582,0.43223389983177185,0.5905511379241943,0.48313426971435547,0.5910053849220276,0.6026422381401062,0.5798157453536987,0.40563148260116577,0.64061439037323,0.44884660840034485,0.6785216927528381,0.5044718980789185,0.6732985377311707,0.611418604850769,0.6948403120040894,0.4275265038013458,0.7356991171836853,0.46823006868362427,0.7686851024627686,0.5226919054985046,0.760924756526947,0.6125202775001526,0.8057663440704346,0.4622962474822998,0.818649411201477,0.4959307909011841,0.8369376063346863,0.5498890280723572,0.8337017297744751,Done
0.6787115931510925,0.8701950907707214,0.6098597645759583,0.7077915072441101,0.5503794550895691,0.5247589945793152,0.5248218774795532,0.37947899103164673,0.5374064445495605,0.25103792548179626,0.5834842324256897,0.4747607111930847,0.40676945447921753,0.5210986137390137,0.43441033363342285,0.5886987447738647,0.4857552945613861,0.5893427133560181,0.6046240329742432,0.5804222226142883,0.40754038095474243,0.6391174793243408,0.45070669054985046,0.6769983172416687,0.5060628056526184,0.6724810004234314,0.6129770874977112,0.6947503089904785,0.4289731979370117,0.7371128797531128,0.4707895517349243,0.7705496549606323,0.5259746313095093,0.7625424265861511,0.6138442754745483,0.8054665327072144,0.46391287446022034,0.8212602734565735,0.4981071650981903,0.8401806354522705,0.5522732138633728,0.8369895219802856,Done
0.6775228977203369,0.8733803629875183,0.6082528829574585,0.709769070148468,0.5505537390708923,0.5263630151748657,0.5263579487800598,0.3810073137283325,0.5387207865715027,0.25192853808403015,0.5839682817459106,0.47508060932159424,0.4058719873428345,0.5190759897232056,0.432620644569397,0.5887576341629028,0.4847891926765442,0.5901939272880554,0.6064648628234863,0.5801439881324768,0.4082510471343994,0.6366921067237854,0.45034414529800415,0.6761637926101685,0.5057252645492554,0.6715855598449707,0.6157252788543701,0.6943124532699585,0.429932177066803,0.7336995601654053,0.47102463245391846,0.7680459022521973,0.5264349579811096,0.7599936127662659,0.617231547832489,0.8052511215209961,0.4643920063972473,0.8168467283248901,0.49802619218826294,0.8358188271522522,0.5531206130981445,0.8330442905426025,Done
0.6795973777770996,0.8695517778396606,0.606317937374115,0.705180823802948,0.5476909875869751,0.5229268670082092,0.5245509743690491,0.37772494554519653,0.539269745349884,0.2492753267288208,0.5844664573669434,0.4723297357559204,0.4063858389854431,0.5195602178573608,0.43193790316581726,0.5901353359222412,0.48378676176071167,0.5911093950271606,0.6075974702835083,0.5785238742828369,0.4089357554912567,0.6385977268218994,0.45095986127853394,0.6789289712905884,0.5062737464904785,0.6742733120918274,0.6173281073570251,0.6935420632362366,0.4310961663722992,0.7353548407554626,0.4720330238342285,0.7701160907745361,0.5270773768424988,0.762354850769043,0.6190990805625916,0.8053261637687683,0.4661659896373749,0.8190031051635742,0.499299556016922,0.8379238843917847,0.553682804107666,0.8354040384292603,Done
0.678848922252655,0.8717998266220093,0.6074949502944946,0.7062473893165588,0.5503472089767456,0.5227184891700745,0.5270326137542725,0.376972496509552,0.540026068687439,0.2489020824432373,0.5876104831695557,0.47415322065353394,0.40958231687545776,0.5200280547142029,0.4363972544670105,0.5893304347991943,0.4887197017669678,0.5900741815567017,0.6099644303321838,0.5803634524345398,0.4094838500022888,0.6389930844306946,0.45113199949264526,0.6786192059516907,0.5068938732147217,0.6744859218597412,0.6189888119697571,0.6948990821838379,0.43098437786102295,0.735827624797821,0.47122859954833984,0.770085334777832,0.5266203880310059,0.7625402808189392,0.6200506091117859,0.8058773875236511,0.4668809175491333,0.8192986845970154,0.4996388554573059,0.8381536602973938,0.5540775060653687,0.8357901573181152,Done
0.680332362651825,0.8741726875305176,0.6084560751914978,0.7068160772323608,0.5505858063697815,0.5223394632339478,0.5266286134719849,0.37620407342910767,0.5396928191184998,0.2473621368408203,0.5850273370742798,0.47258779406547546,0.40781086683273315,0.5214789509773254,0.4335772395133972,0.5918273329734802,0.485199511051178,0.5930216908454895,0.609087347984314,0.5781872272491455,0.4091421961784363,0.6405390501022339,0.4507142901420593,0.6809358596801758,0.5058829188346863,0.6769221425056458,0.6199355721473694,0.69332355260849,0.4320884346961975,0.736885666847229,0.47260552644729614,0.7715193629264832,0.5278387665748596,0.763434648513794,0.6224478483200073,0.8054977655410767,0.46884074807167053,0.8204385638237,0.5007553100585938,0.8389216065406799,0.5544977188110352,0.8358982801437378,Done
0.6825151443481445,0.8758140206336975,0.612384021282196,0.7101411819458008,0.553128719329834,0.5251429677009583,0.5285664200782776,0.37852394580841064,0.5419243574142456,0.2489713728427887,0.5851410627365112,0.4736599326133728,0.4078159034252167,0.5205038189888,0.4354401230812073,0.5893554091453552,0.4876571595668793,0.5905097126960754,0.6071040034294128,0.5787257552146912,0.4087209403514862,0.63969886302948,0.4533252716064453,0.6777998208999634,0.509560227394104,0.6724528670310974,0.616778552532196,0.6931967735290527,0.43111827969551086,0.7359001040458679,0.4739939272403717,0.7693346738815308,0.5296959280967712,0.7604871988296509,0.6191768646240234,0.8046289086341858,0.4679270088672638,0.8197872042655945,0.5025054812431335,0.8382579684257507,0.5571904182434082,0.8350316286087036,Done
0.6792389154434204,0.8719788789749146,0.6087498664855957,0.7057748436927795,0.5514250993728638,0.521624743938446,0.5281860828399658,0.37627673149108887,0.541690468788147,0.24902629852294922,0.5865691304206848,0.4731574058532715,0.408887654542923,0.5202930569648743,0.4378962516784668,0.5884594917297363,0.4902358949184418,0.5883712768554688,0.608914315700531,0.5781591534614563,0.4101109206676483,0.638242781162262,0.45544612407684326,0.675294816493988,0.5117282271385193,0.6689241528511047,0.618558943271637,0.6915966272354126,0.43308383226394653,0.7320032119750977,0.47566893696784973,0.7641199827194214,0.5303762555122375,0.7549201846122742,0.6203457713127136,0.8019306659698486,0.46995726227760315,0.8150253295898438,0.5040944218635559,0.8329290747642517,0.5577487349510193,0.8291288018226624,Done
0.6809561252593994,0.8709691762924194,0.6091238856315613,0.7037967443466187,0.5525085926055908,0.5197113752365112,0.5291111469268799,0.3746289610862732,0.5424140095710754,0.24657803773880005,0.5896798968315125,0.4731493294239044,0.4109254479408264,0.5169848203659058,0.4353713095188141,0.5869936943054199,0.48695456981658936,0.5902195572853088,0.6123896837234497,0.5797138214111328,0.4109187722206116,0.6368131041526794,0.45170366764068604,0.6772240996360779,0.507921576499939,0.6743865013122559,0.6219767332077026,0.6945314407348633,0.43386077880859375,0.7327340841293335,0.4740586280822754,0.7665136456489563,0.5301863551139832,0.7596480846405029,0.6234235167503357,0.8054008483886719,0.47113072872161865,0.8157073855400085,0.5027990341186523,0.833469569683075,0.5569522976875305,0.8314249515533447,Done
0.6802427768707275,0.8747454881668091,0.6084093451499939,0.7057257294654846,0.5524769425392151,0.520925760269165,0.5301928520202637,0.37546825408935547,0.5436888337135315,0.2469393014907837,0.5904978513717651,0.47245946526527405,0.4122309684753418,0.5173059701919556,0.4365910589694977,0.5875632762908936,0.48769545555114746,0.5904133915901184,0.6128154397010803,0.578154981136322,0.4114002585411072,0.6379101872444153,0.45279690623283386,0.6781924366950989,0.509077250957489,0.6743344068527222,0.6225340366363525,0.692706823348999,0.43382614850997925,0.7326944470405579,0.4751507341861725,0.7665939927101135,0.5319737792015076,0.7585119009017944,0.6245110034942627,0.8038419485092163,0.4727339744567871,0.8161827325820923,0.5050762295722961,0.834262490272522,0.5595436692237854,0.831408679485321,Done
0.6785406470298767,0.8729729056358337,0.6056563854217529,0.7034004926681519,0.550471305847168,0.5184751749038696,0.529038667678833,0.37348732352256775,0.5433439016342163,0.24576926231384277,0.5900984406471252,0.4727388024330139,0.4122655987739563,0.5174891352653503,0.4361996352672577,0.5872496366500854,0.4876251220703125,0.5891937017440796,0.6138107776641846,0.5790699124336243,0.41266191005706787,0.6367888450622559,0.453352153301239,0.6764814853668213,0.5094181895256042,0.6726861596107483,0.624125599861145,0.693240225315094,0.43575161695480347,0.7310392260551453,0.4759485721588135,0.7641283869743347,0.532219409942627,0.7561103105545044,0.6261364221572876,0.8033718466758728,0.4748304486274719,0.8140385150909424,0.5066938400268555,0.8319015502929688,0.5608037114143372,0.8297914862632751,Done
0.6795409917831421,0.8772761821746826,0.6065768003463745,0.706470787525177,0.5507094264030457,0.5206703543663025,0.5294567942619324,0.3759410083293915,0.5451865792274475,0.24750879406929016,0.5902065634727478,0.4723846912384033,0.4120367169380188,0.5189064741134644,0.4360702633857727,0.5885271430015564,0.48781025409698486,0.591310441493988,0.6140626072883606,0.5772398114204407,0.4125644862651825,0.6376585960388184,0.4541874825954437,0.6773914694786072,0.5105502009391785,0.6739954948425293,0.625303328037262,0.6905611157417297,0.4366738796234131,0.7327566742897034,0.4791622757911682,0.7649869918823242,0.5362091064453125,0.7562880516052246,0.6287394762039185,0.8007733225822449,0.47814497351646423,0.8154469132423401,0.5109394788742065,0.8327634334564209,0.564856767654419,0.8297425508499146,Done
0.6813972592353821,0.875740647315979,0.6069863438606262,0.7055125832557678,0.5514048933982849,0.5184478759765625,0.5302124619483948,0.3734057545661926,0.5443358421325684,0.24540409445762634,0.5909743309020996,0.471674382686615,0.41242900490760803,0.5178621411323547,0.4383515417575836,0.5888085961341858,0.4913003444671631,0.5909159183502197,0.6153339147567749,0.5775344371795654,0.4134836792945862,0.6374939680099487,0.4558827579021454,0.6767312288284302,0.5121635794639587,0.6729913949966431,0.6258436441421509,0.6912693977355957,0.4369506537914276,0.7318875193595886,0.4792226552963257,0.7641687989234924,0.5357487797737122,0.7557941675186157,0.6276671886444092,0.8012459874153137,0.4768744707107544,0.8127660155296326,0.5103232264518738,0.8311256766319275,0.5640401840209961,0.8295992612838745,Done
0.6821117997169495,0.8798093199729919,0.6088532209396362,0.708667516708374,0.552945077419281,0.5215840935707092,0.5311486721038818,0.3758021593093872,0.5465608239173889,0.2467138171195984,0.5914575457572937,0.4721953868865967,0.41342300176620483,0.519645631313324,0.43781405687332153,0.5903406143188477,0.48928090929985046,0.5925673842430115,0.6162459254264832,0.5763758420944214,0.41533464193344116,0.6378108859062195,0.45696407556533813,0.6776279211044312,0.512785017490387,0.6740798354148865,0.6273890137672424,0.6898707151412964,0.4388185143470764,0.7317825555801392,0.4806942939758301,0.7655454277992249,0.5371049046516418,0.7575414180755615,0.6295153498649597,0.8005286455154419,0.47868216037750244,0.8143130540847778,0.5113827586174011,0.8329499959945679,0.5648654103279114,0.8305845260620117,Done
0.6831716299057007,0.8751163482666016,0.6075789928436279,0.7037385702133179,0.5512961745262146,0.517114520072937,0.5297733545303345,0.37207940220832825,0.5443384647369385,0.24369537830352783,0.5912913680076599,0.4699435234069824,0.41440242528915405,0.5182042717933655,0.4389576017856598,0.5891602635383606,0.49056875705718994,0.5909334421157837,0.6160856485366821,0.5758273005485535,0.4168326258659363,0.6369301676750183,0.45919421315193176,0.6763736605644226,0.5148335099220276,0.6721944212913513,0.6272851228713989,0.6896060705184937,0.4401613771915436,0.7317641973495483,0.4820653796195984,0.7651488184928894,0.537994921207428,0.7570677995681763,0.6296131610870361,0.7996658086776733,0.47967010736465454,0.8131685853004456,0.5121748447418213,0.8314449787139893,0.5647897124290466,0.829517662525177,Done
0.6826733946800232,0.8810511827468872,0.609748363494873,0.7091542482376099,0.5540552139282227,0.5212440490722656,0.532477617263794,0.37540680170059204,0.5491303205490112,0.2466678023338318,0.5922258496284485,0.47053179144859314,0.4140841066837311,0.5189680457115173,0.4398341178894043,0.590440034866333,0.49226489663124084,0.5924142599105835,0.616223931312561,0.5741361975669861,0.4151120185852051,0.6368886232376099,0.4587239921092987,0.6776021718978882,0.515654444694519,0.6739403009414673,0.6270419359207153,0.6871076226234436,0.438791960477829,0.731196403503418,0.4823978841304779,0.766255259513855,0.5395095348358154,0.7585131525993347,0.6295085549354553,0.7980458736419678,0.47904327511787415,0.8138751983642578,0.5123512744903564,0.8331586122512817,0.5656103491783142,0.8312130570411682,Done
0.6845046877861023,0.8742300271987915,0.6110422015190125,0.7016990184783936,0.5548572540283203,0.5159251689910889,0.5316321849822998,0.37144938111305237,0.5458651185035706,0.24271616339683533,0.5929490327835083,0.4701175093650818,0.4169962704181671,0.5149511694908142,0.4390668272972107,0.5859476327896118,0.48954278230667114,0.5900183320045471,0.6169217228889465,0.5763534307479858,0.4182361960411072,0.6338842511177063,0.4562215507030487,0.6752282977104187,0.5110220313072205,0.6727454662322998,0.6262972354888916,0.6904429197311401,0.43964672088623047,0.7290031313896179,0.47649964690208435,0.7634212374687195,0.531566321849823,0.7566555142402649,0.6257540583610535,0.7998606562614441,0.4752214550971985,0.8096596002578735,0.5036699771881104,0.8285348415374756,0.5551444888114929,0.8280771374702454,Done
0.6878460049629211,0.875493049621582,0.6164417862892151,0.7063663601875305,0.5591397285461426,0.5201570987701416,0.5361016392707825,0.374988853931427,0.5514800548553467,0.24666541814804077,0.5948759317398071,0.4696200489997864,0.41664546728134155,0.516740083694458,0.44267964363098145,0.5873290300369263,0.4948647916316986,0.5896325707435608,0.617894172668457,0.5737513303756714,0.41801196336746216,0.635662853717804,0.46168071031570435,0.6754016280174255,0.5179947018623352,0.6711063981056213,0.6276895999908447,0.6868159770965576,0.4405043125152588,0.7303410768508911,0.4835017919540405,0.7644233107566833,0.5400124788284302,0.7563655376434326,0.6291319131851196,0.797227144241333,0.4788333773612976,0.8133826851844788,0.5121285319328308,0.8323273062705994,0.5655043721199036,0.829916775226593,Done
0.6860498785972595,0.8697108030319214,0.6142316460609436,0.7013512253761292,0.5568918585777283,0.5166821479797363,0.5341938734054565,0.37184593081474304,0.5501258373260498,0.24393939971923828,0.5971346497535706,0.46773070096969604,0.419206440448761,0.5138421654701233,0.4424073100090027,0.5843235850334167,0.493339478969574,0.5866540670394897,0.6190992593765259,0.574283242225647,0.4190785884857178,0.6326633095741272,0.45963698625564575,0.673166036605835,0.515977144241333,0.6691452264785767,0.6278021931648254,0.6886558532714844,0.4401840269565582,0.7278757095336914,0.4793824255466461,0.76320880651474,0.5353146195411682,0.7558303475379944,0.628578782081604,0.7990996837615967,0.4778575897216797,0.8118228316307068,0.5090964436531067,0.8314995169639587,0.5626646280288696,0.8293893933296204,Done
0.6859133839607239,0.874686598777771,0.6156108975410461,0.7050976753234863,0.5589853525161743,0.5206947922706604,0.5349360108375549,0.3753722608089447,0.5489141941070557,0.24583590030670166,0.5970293283462524,0.469992458820343,0.4182930588722229,0.5153753757476807,0.4421849548816681,0.5876521468162537,0.4933422803878784,0.591670572757721,0.6195075511932373,0.5740025639533997,0.4190742075443268,0.6340046525001526,0.4608628451824188,0.6765357255935669,0.5165203213691711,0.6740893721580505,0.6292288303375244,0.6878416538238525,0.44127458333969116,0.7299814224243164,0.4833585321903229,0.765558123588562,0.5396528244018555,0.7585622072219849,0.6311926245689392,0.7990967035293579,0.47867852449417114,0.8139601945877075,0.5109761953353882,0.8324694633483887,0.5645501017570496,0.8298962116241455,Done
0.6862063407897949,0.872857928276062,0.614258348941803,0.7025240659713745,0.556229829788208,0.5172237753868103,0.5325728058815002,0.3722939193248749,0.5486135482788086,0.24412086606025696,0.5962084531784058,0.46939295530319214,0.41883528232574463,0.515102744102478,0.44270753860473633,0.5872300267219543,0.4939129054546356,0.5894670486450195,0.6189618706703186,0.5737155675888062,0.4202159643173218,0.6340908408164978,0.46233195066452026,0.6753571033477783,0.5178991556167603,0.6711756587028503,0.6287060976028442,0.6873521208763123,0.4423750638961792,0.7299381494522095,0.4842175245285034,0.7648594975471497,0.5402636528015137,0.7560185790061951,0.6302620768547058,0.7978074550628662,0.4800989031791687,0.8138054609298706,0.5130482316017151,0.8330541849136353,0.5665056109428406,0.8301752805709839,Done
0.6870343685150146,0.8757141828536987,0.6162719130516052,0.704357385635376,0.5586371421813965,0.5183532238006592,0.5345532894134521,0.3729863166809082,0.5514411926269531,0.24423304200172424,0.5969882607460022,0.4706941843032837,0.41899314522743225,0.5168126225471497,0.4436829686164856,0.5876320600509644,0.49515512585639954,0.5901963710784912,0.6194992065429688,0.5746415853500366,0.41953787207603455,0.6349155902862549,0.4623831808567047,0.675905168056488,0.5183974504470825,0.6726102232933044,0.6292266249656677,0.6876041889190674,0.44164615869522095,0.7301355600357056,0.4847242534160614,0.7641556262969971,0.5415087342262268,0.7559929490089417,0.6309698224067688,0.7976698875427246,0.47959834337234497,0.8137076497077942,0.5132787227630615,0.8320160508155823,0.5672748684883118,0.8292964100837708,Done
0.6879889369010925,0.8762699365615845,0.6164095401763916,0.7048743367195129,0.5591409802436829,0.5183299779891968,0.5360990762710571,0.37420618534088135,0.5519874691963196,0.24574285745620728,0.5976471304893494,0.469573438167572,0.4197625517845154,0.5175133943557739,0.44575485587120056,0.5876311659812927,0.4981832206249237,0.589002788066864,0.6203547120094299,0.5748950839042664,0.42196905612945557,0.6353569030761719,0.4654911160469055,0.6740922331809998,0.5218421816825867,0.6698734760284424,0.6301918625831604,0.6889472603797913,0.4440438747406006,0.7294882535934448,0.4871385991573334,0.7623357772827148,0.5441348552703857,0.7544324398040771,0.6316382884979248,0.7994709014892578,0.48198285698890686,0.810997724533081,0.5154712796211243,0.8292014598846436,0.5693996548652649,0.828000545501709,Done
0.6869291067123413,0.8742085695266724,0.6159636974334717,0.7030609846115112,0.5598284602165222,0.5177790522575378,0.537480890750885,0.3729574680328369,0.5518814921379089,0.24445968866348267,0.5982058644294739,0.47103047370910645,0.4213978350162506,0.5154271125793457,0.4433404803276062,0.5857071280479431,0.49390020966529846,0.5884626507759094,0.6211362481117249,0.5764893293380737,0.4231184720993042,0.6344352960586548,0.46246662735939026,0.6750553846359253,0.517863392829895,0.6714107394218445,0.6312550902366638,0.6904815435409546,0.4452597498893738,0.730472207069397,0.4848947823047638,0.764735221862793,0.5416619777679443,0.7566399574279785,0.6328935623168945,0.8004547357559204,0.48205405473709106,0.8127201795578003,0.5135022401809692,0.8315491676330566,0.5679464340209961,0.8297886848449707,Done
0.6876816153526306,0.8747949600219727,0.6170880198478699,0.7048009634017944,0.5608433485031128,0.5190243721008301,0.5375866293907166,0.37286993861198425,0.5520939230918884,0.24380192160606384,0.5994434356689453,0.47096824645996094,0.4222198724746704,0.5139643549919128,0.44359004497528076,0.585328996181488,0.4937899112701416,0.5890962481498718,0.6224306225776672,0.5753377079963684,0.42352110147476196,0.6332589983940125,0.463459849357605,0.6753124594688416,0.5183401703834534,0.6727537512779236,0.6325284242630005,0.6885859966278076,0.4461655914783478,0.7294942736625671,0.4868330657482147,0.7642675638198853,0.5432074069976807,0.7571923732757568,0.6342583894729614,0.7983465194702148,0.4835512638092041,0.8122367262840271,0.515779435634613,0.8307280540466309,0.57002854347229,0.8287379741668701,Done
0.6881058216094971,0.8729425072669983,0.6145968437194824,0.7019799947738647,0.5578874349594116,0.5165234804153442,0.5358492732048035,0.37082481384277344,0.5524134635925293,0.24256974458694458,0.6005103588104248,0.4698672890663147,0.42187899351119995,0.5134356617927551,0.44590437412261963,0.5846130847930908,0.49734923243522644,0.5867358446121216,0.6239310503005981,0.5744767189025879,0.4238864481449127,0.6322746872901917,0.4662705063819885,0.6730106472969055,0.521373987197876,0.6690229177474976,0.6341102123260498,0.6871472001075745,0.44763925671577454,0.7284923195838928,0.4901769161224365,0.762221097946167,0.5462480783462524,0.7537581324577332,0.6358532309532166,0.7964016199111938,0.4849208891391754,0.8106432557106018,0.518524169921875,0.8293918371200562,0.5723845362663269,0.8271447420120239,Done
0.6885710954666138,0.8703163862228394,0.6154047250747681,0.6979480981826782,0.558612048625946,0.5136013031005859,0.5362438559532166,0.36934536695480347,0.5541194081306458,0.24238526821136475,0.5996243357658386,0.4686152935028076,0.4227091372013092,0.513733983039856,0.44735488295555115,0.582580029964447,0.4990844130516052,0.5835109949111938,0.6237279176712036,0.5745368003845215,0.424594521522522,0.6325804591178894,0.4668266773223877,0.6721960306167603,0.5221127867698669,0.6683195233345032,0.6350798606872559,0.6878431439399719,0.44871285557746887,0.7294090986251831,0.4918276369571686,0.7612839937210083,0.5485761165618896,0.7521562576293945,0.6385788321495056,0.7970683574676514,0.48805925250053406,0.8115816712379456,0.5228152871131897,0.829116940498352,0.5778259038925171,0.8263671398162842,Done
0.6902672052383423,0.8747903108596802,0.617405891418457,0.7029492259025574,0.5606824159622192,0.5177942514419556,0.5386034846305847,0.37286463379859924,0.5553951263427734,0.24500331282615662,0.5993876457214355,0.46995583176612854,0.42281752824783325,0.5161756277084351,0.4468505382537842,0.5854625105857849,0.4983079135417938,0.5874149799346924,0.6232532262802124,0.5748459100723267,0.4247835576534271,0.6340239644050598,0.46665751934051514,0.6741393208503723,0.522006094455719,0.671238124370575,0.6348699331283569,0.6882097721099854,0.4484749138355255,0.7297519445419312,0.49119535088539124,0.7629196643829346,0.5479860901832581,0.7552608251571655,0.6387020349502563,0.7984684705734253,0.4878622591495514,0.8124229907989502,0.5212443470954895,0.8296796083450317,0.5760899782180786,0.8274953961372375,Done
0.6965312957763672,0.875458836555481,0.6247249245643616,0.706701397895813,0.568465530872345,0.5207006931304932,0.5460748076438904,0.37612593173980713,0.5601393580436707,0.24892926216125488,0.6053557395935059,0.47116217017173767,0.4270792007446289,0.515597939491272,0.4494361877441406,0.5871149897575378,0.5000507831573486,0.5894103050231934,0.629514217376709,0.5744259357452393,0.43093323707580566,0.6339655518531799,0.4707429111003876,0.6747287511825562,0.5259851813316345,0.6703072786331177,0.6402892470359802,0.6863871812820435,0.45424145460128784,0.7291791439056396,0.49577462673187256,0.7639086246490479,0.5530455708503723,0.7545747756958008,0.6425409317016602,0.7949842214584351,0.49340304732322693,0.810673713684082,0.5260419845581055,0.8310278654098511,0.580294668674469,0.828844428062439,Done
0.6959919929504395,0.8777720332145691,0.6243041753768921,0.7081834077835083,0.5690574645996094,0.5218911170959473,0.5482891201972961,0.3769247531890869,0.5633037686347961,0.2483620047569275,0.609127402305603,0.47166985273361206,0.42998015880584717,0.5187844038009644,0.45278212428092957,0.5880861282348633,0.5031970143318176,0.5892602801322937,0.6338351964950562,0.5755366086959839,0.4351654648780823,0.636931836605072,0.4772932231426239,0.6755902767181396,0.53196120262146,0.6701025366783142,0.6449006795883179,0.6878816485404968,0.4582115411758423,0.7313456535339355,0.5017751455307007,0.7636404037475586,0.5584907531738281,0.7531511187553406,0.6467593312263489,0.7974655628204346,0.4955364465713501,0.8112406134605408,0.5297960638999939,0.8302319049835205,0.5846568942070007,0.8277311325073242,Done
0.6978174448013306,0.8783861994743347,0.6273520588874817,0.7056432366371155,0.5715577602386475,0.5199924111366272,0.5491284132003784,0.37625592947006226,0.5643105506896973,0.24810481071472168,0.611347496509552,0.4749745726585388,0.43033909797668457,0.5210451483726501,0.45383337140083313,0.5888294577598572,0.5060102939605713,0.5896812677383423,0.6353477835655212,0.5811406970024109,0.43472909927368164,0.6382569074630737,0.47768935561180115,0.6755814552307129,0.5332900881767273,0.6717560887336731,0.6468071937561035,0.6946003437042236,0.45870909094810486,0.7342599630355835,0.5039836764335632,0.7646762132644653,0.5618623495101929,0.7553560733795166,0.6502676606178284,0.8051484823226929,0.4975694417953491,0.8149600028991699,0.5330739617347717,0.8330009579658508,0.5893368124961853,0.8318536281585693,Done
0.697885274887085,0.8815784454345703,0.6276816129684448,0.7092859148979187,0.5719765424728394,0.5225544571876526,0.5497198104858398,0.3775334358215332,0.5649505853652954,0.2483801543712616,0.6114720106124878,0.4746572971343994,0.4303433299064636,0.520709753036499,0.4534410238265991,0.5896024107933044,0.505378246307373,0.5908212065696716,0.6355217695236206,0.5800426602363586,0.43468379974365234,0.6382800340652466,0.47731733322143555,0.6764028668403625,0.5326658487319946,0.6725140810012817,0.6468789577484131,0.6936898231506348,0.45824360847473145,0.734379768371582,0.502998948097229,0.7659393548965454,0.5606666207313538,0.7564549446105957,0.6499696373939514,0.8047795295715332,0.4957224130630493,0.8154067993164062,0.5307695269584656,0.8338868021965027,0.587165117263794,0.8324785232543945,Done
0.6963615417480469,0.8851008415222168,0.6246827244758606,0.7115342617034912,0.5706629753112793,0.5241036415100098,0.5502054691314697,0.37786054611206055,0.5660450458526611,0.24913600087165833,0.6131513118743896,0.4771736264228821,0.43251675367355347,0.5217440128326416,0.4550641179084778,0.5914477109909058,0.5065473914146423,0.5920740365982056,0.6379113793373108,0.5814487338066101,0.43725985288619995,0.6397964954376221,0.4789615273475647,0.6790491342544556,0.5341586470603943,0.6747372150421143,0.6492152214050293,0.6935503482818604,0.461373895406723,0.7347027659416199,0.505058228969574,0.7677826285362244,0.5624423027038574,0.7578943371772766,0.6517579555511475,0.8029779195785522,0.4993375837802887,0.8149943351745605,0.5335333347320557,0.8353814482688904,0.5891573429107666,0.834356427192688,Done
0.6979460716247559,0.8848048448562622,0.6218153238296509,0.7078813314437866,0.5678055882453918,0.5196443796157837,0.5502376556396484,0.3755953907966614,0.5689647197723389,0.2494800090789795,0.6142234206199646,0.4763076901435852,0.433514267206192,0.5232035517692566,0.4582110345363617,0.592012882232666,0.5113661885261536,0.591218113899231,0.6383359432220459,0.5839577317237854,0.436196506023407,0.6417958736419678,0.4791259169578552,0.6794533133506775,0.5357597470283508,0.6760236620903015,0.6492782235145569,0.6978951096534729,0.4603193402290344,0.7384977340698242,0.5048929452896118,0.7701923847198486,0.5631447434425354,0.7609263062477112,0.652425229549408,0.8085005283355713,0.5012198090553284,0.8193733096122742,0.53594970703125,0.8392369747161865,0.5912792682647705,0.8390612602233887,Done
0.70255047082901,0.8860279321670532,0.6310935020446777,0.7114179730415344,0.5756672024726868,0.5236197710037231,0.5537577271461487,0.3780318796634674,0.5699506402015686,0.2504781484603882,0.6177049875259399,0.4834452271461487,0.43769603967666626,0.5231063365936279,0.45979073643684387,0.5922767519950867,0.5110191702842712,0.594771146774292,0.6397717595100403,0.5895319581031799,0.4385926127433777,0.6412105560302734,0.47785621881484985,0.6804815530776978,0.5325517654418945,0.6791658997535706,0.6483523845672607,0.7015326619148254,0.4610508680343628,0.7384363412857056,0.5040556192398071,0.7715030908584595,0.5616521239280701,0.7639451622962952,0.6492051482200623,0.8097124099731445,0.49984872341156006,0.8196914792060852,0.5342364311218262,0.8410118818283081,0.5888810157775879,0.8418479561805725,Done
0.7064093351364136,0.8969361782073975,0.6327564716339111,0.7232861518859863,0.5758566856384277,0.5341957807540894,0.5547394752502441,0.38888630270957947,0.5721990466117859,0.26037710905075073,0.6224370002746582,0.48809245228767395,0.4448603689670563,0.5377475023269653,0.46677547693252563,0.6056696176528931,0.5148971080780029,0.6027441024780273,0.646377444267273,0.596603512763977,0.44581982493400574,0.6522604823112488,0.48110389709472656,0.6923773884773254,0.5306594967842102,0.6911208033561707,0.6562134623527527,0.7097969055175781,0.46844324469566345,0.7514633536338806,0.5104819536209106,0.7859975099563599,0.5659273862838745,0.7778494358062744,0.6580513119697571,0.8182191252708435,0.5085915327072144,0.829565167427063,0.542366087436676,0.8520147204399109,0.5951831340789795,0.8527430891990662,Done
0.712599515914917,0.8940836191177368,0.6401098370552063,0.7186572551727295,0.5810217261314392,0.5305089950561523,0.5572803020477295,0.38759419322013855,0.5751977562904358,0.26033103466033936,0.6233860850334167,0.4914624094963074,0.44567543268203735,0.5379637479782104,0.4688301980495453,0.6039935946464539,0.5196537375450134,0.6025679707527161,0.6450386047363281,0.6025584936141968,0.4460257887840271,0.6554411053657532,0.48360675573349,0.6919949650764465,0.5361428260803223,0.6910002827644348,0.6537498831748962,0.7174125909805298,0.4682573676109314,0.7539806365966797,0.5109266042709351,0.7847375273704529,0.5682505965232849,0.7762600779533386,0.6559339761734009,0.8255745768547058,0.5075876712799072,0.8303669691085815,0.5418388843536377,0.8508815765380859,0.5960912108421326,0.853110134601593,Done
0.7092801928520203,0.8928600549697876,0.6377020478248596,0.7196769118309021,0.5818905830383301,0.5345573425292969,0.5601403117179871,0.3909631669521332,0.5766196250915527,0.2634747326374054,0.6261317133903503,0.49421483278274536,0.4465092420578003,0.5368286967277527,0.4685152471065521,0.6051491498947144,0.5180585384368896,0.6057090759277344,0.6498522758483887,0.6041103005409241,0.4510403275489807,0.6572220921516418,0.49206796288490295,0.6934093236923218,0.5475408434867859,0.689147412776947,0.6580740213394165,0.7173997163772583,0.47266504168510437,0.7539041638374329,0.5154742002487183,0.7855031490325928,0.5721135139465332,0.7769995927810669,0.656737744808197,0.8249645829200745,0.5086881518363953,0.8308260440826416,0.5425746440887451,0.8512444496154785,0.5958823561668396,0.8526403307914734,Done
0.710066020488739,0.8946444988250732,0.6384552717208862,0.71982741355896,0.5835446119308472,0.5341320037841797,0.5624772906303406,0.3897644281387329,0.5796372890472412,0.26262012124061584,0.6287031769752502,0.498689740896225,0.4494915008544922,0.5418994426727295,0.47144854068756104,0.6085110902786255,0.5212453007698059,0.6068381071090698,0.651636004447937,0.6094677448272705,0.45120832324028015,0.6589834690093994,0.48939621448516846,0.6969135999679565,0.5424520969390869,0.6947351098060608,0.6606926918029785,0.7231325507164001,0.47362759709358215,0.7574170231819153,0.5169084072113037,0.789771318435669,0.573971688747406,0.7821089625358582,0.6622398495674133,0.8309024572372437,0.5132807493209839,0.8376563191413879,0.548007607460022,0.8582431674003601,0.6025424003601074,0.8594876527786255,Done
0.7126603722572327,0.8951446413993835,0.6415358185768127,0.7201959490776062,0.5851568579673767,0.5335506796836853,0.5627828240394592,0.3892340660095215,0.5799964666366577,0.26237502694129944,0.628147304058075,0.49837446212768555,0.4504624903202057,0.5409426689147949,0.4737873673439026,0.6071915030479431,0.5242588520050049,0.6053054332733154,0.6507672071456909,0.6092870235443115,0.4522387981414795,0.6563754081726074,0.4910120666027069,0.6933256983757019,0.5440018773078918,0.6921829581260681,0.6599337458610535,0.7223173379898071,0.4748782515525818,0.7552967071533203,0.5185009241104126,0.7872387766838074,0.5752478241920471,0.7805516719818115,0.661967933177948,0.8292564153671265,0.5147543549537659,0.835471510887146,0.5503606796264648,0.8562799692153931,0.6048325896263123,0.8583008646965027,Done
0.7108710408210754,0.8941397666931152,0.6377054452896118,0.718843936920166,0.5831151008605957,0.5335644483566284,0.5638086795806885,0.3893733024597168,0.5816978812217712,0.2624168395996094,0.6317125558853149,0.49549978971481323,0.45281627774238586,0.538459837436676,0.4771314561367035,0.6059857606887817,0.5277503132820129,0.6033825874328613,0.6543123126029968,0.6064409017562866,0.4546079933643341,0.656762421131134,0.49567681550979614,0.6935465335845947,0.5511645078659058,0.6896265149116516,0.6624801158905029,0.7193620204925537,0.47691109776496887,0.7562417387962341,0.520637035369873,0.7878276109695435,0.5776864290237427,0.7781847715377808,0.6630650758743286,0.8258741497993469,0.5160650014877319,0.8369895219802856,0.5509663820266724,0.8572371006011963,0.6049469113349915,0.8563026189804077,Done
0.7107326984405518,0.8923229575157166,0.6379266381263733,0.715023398399353,0.5825461149215698,0.5288841724395752,0.562253475189209,0.3854523301124573,0.5819764733314514,0.25884896516799927,0.6309189200401306,0.4958738684654236,0.45264750719070435,0.5386998057365417,0.47656622529029846,0.6057697534561157,0.5272341966629028,0.6047142744064331,0.651879608631134,0.6078328490257263,0.45132267475128174,0.65630042552948,0.4902026057243347,0.6951104998588562,0.5443320274353027,0.694129228591919,0.659482479095459,0.7217332720756531,0.47336894273757935,0.755973219871521,0.5162127017974854,0.7876089811325073,0.5734742879867554,0.7797577977180481,0.6606956124305725,0.8286685347557068,0.5142069458961487,0.8382121920585632,0.548252284526825,0.8579437136650085,0.6017905473709106,0.8582873940467834,Done
0.7077827453613281,0.8941827416419983,0.6352008581161499,0.7175079584121704,0.5825189352035522,0.5312047004699707,0.564573347568512,0.3878411650657654,0.582938015460968,0.2618522047996521,0.632167398929596,0.4967791438102722,0.4536568522453308,0.5344341397285461,0.47400975227355957,0.6025651693344116,0.5227888822555542,0.602914571762085,0.6539197564125061,0.6071847677230835,0.45359450578689575,0.6535273790359497,0.490619421005249,0.6929562091827393,0.544538140296936,0.6925898790359497,0.6618989109992981,0.7198171019554138,0.4755855202674866,0.753476619720459,0.518068790435791,0.786056637763977,0.5755794048309326,0.7791949510574341,0.662819504737854,0.8265970945358276,0.5159636735916138,0.8362501859664917,0.5511178374290466,0.8566586971282959,0.6064172983169556,0.8572244048118591,Done
0.7049702405929565,0.8933039903640747,0.631226122379303,0.7161086797714233,0.5787973999977112,0.5280079245567322,0.5612689256668091,0.3827700912952423,0.5818814039230347,0.2561861276626587,0.6309261322021484,0.48884862661361694,0.45243144035339355,0.5338969230651855,0.47695839405059814,0.6031336784362793,0.529120683670044,0.6012004017829895,0.6550312638282776,0.5992770195007324,0.4535069167613983,0.6510466933250427,0.4943274259567261,0.6896637678146362,0.5505708456039429,0.6866447925567627,0.6651489734649658,0.7139468193054199,0.4767078459262848,0.7499351501464844,0.5195043087005615,0.781784176826477,0.5778827667236328,0.772128701210022,0.6681360006332397,0.8227593898773193,0.5189053416252136,0.8349823951721191,0.552071750164032,0.8548164367675781,0.6067246794700623,0.8544647693634033,Done
0.7034912109375,0.8935084342956543,0.6284583806991577,0.7109177112579346,0.575222909450531,0.5222461223602295,0.5580218434333801,0.3793138861656189,0.5808749794960022,0.25452086329460144,0.633888304233551,0.4896849989891052,0.4581630527973175,0.5349674820899963,0.48047107458114624,0.6023645997047424,0.5301207900047302,0.5981361269950867,0.6571518182754517,0.6004945039749146,0.45930010080337524,0.6502757668495178,0.4983442425727844,0.6883746981620789,0.5521845817565918,0.685036301612854,0.6660096049308777,0.7139032483100891,0.47927162051200867,0.7481998205184937,0.5203021168708801,0.7804433107376099,0.5769827961921692,0.7707692980766296,0.6674337983131409,0.8206964731216431,0.5195547938346863,0.8325441479682922,0.5504146814346313,0.853482723236084,0.60203617811203,0.8539611101150513,Done
0.7009955048561096,0.898682713508606,0.6250807642936707,0.713344395160675,0.5735455751419067,0.5239790678024292,0.5568504333496094,0.3811184763908386,0.5802426338195801,0.25490230321884155,0.6343085169792175,0.4850880205631256,0.4576525092124939,0.5331616997718811,0.47993695735931396,0.6008762121200562,0.5302894115447998,0.5972577333450317,0.6575334072113037,0.5963965654373169,0.45741507411003113,0.6466830372810364,0.49453261494636536,0.6862790584564209,0.5470999479293823,0.685509204864502,0.6662883758544922,0.7116491794586182,0.47725939750671387,0.7470433712005615,0.5166593194007874,0.780689537525177,0.5731438994407654,0.7722728252410889,0.6678972244262695,0.8210731744766235,0.5167315006256104,0.8299248814582825,0.5458493828773499,0.8511578440666199,0.5970355868339539,0.8523874282836914,Done
0.7020853757858276,0.9012455344200134,0.6263787746429443,0.7136551141738892,0.5729020833969116,0.5220655798912048,0.5554549694061279,0.3798983097076416,0.5806240439414978,0.2573104202747345,0.6338289380073547,0.48610568046569824,0.455399751663208,0.5336139798164368,0.47909048199653625,0.6010498404502869,0.531487762928009,0.5972912311553955,0.656242847442627,0.5970277786254883,0.4552403688430786,0.6473096609115601,0.4953998029232025,0.6862183213233948,0.5496859550476074,0.6840212345123291,0.6645971536636353,0.7117716073989868,0.47515374422073364,0.7460973262786865,0.5166002511978149,0.7792398929595947,0.5746408104896545,0.7704508900642395,0.6657027006149292,0.8215507864952087,0.5149355530738831,0.8287699818611145,0.5453437566757202,0.8498965501785278,0.5981061458587646,0.8521943092346191,Done
0.7025204300880432,0.9000486135482788,0.6283479332923889,0.7119176983833313,0.5742456316947937,0.5214670300483704,0.5547842383384705,0.3776925206184387,0.5788573026657104,0.2536930739879608,0.6341878175735474,0.48750293254852295,0.45735377073287964,0.5352568626403809,0.4814910888671875,0.6010127067565918,0.532650351524353,0.5953820943832397,0.6553285717964172,0.5996925830841064,0.4563479423522949,0.6471657156944275,0.49480801820755005,0.685221254825592,0.5470162630081177,0.6838040947914124,0.6624870896339417,0.7145285606384277,0.47517502307891846,0.7467851638793945,0.5144192576408386,0.7789983749389648,0.5701975226402283,0.7707241177558899,0.6621832847595215,0.8228328227996826,0.5121090412139893,0.8279402852058411,0.5416920185089111,0.8483826518058777,0.5932485461235046,0.8502145409584045,Done
0.7042614221572876,0.9015627503395081,0.6296788454055786,0.7133929133415222,0.5745049715042114,0.5212474465370178,0.5540372133255005,0.37671127915382385,0.578411877155304,0.2521163523197174,0.632987380027771,0.488248735666275,0.4557521641254425,0.5382691025733948,0.4820006489753723,0.6030397415161133,0.53392094373703,0.5963433980941772,0.6544336080551147,0.6011470556259155,0.45321762561798096,0.6487001180648804,0.49343907833099365,0.6856948733329773,0.5461232662200928,0.6834109425544739,0.6617494821548462,0.7159576416015625,0.47224971652030945,0.7468874454498291,0.5134405493736267,0.7785789370536804,0.5696371793746948,0.7702754139900208,0.6615662574768066,0.8243597149848938,0.5113113522529602,0.8283177614212036,0.5430033206939697,0.8486847877502441,0.5950555801391602,0.8508880734443665,Done
0.7058314085006714,0.9031872749328613,0.6320139169692993,0.7155797481536865,0.5768908858299255,0.5228357315063477,0.5568569302558899,0.3793555200099945,0.5796084403991699,0.2531380355358124,0.631141722202301,0.48640894889831543,0.4543447196483612,0.5380429029464722,0.4802872836589813,0.6031821966171265,0.5315812230110168,0.5973678827285767,0.6536675691604614,0.5999122262001038,0.452730268239975,0.6514233946800232,0.49296051263809204,0.6882256269454956,0.546360433101654,0.6857459545135498,0.6625365018844604,0.7159576416015625,0.4732644557952881,0.7504432201385498,0.5150424242019653,0.7827565670013428,0.5720799565315247,0.7735437154769897,0.6643321514129639,0.8253468871116638,0.5139793157577515,0.832024097442627,0.5446769595146179,0.8531104326248169,0.5961072444915771,0.8549498319625854,Done
0.7093733549118042,0.9032450914382935,0.6366457343101501,0.7179197669029236,0.5804548263549805,0.5259464383125305,0.5582311749458313,0.38061898946762085,0.5773460865020752,0.25258105993270874,0.6301493048667908,0.4885351359844208,0.45358794927597046,0.5309044718742371,0.47282058000564575,0.5993706583976746,0.5211673974990845,0.5995703339576721,0.6524022221565247,0.6000553369522095,0.452773779630661,0.6480265259742737,0.4844323396682739,0.6890932321548462,0.5341657996177673,0.69048011302948,0.6613063812255859,0.7158974409103394,0.47305047512054443,0.7494004964828491,0.5106067061424255,0.7840679883956909,0.5678656101226807,0.7769877910614014,0.6629915833473206,0.8249772787094116,0.5125455260276794,0.8317006826400757,0.5423376560211182,0.8532252907752991,0.5959029793739319,0.856178343296051,Done
0.7139946222305298,0.8995195031166077,0.643706202507019,0.7165592312812805,0.5865960121154785,0.525748074054718,0.5621934533119202,0.3795755207538605,0.5797441005706787,0.25081655383110046,0.6311722993850708,0.4924508035182953,0.45174404978752136,0.5303729772567749,0.4721826910972595,0.5961202383041382,0.5215357542037964,0.5965678691864014,0.6523334980010986,0.6030587553977966,0.45103874802589417,0.6496253609657288,0.4871583580970764,0.6870060563087463,0.5403104424476624,0.6875157356262207,0.6600667238235474,0.716718852519989,0.4727497696876526,0.7483792304992676,0.5134238004684448,0.7796260714530945,0.5711982846260071,0.7728179693222046,0.6594864130020142,0.8229900598526001,0.5098190903663635,0.8261187672615051,0.5426627397537231,0.8468523025512695,0.5978111624717712,0.8500548601150513,Done
0.7105484008789062,0.8945276737213135,0.6364551782608032,0.7134615778923035,0.5811741352081299,0.523326575756073,0.561683177947998,0.3777276873588562,0.581942081451416,0.2503579556941986,0.630837619304657,0.48843973875045776,0.4497232139110565,0.5283932089805603,0.474579781293869,0.5953805446624756,0.5262823104858398,0.5935660004615784,0.6532891988754272,0.599102258682251,0.45202577114105225,0.6486059427261353,0.49390748143196106,0.6840752363204956,0.5511379241943359,0.679948627948761,0.6612881422042847,0.7122560143470764,0.4747006595134735,0.7456790208816528,0.517214298248291,0.7752334475517273,0.5756720304489136,0.7652592658996582,0.6602561473846436,0.8185787796974182,0.5110558271408081,0.8227134943008423,0.5440285205841064,0.8422845602035522,0.5989232063293457,0.8432689309120178,Done
0.7130455374717712,0.892821192741394,0.6409293413162231,0.7120890617370605,0.5850286483764648,0.522641658782959,0.5617293119430542,0.3757365345954895,0.5796660780906677,0.24725782871246338,0.6326705813407898,0.4907304048538208,0.4516902565956116,0.5290239453315735,0.4759509563446045,0.5973762273788452,0.528535783290863,0.5976542234420776,0.6537375450134277,0.6006733179092407,0.45068004727363586,0.6476500034332275,0.4916500151157379,0.6861429214477539,0.5483815670013428,0.6841728091239929,0.6610120534896851,0.7133787274360657,0.47197139263153076,0.7461556792259216,0.5153148770332336,0.7787430286407471,0.5738930106163025,0.7708171606063843,0.6607034206390381,0.8199382424354553,0.5118609070777893,0.8293702602386475,0.5460649132728577,0.8497120141983032,0.6009393930435181,0.8501912355422974,Done
0.7114372849464417,0.8909364938735962,0.6394270062446594,0.7103945016860962,0.5832651257514954,0.5216490030288696,0.5606850385665894,0.37512296438217163,0.5785194635391235,0.24653536081314087,0.6317269206047058,0.48922526836395264,0.4499868154525757,0.5282499194145203,0.4775400459766388,0.5958696603775024,0.5308826565742493,0.5958225727081299,0.6521310210227966,0.6001322865486145,0.4496782422065735,0.6472107768058777,0.49394235014915466,0.6835798025131226,0.5518753528594971,0.6813385486602783,0.6589489579200745,0.7130173444747925,0.47179657220840454,0.7450625896453857,0.5165632367134094,0.7753722667694092,0.574820339679718,0.7671749591827393,0.6582690477371216,0.8196943998336792,0.5106472969055176,0.8261251449584961,0.5458396077156067,0.8459334373474121,0.6003835797309875,0.847205400466919,Done
0.7106862664222717,0.8893325924873352,0.6381521821022034,0.709424614906311,0.5817382335662842,0.5210127234458923,0.558798611164093,0.37421828508377075,0.57782381772995,0.24571865797042847,0.6309002637863159,0.4884127974510193,0.4502859115600586,0.5278996229171753,0.47758913040161133,0.5970840454101562,0.5310637354850769,0.5970873832702637,0.6514812111854553,0.5986036658287048,0.44962644577026367,0.6463062167167664,0.4929523766040802,0.6847675442695618,0.5503460168838501,0.6827635765075684,0.6580700278282166,0.7109180092811584,0.47108644247055054,0.744111955165863,0.5153895616531372,0.7761275768280029,0.573169469833374,0.7683772444725037,0.6569878458976746,0.8171430826187134,0.5099957585334778,0.8263909816741943,0.5448721647262573,0.8466302156448364,0.5990070104598999,0.8473007678985596,Done
0.709419310092926,0.8964428305625916,0.637948751449585,0.71689772605896,0.5816971063613892,0.5271028280258179,0.557550847530365,0.37883883714675903,0.5753443241119385,0.24876669049263,0.6310867667198181,0.4875503480434418,0.4473554193973541,0.5284832119941711,0.47238051891326904,0.5986009240150452,0.5256413221359253,0.5995336771011353,0.6503447890281677,0.5967237949371338,0.44409239292144775,0.6462733745574951,0.48621201515197754,0.6873052716255188,0.543751060962677,0.6867696046829224,0.6569546461105347,0.7098023891448975,0.46629324555397034,0.7441068291664124,0.5109965801239014,0.7780849933624268,0.5697020292282104,0.7709469199180603,0.6571661233901978,0.8182823657989502,0.5072153806686401,0.8277313709259033,0.5427456498146057,0.8485448360443115,0.5982269048690796,0.8485567569732666,Done
0.7091952562332153,0.8923075199127197,0.6330380439758301,0.7109601497650146,0.5758636593818665,0.5211313962936401,0.5538133382797241,0.3735835552215576,0.5731481313705444,0.24510648846626282,0.6273425221443176,0.48712825775146484,0.4467947483062744,0.5288031101226807,0.47344541549682617,0.5976424217224121,0.5267449021339417,0.5952754020690918,0.6504429578781128,0.5976484417915344,0.4472064673900604,0.6467673778533936,0.4893514811992645,0.6850376725196838,0.5454763770103455,0.6816142201423645,0.6590714454650879,0.7109355330467224,0.4696665108203888,0.7445452213287354,0.5130610466003418,0.7764259576797485,0.5712007284164429,0.7667540311813354,0.6590448617935181,0.8179621696472168,0.5079125761985779,0.8245003819465637,0.5422348976135254,0.8452112078666687,0.5973538160324097,0.8462249636650085,Done
0.7113662958145142,0.8982218503952026,0.6387343406677246,0.7183542251586914,0.5813796520233154,0.528288722038269,0.5574192404747009,0.3808714747428894,0.5735986232757568,0.25165051221847534,0.6281920075416565,0.48731064796447754,0.4478631913661957,0.5261814594268799,0.4703875184059143,0.5957908034324646,0.5210116505622864,0.5974307656288147,0.6475863456726074,0.593864381313324,0.4441758692264557,0.6456559300422668,0.48340970277786255,0.6876801252365112,0.537811815738678,0.6885247826576233,0.6545060276985168,0.7052554488182068,0.4666997194290161,0.7433742880821228,0.5105351805686951,0.7773702144622803,0.5683385133743286,0.7696295380592346,0.654670238494873,0.8125653266906738,0.5062941908836365,0.8228796720504761,0.5425662994384766,0.8449735641479492,0.598002552986145,0.8454544544219971,Done
0.7087395787239075,0.8910794258117676,0.6366798877716064,0.711787760257721,0.578483521938324,0.522856593132019,0.5549604296684265,0.375704824924469,0.5732536315917969,0.24590438604354858,0.6261433959007263,0.482194721698761,0.4441376328468323,0.5253967046737671,0.47042712569236755,0.595024824142456,0.5234119296073914,0.5932621955871582,0.6483603715896606,0.5921095013618469,0.4472784399986267,0.6463469862937927,0.49103158712387085,0.683706521987915,0.548530638217926,0.678668200969696,0.6567359566688538,0.7066963911056519,0.47054916620254517,0.7441256642341614,0.5134238600730896,0.7744592428207397,0.5711441040039062,0.763870120048523,0.6568085551261902,0.8160905838012695,0.5059049725532532,0.8243948817253113,0.5393813252449036,0.8436987996101379,0.594781219959259,0.8432743549346924,Done
0.7089689373970032,0.8882713317871094,0.6334468126296997,0.7075780630111694,0.5764753818511963,0.5195052623748779,0.5537430047988892,0.37234067916870117,0.5714597105979919,0.2437407672405243,0.6265040636062622,0.48515576124191284,0.4455553889274597,0.5260453224182129,0.4735278785228729,0.5943768620491028,0.5276440382003784,0.5929256081581116,0.6488362550735474,0.5948792099952698,0.4472130537033081,0.6442379951477051,0.4913994073867798,0.6812703013420105,0.5487796664237976,0.6781361699104309,0.6571580767631531,0.7072563171386719,0.47007089853286743,0.7413488626480103,0.5144698023796082,0.7721414566040039,0.5725592970848083,0.7634022831916809,0.6573474407196045,0.8142127394676208,0.5078730583190918,0.8216565251350403,0.5422272682189941,0.8411917686462402,0.5969601273536682,0.8420382142066956,Done
0.7086220979690552,0.8920113444328308,0.6344519853591919,0.7127770185470581,0.5774450302124023,0.5231336355209351,0.5546091794967651,0.3740007281303406,0.5711930990219116,0.24339446425437927,0.6285290718078613,0.4879353642463684,0.44718968868255615,0.5225638151168823,0.47283875942230225,0.591983437538147,0.5255575180053711,0.592926025390625,0.6497055292129517,0.596222460269928,0.4476049244403839,0.6419669389724731,0.49105486273765564,0.6809864640235901,0.5483905673027039,0.679291307926178,0.6569593548774719,0.7079890370368958,0.4693482220172882,0.7400655150413513,0.5144376158714294,0.7724689245223999,0.5731394290924072,0.7645474672317505,0.6563940048217773,0.8150878548622131,0.5067737102508545,0.8217911720275879,0.5426333546638489,0.8421683311462402,0.598502516746521,0.8427093029022217,Done
0.7080777883529663,0.8869990110397339,0.6329385638237,0.7059963345527649,0.574977457523346,0.5172804594039917,0.5515342354774475,0.3710678517818451,0.5692851543426514,0.24254313111305237,0.6251530647277832,0.4819145202636719,0.44514942169189453,0.5220534801483154,0.47297993302345276,0.5899176001548767,0.5268583297729492,0.5889950394630432,0.646644115447998,0.591881513595581,0.44752758741378784,0.6410394310951233,0.49189698696136475,0.6768112182617188,0.5500797033309937,0.6735475659370422,0.6544245481491089,0.7047638893127441,0.46942612528800964,0.7378783822059631,0.5130445957183838,0.7682251930236816,0.5716562867164612,0.7595735788345337,0.6536834239959717,0.8119092583656311,0.5055679082870483,0.8188415169715881,0.5390467047691345,0.8379853367805481,0.5937203764915466,0.8386088609695435,Done
0.7082489728927612,0.8862314224243164,0.6344863176345825,0.7076146602630615,0.5761558413505554,0.519210159778595,0.5517919063568115,0.37086257338523865,0.5688270330429077,0.2411455512046814,0.6271381378173828,0.48537489771842957,0.44629210233688354,0.5201951265335083,0.4740772843360901,0.5886439085006714,0.5279802680015564,0.5892163515090942,0.6475465893745422,0.5933850407600403,0.44748127460479736,0.637897789478302,0.49167710542678833,0.6753263473510742,0.5497235059738159,0.6731834411621094,0.6540789008140564,0.7041358947753906,0.4687124490737915,0.7345050573348999,0.5130866765975952,0.7659891247749329,0.5716090202331543,0.7582606077194214,0.6524149179458618,0.810066282749176,0.5045953989028931,0.8181201815605164,0.5393074750900269,0.8379629850387573,0.5944237112998962,0.8381416201591492,Done
0.706315815448761,0.887198805809021,0.6333406567573547,0.7082859873771667,0.5754453539848328,0.5200549960136414,0.5510033369064331,0.3718557357788086,0.5681307911872864,0.24172842502593994,0.6264435052871704,0.48347052931785583,0.4446335434913635,0.5193554759025574,0.47203463315963745,0.5883623361587524,0.5257353186607361,0.5889445543289185,0.6470829248428345,0.5912994742393494,0.44497302174568176,0.6376785039901733,0.4888749420642853,0.6761441230773926,0.5465784072875977,0.6740580797195435,0.654049813747406,0.702674388885498,0.4676297605037689,0.734807550907135,0.5117828249931335,0.7672107219696045,0.5700554251670837,0.7590793967247009,0.6528839468955994,0.8093730211257935,0.504365861415863,0.8177251815795898,0.5388039946556091,0.8380210399627686,0.5936928391456604,0.8377954959869385,Done
0.7043731212615967,0.8829437494277954,0.6296894550323486,0.7033427953720093,0.5719000697135925,0.5150073766708374,0.5480682849884033,0.36890459060668945,0.5654330253601074,0.2404264509677887,0.6225355267524719,0.4791029691696167,0.4439707398414612,0.5205683708190918,0.4728638231754303,0.5865060687065125,0.526989758014679,0.5851563811302185,0.6448339223861694,0.587368905544281,0.44675174355506897,0.6366848945617676,0.4917182922363281,0.6716817021369934,0.5487250089645386,0.6685824394226074,0.6531012654304504,0.6989794373512268,0.46847987174987793,0.7333056330680847,0.5126534700393677,0.7631680965423584,0.5701631307601929,0.7543644905090332,0.652801513671875,0.8059782981872559,0.5045222640037537,0.8153374195098877,0.5383254289627075,0.83470219373703,0.5919044017791748,0.8350557088851929,Done
0.706056535243988,0.8887777924537659,0.6322925686836243,0.7113496661186218,0.5744563937187195,0.5225546956062317,0.5498963594436646,0.3743349611759186,0.5666109919548035,0.24364295601844788,0.6257667541503906,0.4810943603515625,0.44532954692840576,0.5192432403564453,0.4720396399497986,0.5894194841384888,0.5253584384918213,0.5897796154022217,0.6469729542732239,0.5865210294723511,0.44613566994667053,0.6350511908531189,0.4905118942260742,0.6743448376655579,0.5478046536445618,0.672370433807373,0.6544210314750671,0.6970713138580322,0.4671381115913391,0.7310647964477539,0.5122764110565186,0.7648687362670898,0.5703632235527039,0.7569644451141357,0.653888463973999,0.8045591711997986,0.5039819478988647,0.8146281242370605,0.5392804145812988,0.8361063599586487,0.5942162275314331,0.8362855315208435,Done
0.7034684419631958,0.8803612589836121,0.6274468898773193,0.6991193890571594,0.5699508190155029,0.5116761326789856,0.5473158359527588,0.3677542805671692,0.5674887299537659,0.240391343832016,0.6220205426216125,0.47391748428344727,0.44345539808273315,0.5206402540206909,0.47151708602905273,0.5870429873466492,0.5247276425361633,0.5834396481513977,0.6456615328788757,0.5832601189613342,0.44761180877685547,0.6374582648277283,0.4927789866924286,0.6716369390487671,0.549534797668457,0.6671690940856934,0.6552519202232361,0.6959943771362305,0.46976131200790405,0.7339951992034912,0.5139293670654297,0.7626782655715942,0.5714250802993774,0.7522268295288086,0.6561179161071777,0.8034715056419373,0.5061192512512207,0.8151261210441589,0.5398647785186768,0.8337990641593933,0.5937768816947937,0.8332448601722717,Done
0.7030337452888489,0.8886594176292419,0.6285045742988586,0.7085872292518616,0.571890115737915,0.5192455053329468,0.5498449802398682,0.372782826423645,0.5675665140151978,0.2433028221130371,0.6225605010986328,0.4751140773296356,0.44447001814842224,0.5216944217681885,0.4693235754966736,0.5917596220970154,0.5213176012039185,0.590243399143219,0.6458829045295715,0.5817851424217224,0.44532930850982666,0.639551043510437,0.487648069858551,0.6796355247497559,0.5437701940536499,0.6763051152229309,0.6556636095046997,0.6943827271461487,0.4669266939163208,0.7364776730537415,0.5103764533996582,0.770483672618866,0.5678673386573792,0.7611592411994934,0.6578282117843628,0.8033433556556702,0.5069648027420044,0.8204585909843445,0.5402364730834961,0.8411077260971069,0.5942138433456421,0.8393756151199341,Done
0.7067645192146301,0.8896770477294922,0.6324541568756104,0.7113934755325317,0.5739907026290894,0.5206071734428406,0.5496956706047058,0.37201231718063354,0.5667757391929626,0.24133539199829102,0.6247590184211731,0.4775753319263458,0.446119487285614,0.5193473696708679,0.46801018714904785,0.5899714827537537,0.5192698240280151,0.5902666449546814,0.6474550366401672,0.5849138498306274,0.4465770125389099,0.6372479200363159,0.485860675573349,0.6786689162254333,0.5415927171707153,0.6763660907745361,0.6564419269561768,0.6980953812599182,0.4673473834991455,0.7350011467933655,0.508246660232544,0.7702814936637878,0.5660172700881958,0.7614744305610657,0.6579205393791199,0.8070008158683777,0.5067598223686218,0.8208959698677063,0.5384326577186584,0.8423938751220703,0.5928232669830322,0.841903030872345,Done
0.7068886160850525,0.8907352089881897,0.6300804615020752,0.7107031941413879,0.5717323422431946,0.5194761157035828,0.5491767525672913,0.37103986740112305,0.5670953392982483,0.24079227447509766,0.6241125464439392,0.4765055775642395,0.44443824887275696,0.5192455649375916,0.4687490463256836,0.5896129012107849,0.5207029581069946,0.5890588760375977,0.6472147703170776,0.5843449234962463,0.44627976417541504,0.6379838585853577,0.4879471957683563,0.6777101159095764,0.5445740222930908,0.6748193502426147,0.656064510345459,0.6967781186103821,0.4681774973869324,0.7352206110954285,0.5103791952133179,0.7692000269889832,0.5680541396141052,0.76015704870224,0.6567609310150146,0.8046207427978516,0.5071650743484497,0.8179466128349304,0.5396592020988464,0.8396642804145813,0.5933863520622253,0.839413046836853,Done
0.7080933451652527,0.8909075856208801,0.6318385601043701,0.7095459699630737,0.5734278559684753,0.5189076066017151,0.5498738884925842,0.3706607222557068,0.5668479800224304,0.24025776982307434,0.6231670379638672,0.4781383275985718,0.4445519745349884,0.522131085395813,0.46990686655044556,0.5896194577217102,0.5222523212432861,0.5875828862190247,0.6462744474411011,0.5861451625823975,0.44606277346611023,0.6395488381385803,0.48763328790664673,0.6779319047927856,0.5436649322509766,0.6752183437347412,0.6555225253105164,0.6980657577514648,0.46784207224845886,0.7362394332885742,0.510270893573761,0.769606351852417,0.5676327347755432,0.7608884572982788,0.6569644212722778,0.8053632378578186,0.507197380065918,0.8191930055618286,0.5404747128486633,0.840398371219635,0.5945314764976501,0.8397853374481201,Done
0.7087403535842896,0.8864952325820923,0.6338125467300415,0.7060060501098633,0.5743007063865662,0.5165114998817444,0.5496390461921692,0.3698703944683075,0.5664268732070923,0.23993194103240967,0.6232768893241882,0.4789086878299713,0.44601091742515564,0.5210959911346436,0.47186508774757385,0.589015781879425,0.5240676999092102,0.5876471400260925,0.6461754441261292,0.5878867506980896,0.44834452867507935,0.6400251984596252,0.49068278074264526,0.6774929761886597,0.54738450050354,0.6744087338447571,0.6552227139472961,0.7004479169845581,0.4704391360282898,0.7374758720397949,0.5127481818199158,0.7698534727096558,0.570186197757721,0.7610671520233154,0.656055748462677,0.8074769973754883,0.5084298849105835,0.8196561336517334,0.5416271090507507,0.8404519557952881,0.5954869985580444,0.8407515287399292,Done
0.7097763419151306,0.8870247602462769,0.6331896781921387,0.7076518535614014,0.5740616917610168,0.5182600617408752,0.5507344603538513,0.3707733154296875,0.5680952072143555,0.2401127815246582,0.6261954307556152,0.4796653389930725,0.4461238384246826,0.5218238830566406,0.4740331470966339,0.5889543890953064,0.5270441174507141,0.5870254039764404,0.6481013298034668,0.5894562005996704,0.447856068611145,0.6403541564941406,0.4924274981021881,0.6764853000640869,0.549521803855896,0.6732836961746216,0.6557393074035645,0.7023354768753052,0.46930691599845886,0.7377638816833496,0.5144795775413513,0.7683086395263672,0.5726963877677917,0.7592812180519104,0.6549800038337708,0.8101298213005066,0.5060606598854065,0.8187652826309204,0.5416397452354431,0.8384671807289124,0.5966213345527649,0.8383499979972839,Done
0.7106088995933533,0.889872133731842,0.6344795823097229,0.7101033926010132,0.5763520002365112,0.5199774503707886,0.5527539253234863,0.371429443359375,0.5702602863311768,0.24025723338127136,0.6271343231201172,0.4809372127056122,0.44736719131469727,0.5222890973091125,0.4725857973098755,0.5922774076461792,0.5248609781265259,0.5916404128074646,0.6506170630455017,0.5893462300300598,0.44906628131866455,0.6407341957092285,0.49100565910339355,0.680721640586853,0.547290027141571,0.6783440113067627,0.6593760848045349,0.701938271522522,0.4705815613269806,0.7387846112251282,0.5139104723930359,0.772895097732544,0.5716730952262878,0.7643810510635376,0.6589978933334351,0.8099263906478882,0.5076019167900085,0.8205012679100037,0.5418875217437744,0.8424519300460815,0.596587061882019,0.8427753448486328,Done
0.7130093574523926,0.8941669464111328,0.6362102031707764,0.7138903737068176,0.5773696303367615,0.5220581293106079,0.5539650321006775,0.3739866018295288,0.5713979601860046,0.2435632348060608,0.6287658214569092,0.4820082485675812,0.4496472179889679,0.524461567401886,0.4732520878314972,0.5947301983833313,0.5247491598129272,0.594350278377533,0.6510501503944397,0.5900923013687134,0.4496523141860962,0.6426143646240234,0.49029552936553955,0.6833694577217102,0.5463547706604004,0.6818654537200928,0.6592105031013489,0.7027063369750977,0.47057458758354187,0.7403481602668762,0.5133212804794312,0.7752858996391296,0.5713229179382324,0.767469584941864,0.6590388417243958,0.810810387134552,0.5087436437606812,0.8222005367279053,0.5421535968780518,0.8443339467048645,0.5963796377182007,0.8449848890304565,Done
0.713185727596283,0.8911494016647339,0.6392378807067871,0.708840548992157,0.5809482932090759,0.5175897479057312,0.5566868185997009,0.3700737953186035,0.5737544298171997,0.24044257402420044,0.6290480494499207,0.485121488571167,0.45009714365005493,0.528436005115509,0.4769049286842346,0.5949196815490723,0.529485821723938,0.5922799110412598,0.6516794562339783,0.5949611663818359,0.4518338441848755,0.645973265171051,0.49449312686920166,0.6817595958709717,0.5511398315429688,0.6785545945167542,0.6603453755378723,0.7074695229530334,0.47422027587890625,0.7425064444541931,0.5171272158622742,0.7734470367431641,0.5744818449020386,0.7646274566650391,0.6603888869285583,0.8139126896858215,0.5122494101524353,0.822350025177002,0.5454180836677551,0.8423039317131042,0.5990809202194214,0.8430696129798889,Done
0.7104330062866211,0.8944919109344482,0.6360052824020386,0.7141779661178589,0.5807818174362183,0.5234940648078918,0.5604978203773499,0.3760073781013489,0.5798813104629517,0.24636191129684448,0.6319493055343628,0.4837817847728729,0.45182329416275024,0.5228521227836609,0.4756934642791748,0.5932471752166748,0.5269858241081238,0.5928109884262085,0.653297483921051,0.5926742553710938,0.45094960927963257,0.644100546836853,0.4915400445461273,0.6834201812744141,0.5474428534507751,0.6813727021217346,0.6605004072189331,0.7049282193183899,0.47362157702445984,0.743288516998291,0.517034113407135,0.7762564420700073,0.5746833086013794,0.767515242099762,0.660139262676239,0.8121991753578186,0.5132916569709778,0.824407696723938,0.5489634275436401,0.8455976247787476,0.6039571166038513,0.8447780013084412,Done
0.7123041152954102,0.8966948986053467,0.6376498341560364,0.7152494788169861,0.5808268189430237,0.5235214233398438,0.5591761469841003,0.37600570917129517,0.5797517895698547,0.24665716290473938,0.6329745054244995,0.48691338300704956,0.4555094838142395,0.5303084850311279,0.48110634088516235,0.5996650457382202,0.532069206237793,0.5965317487716675,0.6558601260185242,0.5985892415046692,0.4556005895137787,0.6476925611495972,0.49416929483413696,0.6889638304710388,0.5452494621276855,0.6879128217697144,0.6658425331115723,0.7140225172042847,0.4788833558559418,0.7513602375984192,0.5228465795516968,0.7852290868759155,0.5807485580444336,0.7741360068321228,0.6690705418586731,0.8230299949645996,0.519047200679779,0.8324885964393616,0.5542653799057007,0.8550403118133545,0.6086655855178833,0.8555375933647156,Done
0.7142394781112671,0.9010014533996582,0.6403771638870239,0.7184737324714661,0.584148645401001,0.525971531867981,0.5620384216308594,0.378426194190979,0.5802916884422302,0.24981924891471863,0.636549711227417,0.4913330674171448,0.46023327112197876,0.5304585695266724,0.48338788747787476,0.5993935465812683,0.5330095291137695,0.5957640409469604,0.6596071720123291,0.6016812920570374,0.46008631587028503,0.6468744277954102,0.49728745222091675,0.687724232673645,0.5489556789398193,0.6865451335906982,0.6687498688697815,0.7155938744544983,0.48226630687713623,0.7509543895721436,0.5246723890304565,0.785076379776001,0.5819968581199646,0.7743306159973145,0.6703592538833618,0.8233461380004883,0.5203313827514648,0.8330579996109009,0.554027259349823,0.8563050031661987,0.6077045798301697,0.8567261695861816,Done
0.7163085341453552,0.9005686640739441,0.643464982509613,0.7135929465293884,0.586066484451294,0.5239198803901672,0.5616887211799622,0.37959831953048706,0.5803225040435791,0.251187264919281,0.6363410949707031,0.4903169572353363,0.46003785729408264,0.5332005023956299,0.48299741744995117,0.6017711162567139,0.532831609249115,0.5993631482124329,0.6592822670936584,0.6032437086105347,0.4605349600315094,0.6495229005813599,0.4977142810821533,0.6893748641014099,0.5502412915229797,0.6895405650138855,0.6682668924331665,0.7188435196876526,0.4816755950450897,0.7517816424369812,0.5222535133361816,0.7855033874511719,0.578601598739624,0.778043270111084,0.6694712042808533,0.8269648551940918,0.5196422934532166,0.8335356712341309,0.552325427532196,0.8556579351425171,0.6053210496902466,0.8577179908752441,Done
0.7195097804069519,0.8975419402122498,0.6491238474845886,0.7117621302604675,0.5906983613967896,0.5233993530273438,0.5646969676017761,0.37955981492996216,0.5833234786987305,0.2516497075557709,0.6388661861419678,0.4942423701286316,0.4611072838306427,0.5368196368217468,0.4870213270187378,0.6040926575660706,0.5386111736297607,0.6009572148323059,0.6590527296066284,0.607844352722168,0.45948106050491333,0.652837872505188,0.5000203847885132,0.691278338432312,0.5545302033424377,0.6905677914619446,0.6661962270736694,0.7228788137435913,0.4797031581401825,0.7540937066078186,0.5224600434303284,0.7865855097770691,0.5790868401527405,0.7798900008201599,0.6664742827415466,0.83006751537323,0.5173470973968506,0.8353901505470276,0.5509219765663147,0.8567438721656799,0.6037262082099915,0.8593201637268066,Done
0.7200242877006531,0.9004377722740173,0.6479875445365906,0.7187272310256958,0.5901569128036499,0.52836674451828,0.5670784115791321,0.3819005489349365,0.5860113501548767,0.2521631419658661,0.6413722038269043,0.49624210596084595,0.4608347415924072,0.5371520519256592,0.48762571811676025,0.6061918139457703,0.5399460196495056,0.6034530997276306,0.6608959436416626,0.6106728911399841,0.4581787586212158,0.6545698046684265,0.49929821491241455,0.6941816210746765,0.5551662445068359,0.6937533020973206,0.666698694229126,0.7262826561927795,0.47910812497138977,0.7584444284439087,0.5232300162315369,0.7916507720947266,0.580763578414917,0.7847811579704285,0.6659001111984253,0.8341162800788879,0.5182082653045654,0.8422776460647583,0.5542035698890686,0.8639460802078247,0.6084693670272827,0.8649705648422241,Done
0.7246046662330627,0.9050986766815186,0.6557198166847229,0.7218373417854309,0.5955660343170166,0.5296906232833862,0.5701808333396912,0.38160407543182373,0.5897069573402405,0.2508496344089508,0.6398149728775024,0.5010330677032471,0.456636905670166,0.5426656603813171,0.4844788908958435,0.609931468963623,0.5379587411880493,0.6075412034988403,0.6575644612312317,0.616761326789856,0.45159637928009033,0.6600946187973022,0.49552109837532043,0.6980125308036804,0.5518877506256104,0.6975270509719849,0.6628423929214478,0.7340705990791321,0.4721466600894928,0.7640182375907898,0.518995463848114,0.7955604195594788,0.5774018168449402,0.7897783517837524,0.6621343493461609,0.8440962433815002,0.5105224251747131,0.8492336273193359,0.5479678511619568,0.8693298101425171,0.6032699346542358,0.8713351488113403,Done
0.7289423942565918,0.8971449136734009,0.663520097732544,0.7204502820968628,0.6021437644958496,0.532778263092041,0.5753664970397949,0.3860381841659546,0.591944694519043,0.25577932596206665,0.6415709257125854,0.5060169696807861,0.4616408944129944,0.5379202961921692,0.4890505373477936,0.6048126816749573,0.5398879647254944,0.6062902808189392,0.6579617261886597,0.6201347708702087,0.4587782919406891,0.6591024398803711,0.5024816989898682,0.6948854327201843,0.5589869022369385,0.6937728524208069,0.6613048315048218,0.735122561454773,0.47787100076675415,0.7626562714576721,0.5236409902572632,0.7933807969093323,0.5813691020011902,0.7872596383094788,0.6570035219192505,0.8425167202949524,0.5096895098686218,0.8465572595596313,0.546214759349823,0.8655529022216797,0.6007440686225891,0.8659490346908569,Done
0.7396803498268127,0.8993568420410156,0.6789664030075073,0.7276214361190796,0.6129510998725891,0.5383582711219788,0.5838472247123718,0.3910963535308838,0.5989876389503479,0.25957196950912476,0.6436917781829834,0.52162104845047,0.46124041080474854,0.5501588582992554,0.49036073684692383,0.6122305393218994,0.5430518984794617,0.6136602163314819,0.657701313495636,0.6398946046829224,0.45703640580177307,0.6710172891616821,0.5018260478973389,0.7046236991882324,0.5598231554031372,0.7076154351234436,0.6601438522338867,0.7585381865501404,0.47597354650497437,0.7785632610321045,0.5215775370597839,0.8068816661834717,0.5798422694206238,0.8076474666595459,0.6550840735435486,0.8689628839492798,0.5035646557807922,0.8651097416877747,0.5411670207977295,0.8811061382293701,0.5982231497764587,0.885259747505188,Done
0.7369167804718018,0.8985449075698853,0.677108108997345,0.7314432263374329,0.6092124581336975,0.5413651466369629,0.5841814279556274,0.3911919891834259,0.6025068759918213,0.2584114968776703,0.6449280977249146,0.5254300832748413,0.4635430872440338,0.5551230907440186,0.49381357431411743,0.6138463020324707,0.5440305471420288,0.6126172542572021,0.6593489050865173,0.643868625164032,0.45975765585899353,0.6723952293395996,0.5042824149131775,0.7035654783248901,0.5631048083305359,0.7061454057693481,0.660780131816864,0.7640248537063599,0.4769798517227173,0.776769757270813,0.5199195742607117,0.8042979836463928,0.5775450468063354,0.805016279220581,0.6530647873878479,0.8766194581985474,0.501109778881073,0.8670477867126465,0.5373314023017883,0.8818137645721436,0.5951237082481384,0.8853715658187866,Done
0.7369260787963867,0.8901316523551941,0.6775609850883484,0.7235578894615173,0.6097245812416077,0.5378048419952393,0.5862134695053101,0.3919523060321808,0.6054608225822449,0.2606925964355469,0.6391012072563171,0.5343668460845947,0.46099555492401123,0.5615312457084656,0.4921171963214874,0.6134337782859802,0.5425696969032288,0.6110114455223083,0.6521984338760376,0.6562323570251465,0.4566538333892822,0.6808474659919739,0.5001273155212402,0.7052329778671265,0.5577442049980164,0.7089359760284424,0.6536000967025757,0.7768062949180603,0.47522908449172974,0.7890085577964783,0.516787052154541,0.8080423474311829,0.5732423067092896,0.8090088367462158,0.6460959315299988,0.8870406746864319,0.4979591965675354,0.8787496089935303,0.5345859527587891,0.8870153427124023,0.5912487506866455,0.8890806436538696,Done
0.7305479645729065,0.8845325112342834,0.6739435791969299,0.7244888544082642,0.6053251028060913,0.5392723679542542,0.5829580426216125,0.3932313621044159,0.6035706996917725,0.2638322710990906,0.6428291201591492,0.531449019908905,0.4620644152164459,0.5611950159072876,0.49505388736724854,0.6123084425926208,0.5457484126091003,0.608225405216217,0.657592236995697,0.6524352431297302,0.45713499188423157,0.6793710589408875,0.5012689828872681,0.7039149403572083,0.5610706806182861,0.7055333852767944,0.6587265133857727,0.7735804915428162,0.4749147593975067,0.7873602509498596,0.5164740681648254,0.806740939617157,0.573567271232605,0.804165780544281,0.6503891944885254,0.8848658800125122,0.5014976859092712,0.8795146346092224,0.5384912490844727,0.8882007002830505,0.5950174331665039,0.8867534399032593,Done
0.7332781553268433,0.8800180554389954,0.6821285486221313,0.7173459529876709,0.6129662394523621,0.5341029167175293,0.5886251330375671,0.39175015687942505,0.6109193563461304,0.2627607583999634,0.6392480134963989,0.5442417860031128,0.46074599027633667,0.5692323446273804,0.49669089913368225,0.6108938455581665,0.5485545992851257,0.6081225872039795,0.6478321552276611,0.6690080761909485,0.45331278443336487,0.6834969520568848,0.49817895889282227,0.7029218077659607,0.5553275942802429,0.7097945213317871,0.6457944512367249,0.7905340790748596,0.4690929651260376,0.7891597151756287,0.5115236043930054,0.8033779859542847,0.5669563412666321,0.8085440397262573,0.6350021362304688,0.8991662263870239,0.4938533306121826,0.8798888325691223,0.5331012010574341,0.8864105939865112,0.5874350666999817,0.8917867541313171,Done
0.7304143905639648,0.871129035949707,0.6802417039871216,0.7127013802528381,0.6102933883666992,0.5285571217536926,0.5914656519889832,0.38450655341148376,0.6195787787437439,0.25716716051101685,0.6395213603973389,0.5509742498397827,0.45925775170326233,0.5719811320304871,0.4937852621078491,0.6110121011734009,0.5455856323242188,0.6101330518722534,0.6490160822868347,0.6746137142181396,0.4536969065666199,0.6927455067634583,0.49800270795822144,0.7093912959098816,0.5585641860961914,0.7143795490264893,0.648097813129425,0.7976614832878113,0.47099030017852783,0.7946343421936035,0.5134134292602539,0.8065140247344971,0.5714130401611328,0.8106223940849304,0.6382949352264404,0.9080789089202881,0.49804821610450745,0.8892980813980103,0.5370177030563354,0.8921367526054382,0.5907001495361328,0.895550012588501,Done
0.7315781712532043,0.8805281519889832,0.6842346787452698,0.7201958298683167,0.6151267886161804,0.5339335203170776,0.5962485671043396,0.3891650438308716,0.6197047829627991,0.2625456154346466,0.6462781429290771,0.5623626112937927,0.4596720337867737,0.5783607363700867,0.4987971782684326,0.6124205589294434,0.5534976124763489,0.6106735467910767,0.6510843634605408,0.6875734925270081,0.45465677976608276,0.695673406124115,0.5031476616859436,0.7104425430297852,0.564924955368042,0.7179014682769775,0.6465080380439758,0.8103167414665222,0.467050164937973,0.7973440885543823,0.5128252506256104,0.8092116713523865,0.5721158981323242,0.8179155588150024,0.6334432363510132,0.9207233190536499,0.49561020731925964,0.8953599333763123,0.5370294451713562,0.897767186164856,0.5917471647262573,0.9035650491714478,Done
0.7439863681793213,0.892031729221344,0.6945525407791138,0.7288196086883545,0.6277703642845154,0.5426132082939148,0.611337423324585,0.3995736539363861,0.6379586458206177,0.2762250006198883,0.6591794490814209,0.5844742655754089,0.4686310589313507,0.5912744998931885,0.5060632824897766,0.6222593784332275,0.5603595972061157,0.6232269406318665,0.6639530062675476,0.7118459343910217,0.4612053632736206,0.7072957754135132,0.5077322721481323,0.7199043035507202,0.569991946220398,0.7287668585777283,0.6593450903892517,0.8352197408676147,0.47274935245513916,0.8082548379898071,0.518563985824585,0.8188939094543457,0.5798763632774353,0.8291641473770142,0.6446777582168579,0.9449326395988464,0.5042159557342529,0.9082584381103516,0.5439121127128601,0.9077326059341431,0.5987384915351868,0.9166338443756104,Done
0.7420769929885864,0.8845609426498413,0.6929636597633362,0.7248243093490601,0.6242764592170715,0.5380245447158813,0.6094627380371094,0.3924717605113983,0.638099730014801,0.2679160237312317,0.6591519713401794,0.5791512727737427,0.47214603424072266,0.5916305184364319,0.510735273361206,0.6265217065811157,0.5655307769775391,0.6254849433898926,0.6654568910598755,0.7062949538230896,0.4642857313156128,0.7087846994400024,0.5125524401664734,0.7244219779968262,0.5754009485244751,0.7314797639846802,0.6610898375511169,0.8289914131164551,0.4763697385787964,0.8080729842185974,0.5228981375694275,0.8194855451583862,0.5838338732719421,0.8263182640075684,0.6473300457000732,0.9374464750289917,0.5084226727485657,0.9044139981269836,0.5470868945121765,0.9050379991531372,0.6002352833747864,0.9117730855941772,Done
0.743889570236206,0.8885810375213623,0.6964297890663147,0.7243845462799072,0.6295843720436096,0.5374962091445923,0.6162967681884766,0.39327797293663025,0.6427657008171082,0.26909247040748596,0.6634675860404968,0.584700882434845,0.4707645773887634,0.5942782163619995,0.5108648538589478,0.6236515641212463,0.5671754479408264,0.6230428814888,0.6652193069458008,0.7136229276657104,0.46345141530036926,0.7118704915046692,0.5131946802139282,0.72128826379776,0.5755403637886047,0.7294775247573853,0.657748818397522,0.837126612663269,0.47387900948524475,0.8109366297721863,0.5226117372512817,0.8188908696174622,0.5834572911262512,0.8292056322097778,0.6418651938438416,0.9463469982147217,0.506098210811615,0.910781741142273,0.5469505190849304,0.9092908501625061,0.599754810333252,0.9178985357284546,Done
0.7444746494293213,0.888103723526001,0.6997344493865967,0.7251039147377014,0.6319516897201538,0.5377376079559326,0.6162819862365723,0.39289331436157227,0.6436665058135986,0.2696805000305176,0.6634456515312195,0.5882517695426941,0.4703451991081238,0.5932354927062988,0.513506293296814,0.6194289326667786,0.5709028840065002,0.6207449436187744,0.6647176742553711,0.7163289785385132,0.4635295271873474,0.7100752592086792,0.5137547850608826,0.7173728346824646,0.5753698348999023,0.7277956604957581,0.6560829281806946,0.8391355276107788,0.47438758611679077,0.8083816766738892,0.5218520760536194,0.8144421577453613,0.5813619494438171,0.8255258202552795,0.6382285952568054,0.9473553895950317,0.5042386651039124,0.9068591594696045,0.5444092154502869,0.9046107530593872,0.5958272814750671,0.9143001437187195,Done
0.7496248483657837,0.9119685888290405,0.7145936489105225,0.7462354302406311,0.644436240196228,0.5536247491836548,0.6211888790130615,0.4029136598110199,0.6462154984474182,0.27975425124168396,0.6610267758369446,0.6005916595458984,0.46857529878616333,0.5991995930671692,0.5154776573181152,0.6272785663604736,0.5756476521492004,0.6308549642562866,0.6528530120849609,0.7297506928443909,0.4582744836807251,0.7160366773605347,0.5096306800842285,0.7299889326095581,0.5721350908279419,0.7438408136367798,0.639279305934906,0.8519954681396484,0.4691188335418701,0.8172559142112732,0.5125858187675476,0.8258485198020935,0.5701828002929688,0.8391843438148499,0.6190415620803833,0.958723783493042,0.49431777000427246,0.9113048315048218,0.5324881672859192,0.9111916422843933,0.582244336605072,0.9245036840438843,Done
0.7500118613243103,0.9103565216064453,0.7134130001068115,0.7444264888763428,0.6419253349304199,0.5538132190704346,0.6182982921600342,0.4045880436897278,0.6415196061134338,0.27876701951026917,0.6536637544631958,0.6001941561698914,0.4635923504829407,0.6006302833557129,0.510359525680542,0.6306045651435852,0.5704889893531799,0.6339678168296814,0.6503503322601318,0.7272338271141052,0.4550938904285431,0.7179697751998901,0.5081992149353027,0.73189777135849,0.5719307065010071,0.742514967918396,0.641562283039093,0.8498339056968689,0.46655353903770447,0.8170396685600281,0.5144120454788208,0.8247298002243042,0.5752203464508057,0.8342469930648804,0.626671552658081,0.9581562280654907,0.494781494140625,0.9157108068466187,0.535198986530304,0.914589524269104,0.5879299640655518,0.9257352352142334,Done
0.7516660094261169,0.920691967010498,0.7193951606750488,0.7521214485168457,0.6477200984954834,0.5600606203079224,0.6223166584968567,0.41065508127212524,0.6405315399169922,0.2853938341140747,0.6445445418357849,0.6056466698646545,0.4566456079483032,0.6071363687515259,0.5047838091850281,0.633985161781311,0.5657716989517212,0.6373167634010315,0.63583904504776,0.7317849397659302,0.4498298764228821,0.7178084850311279,0.503197431564331,0.7321462631225586,0.5648984313011169,0.745663583278656,0.6244722604751587,0.8535810708999634,0.46177440881729126,0.8192333579063416,0.509945809841156,0.8288149833679199,0.5687798857688904,0.8396860957145691,0.6089295148849487,0.9618091583251953,0.4851970672607422,0.9177258610725403,0.5269960761070251,0.9200177788734436,0.5783715844154358,0.9327309131622314,Done
0.7481187582015991,0.9186708927154541,0.715147078037262,0.7479783892631531,0.6455132961273193,0.5593088269233704,0.62525475025177,0.41140320897102356,0.6401543617248535,0.2855992019176483,0.6403366327285767,0.6090948581695557,0.45398271083831787,0.6118825674057007,0.4998103976249695,0.6338472366333008,0.5611216425895691,0.6396888494491577,0.6324275135993958,0.738361656665802,0.4477226138114929,0.7235803008079529,0.5024335384368896,0.7342531085014343,0.5658767223358154,0.7480716705322266,0.6218414902687073,0.8607054948806763,0.45857906341552734,0.8214202523231506,0.5070428848266602,0.826921820640564,0.566988468170166,0.8377485275268555,0.6071086525917053,0.9682585000991821,0.4826314449310303,0.9176650047302246,0.5231543183326721,0.9154107570648193,0.5748885869979858,0.9280011653900146,Done
0.7454869747161865,0.9106154441833496,0.7137798070907593,0.7417523860931396,0.6440587639808655,0.556151270866394,0.6248731017112732,0.41090840101242065,0.6403163075447083,0.28817763924598694,0.6375281810760498,0.6104503870010376,0.4547080993652344,0.6117678880691528,0.4982444941997528,0.6317954063415527,0.5591587424278259,0.6385060548782349,0.6286141872406006,0.7398229837417603,0.4461870789527893,0.724050760269165,0.4998915195465088,0.7335627675056458,0.5639187693595886,0.7467394471168518,0.6183547377586365,0.8615121841430664,0.45485836267471313,0.8241709470748901,0.5029658079147339,0.8275035619735718,0.5632094740867615,0.836449384689331,0.605469822883606,0.9680057168006897,0.4816925525665283,0.9219257235527039,0.5203424692153931,0.916998028755188,0.5712071657180786,0.9270808100700378,Done
0.7413503527641296,0.9148634076118469,0.7113388776779175,0.7451093196868896,0.6422667503356934,0.5583630800247192,0.6246737241744995,0.41256627440452576,0.6409581303596497,0.29174864292144775,0.6414100527763367,0.6155499219894409,0.45468124747276306,0.6169162392616272,0.4982339143753052,0.6326951384544373,0.5586780309677124,0.6369352340698242,0.6315991282463074,0.7459217309951782,0.4451342225074768,0.7263760566711426,0.49942684173583984,0.733130693435669,0.5633494257926941,0.7464590072631836,0.6191112995147705,0.8666245937347412,0.45291629433631897,0.825831949710846,0.501785159111023,0.8260836005210876,0.5624693632125854,0.8350203037261963,0.6033830046653748,0.9709930419921875,0.4786562919616699,0.9201352596282959,0.5171886682510376,0.9131483435630798,0.568083643913269,0.9241277575492859,Done
0.7424875497817993,0.9090487957000732,0.7116105556488037,0.7419959902763367,0.6423973441123962,0.5560610890388489,0.6244340538978577,0.4109427034854889,0.6402642130851746,0.2898392379283905,0.636008620262146,0.6147275567054749,0.4537172317504883,0.6157476902008057,0.4963756203651428,0.634027898311615,0.5562024712562561,0.6387988924980164,0.6265009045600891,0.7463253140449524,0.44344955682754517,0.7277488708496094,0.49714311957359314,0.7357407808303833,0.5611301064491272,0.7482001781463623,0.6155030727386475,0.8689306974411011,0.45236676931381226,0.8290878534317017,0.5013531446456909,0.8298624157905579,0.5620171427726746,0.8369597792625427,0.6019037365913391,0.9744500517845154,0.479957640171051,0.9265532493591309,0.5183984041213989,0.9201400279998779,0.5682565569877625,0.9292916059494019,Done
0.7446558475494385,0.9315072298049927,0.7155434489250183,0.7594456672668457,0.6440117955207825,0.5663233995437622,0.6228832006454468,0.4152238368988037,0.6372743844985962,0.2916988432407379,0.63668292760849,0.6147149801254272,0.4538227319717407,0.6199875473976135,0.4970012903213501,0.6410371661186218,0.5568289756774902,0.6434125900268555,0.6260996460914612,0.7432531118392944,0.44205865263938904,0.7288954257965088,0.4965163767337799,0.7409175634384155,0.5610926151275635,0.7506147027015686,0.6140985488891602,0.864138662815094,0.4517800211906433,0.8308038115501404,0.5013924241065979,0.8353995680809021,0.5628038048744202,0.8417508006095886,0.5996515154838562,0.9710582494735718,0.47804635763168335,0.9252740144729614,0.5173059701919556,0.9223122000694275,0.5686903595924377,0.9321690201759338,Done
0.7460261583328247,0.9278503656387329,0.7169327139854431,0.757382333278656,0.6468467712402344,0.5653501749038696,0.6249911785125732,0.4138812720775604,0.6400671005249023,0.28801295161247253,0.6353418827056885,0.614005446434021,0.453299343585968,0.6137515306472778,0.49816974997520447,0.6363794803619385,0.558836042881012,0.6415991187095642,0.623071014881134,0.7437388896942139,0.4413183927536011,0.7238496541976929,0.49646592140197754,0.7369459867477417,0.5602753162384033,0.750678539276123,0.6096163988113403,0.8663604259490967,0.4513130187988281,0.8261973857879639,0.501768171787262,0.83293217420578,0.5621787905693054,0.8424002528190613,0.5940954685211182,0.9741616249084473,0.47569119930267334,0.9242673516273499,0.5175144672393799,0.9232130646705627,0.568230390548706,0.9352301359176636,Done
0.7442691326141357,0.9217188358306885,0.7136272192001343,0.7508860230445862,0.6422964930534363,0.5602603554725647,0.6229598522186279,0.4094487726688385,0.6385321617126465,0.2847839593887329,0.6316521167755127,0.6109302043914795,0.4526619613170624,0.615692675113678,0.49780258536338806,0.6361092925071716,0.5570565462112427,0.6374775767326355,0.6208257079124451,0.7398766875267029,0.4404585063457489,0.723609447479248,0.4953906834125519,0.7354201674461365,0.5585678815841675,0.746376097202301,0.6089892983436584,0.8613246083259583,0.4496595859527588,0.8260557651519775,0.5000314712524414,0.8319697976112366,0.5605834722518921,0.8392852544784546,0.5960977077484131,0.9681292772293091,0.47759050130844116,0.9225624203681946,0.5181179046630859,0.9215563535690308,0.5683208703994751,0.9323567748069763,Done
0.7413054704666138,0.921303927898407,0.7117910385131836,0.7514866590499878,0.6404029726982117,0.561587393283844,0.621837317943573,0.4115579426288605,0.6379164457321167,0.2871212363243103,0.6327866315841675,0.6096698045730591,0.45326167345046997,0.6151209473609924,0.4979705810546875,0.6340876817703247,0.5568906664848328,0.6351135969161987,0.6222629547119141,0.7388461232185364,0.441420316696167,0.7236348390579224,0.4965193569660187,0.7343417406082153,0.5595967769622803,0.7449586987495422,0.6097401976585388,0.859931468963623,0.449926495552063,0.8252648711204529,0.5002947449684143,0.8294806480407715,0.5604343414306641,0.8364508152008057,0.5951244831085205,0.9661016464233398,0.47604310512542725,0.9194424152374268,0.5163484811782837,0.9169827103614807,0.5662096738815308,0.9274411797523499,Done
0.7395986318588257,0.9113383293151855,0.7098796367645264,0.7436191439628601,0.6387877464294434,0.5553755760192871,0.6194359660148621,0.4067636728286743,0.63474440574646,0.2828679084777832,0.6334793567657471,0.6053289771080017,0.451305627822876,0.6113235950469971,0.49638834595680237,0.6305333375930786,0.5557583570480347,0.631805419921875,0.6240813136100769,0.7360782027244568,0.4407474994659424,0.7213493585586548,0.49618983268737793,0.7317667007446289,0.5597935318946838,0.7428434491157532,0.6124189496040344,0.8585631847381592,0.45112353563308716,0.8230301737785339,0.5013949871063232,0.827475368976593,0.5619412660598755,0.8349044322967529,0.5981715321540833,0.9660194516181946,0.47761014103889465,0.9187299013137817,0.518907904624939,0.9151437282562256,0.5702229142189026,0.9247993230819702,Done
0.7381720542907715,0.9084393978118896,0.7070766687393188,0.7400896549224854,0.6359763741493225,0.5528203248977661,0.6166637539863586,0.40609097480773926,0.6320489048957825,0.28360721468925476,0.6346143484115601,0.6055534482002258,0.4520793855190277,0.6103403568267822,0.49721285700798035,0.6278838515281677,0.5569685101509094,0.6293101906776428,0.6253002285957336,0.736766517162323,0.44066300988197327,0.7198300957679749,0.4973459839820862,0.729901134967804,0.5617544651031494,0.7428727149963379,0.6133154630661011,0.8590065836906433,0.4481630027294159,0.8220911026000977,0.5003405809402466,0.8246423006057739,0.5619096755981445,0.833107590675354,0.5983328819274902,0.9663029313087463,0.47548580169677734,0.9195688962936401,0.5166640877723694,0.9135063886642456,0.567690372467041,0.9228640794754028,Done
0.736358642578125,0.9060168266296387,0.7051914930343628,0.740827202796936,0.6335563063621521,0.5531356334686279,0.6135518550872803,0.4055972099304199,0.6294854879379272,0.28229421377182007,0.6342107653617859,0.6030687689781189,0.45030874013900757,0.6095510125160217,0.49651435017585754,0.6268065571784973,0.55573570728302,0.6272352933883667,0.6247477531433105,0.7332428097724915,0.4405744671821594,0.7183537483215332,0.4977259039878845,0.7285044193267822,0.5611075758934021,0.7412261962890625,0.6128530502319336,0.8554153442382812,0.4496254324913025,0.8200203776359558,0.5020570158958435,0.8238726258277893,0.5629231333732605,0.8319541215896606,0.598239004611969,0.9628008008003235,0.47681817412376404,0.9180364012718201,0.5194226503372192,0.9145455360412598,0.5703954696655273,0.9240493178367615,Done
0.7344074845314026,0.9140347242355347,0.7062990069389343,0.7481398582458496,0.6349115371704102,0.5577269792556763,0.6115668416023254,0.4095136821269989,0.6247998476028442,0.28480595350265503,0.6351667046546936,0.601736307144165,0.45142680406570435,0.6059089303016663,0.49549704790115356,0.6310811638832092,0.5542322397232056,0.6333723664283752,0.6253794431686401,0.7312964200973511,0.4413454532623291,0.7169197797775269,0.4974941611289978,0.7333859205245972,0.5610366463661194,0.7447875738143921,0.6121540069580078,0.8533475399017334,0.45141440629959106,0.8178749084472656,0.5037193894386292,0.826461136341095,0.5646045207977295,0.8348034024238586,0.5957379937171936,0.9609061479568481,0.47554725408554077,0.913011372089386,0.5185464024543762,0.9143937826156616,0.5702073574066162,0.9266772270202637,Done
0.7371673583984375,0.9151783585548401,0.707047164440155,0.7493676543235779,0.6336079239845276,0.5596935749053955,0.6078090667724609,0.41159388422966003,0.6201192140579224,0.28459763526916504,0.6317977905273438,0.5991159677505493,0.4455721080303192,0.6051983833312988,0.4926798939704895,0.6289273500442505,0.5524250864982605,0.6296552419662476,0.6227688193321228,0.7316163182258606,0.43883082270622253,0.7189807891845703,0.4974055588245392,0.7316612601280212,0.5599584579467773,0.7423703670501709,0.610929012298584,0.8571440577507019,0.44816482067108154,0.8191412687301636,0.5028232932090759,0.827306866645813,0.5638763308525085,0.8377624750137329,0.5957769751548767,0.9680251479148865,0.47349807620048523,0.9184200763702393,0.5185956954956055,0.9193377494812012,0.5707118511199951,0.9335596561431885,Done
0.7366324663162231,0.9118951559066772,0.7051776647567749,0.7484104633331299,0.6319677233695984,0.5597357153892517,0.6061087250709534,0.4119444191455841,0.6156798005104065,0.28474342823028564,0.6323249936103821,0.596856951713562,0.4456707835197449,0.6057944893836975,0.48953741788864136,0.63127201795578,0.548930287361145,0.6344313025474548,0.6243911981582642,0.7265981435775757,0.43757694959640503,0.718545138835907,0.49432218074798584,0.7331055402755737,0.5579444766044617,0.7429664134979248,0.6134859323501587,0.8505332469940186,0.44960886240005493,0.8200219869613647,0.5033446550369263,0.8291645050048828,0.5646289587020874,0.8373175859451294,0.5992377996444702,0.961007297039032,0.47668761014938354,0.920305609703064,0.5211849808692932,0.9218318462371826,0.5731464624404907,0.9337241649627686,Done
0.7363504767417908,0.9110890626907349,0.7057713270187378,0.7483989000320435,0.6305567026138306,0.5624425411224365,0.5992937684059143,0.4156767725944519,0.6076799631118774,0.28642380237579346,0.6335065960884094,0.5902639627456665,0.4441935420036316,0.6042801141738892,0.49002504348754883,0.6310063600540161,0.5500299334526062,0.6321311593055725,0.6279521584510803,0.717629075050354,0.43878933787345886,0.7171497941017151,0.495577335357666,0.7313224077224731,0.558366060256958,0.7406554818153381,0.6187085509300232,0.8419957756996155,0.45156151056289673,0.8202942609786987,0.5056605935096741,0.8297458291053772,0.5665202736854553,0.8371053338050842,0.605215311050415,0.9544433355331421,0.47923827171325684,0.9227432608604431,0.5256555676460266,0.9236344695091248,0.5787115097045898,0.9321447610855103,Done
0.7323702573776245,0.8996736407279968,0.695099949836731,0.7404642105102539,0.6189249157905579,0.5611434578895569,0.5868202447891235,0.41584470868110657,0.5997745394706726,0.2881981134414673,0.6328228116035461,0.5878702402114868,0.44479480385780334,0.6048986315727234,0.4884244203567505,0.6334660053253174,0.5466602444648743,0.6323348879814148,0.6326683759689331,0.7149760127067566,0.4394190013408661,0.7206695079803467,0.49304988980293274,0.7329872846603394,0.5541552305221558,0.7396953701972961,0.6276907920837402,0.8393840789794922,0.4569220244884491,0.8225939869880676,0.5090090036392212,0.8314905166625977,0.5680478811264038,0.8379340767860413,0.6183872222900391,0.9515573382377625,0.48552224040031433,0.9241348505020142,0.5292325615882874,0.9249086380004883,0.581213653087616,0.9331842660903931,Done
0.7248198986053467,0.903131902217865,0.6662616729736328,0.7542241811752319,0.5864341855049133,0.5768510699272156,0.5551010966300964,0.4321194887161255,0.564957320690155,0.29961955547332764,0.633718729019165,0.5696537494659424,0.4517350196838379,0.6080866456031799,0.4881994128227234,0.6523017883300781,0.5409542918205261,0.6475380659103394,0.6546607613563538,0.6872745156288147,0.4551222324371338,0.7278447151184082,0.5035538077354431,0.7499765157699585,0.5643526315689087,0.7450870871543884,0.6636782288551331,0.8098301291465759,0.47623470425605774,0.8300584554672241,0.523030698299408,0.847165048122406,0.5822174549102783,0.8437517881393433,0.662223756313324,0.9255196452140808,0.5142478942871094,0.9274376630783081,0.5518518686294556,0.9317039847373962,0.6059150695800781,0.9274099469184875,Done
0.7207765579223633,0.9163810014724731,0.6455705165863037,0.7561947107315063,0.5810999870300293,0.5787708163261414,0.5546823740005493,0.43832409381866455,0.5631248354911804,0.31191912293434143,0.6502172946929932,0.5560821294784546,0.46701207756996155,0.6090049147605896,0.49760884046554565,0.6668376922607422,0.5484004616737366,0.6570554971694946,0.674360990524292,0.6742987036705017,0.4718402326107025,0.7273896336555481,0.5165143013000488,0.7539757490158081,0.5740333795547485,0.7445181012153625,0.6834223866462708,0.7914755344390869,0.49753010272979736,0.8350347876548767,0.5404177308082581,0.8547619581222534,0.5968179106712341,0.8414271473884583,0.6824012994766235,0.9007328152656555,0.5369109511375427,0.9282662272453308,0.572037398815155,0.9370970726013184,0.6270958781242371,0.9281938076019287,Done
0.7215614318847656,0.9155720472335815,0.6515179872512817,0.7417088150978088,0.5865556597709656,0.5687796473503113,0.5476519465446472,0.4335656464099884,0.5508363246917725,0.30891406536102295,0.6489379405975342,0.5585273504257202,0.4707997441291809,0.6065708994865417,0.4982239603996277,0.6649077534675598,0.5500964522361755,0.6550779342651367,0.6744320392608643,0.6778844594955444,0.4795995354652405,0.7189915180206299,0.5224520564079285,0.7487225532531738,0.5774389505386353,0.7412654161453247,0.6873226761817932,0.7954923510551453,0.5047168135643005,0.8307675123214722,0.5453740954399109,0.852897584438324,0.6005327701568604,0.8392788767814636,0.6921505928039551,0.9024530649185181,0.5452649593353271,0.9252018928527832,0.5781406760215759,0.9374804496765137,0.63181471824646,0.9319902658462524,Done
0.7192625403404236,0.9230949878692627,0.6471855640411377,0.7491544485092163,0.5845960974693298,0.5738639235496521,0.5494083166122437,0.438257098197937,0.5558278560638428,0.31398436427116394,0.6580175757408142,0.5514600276947021,0.4809795022010803,0.5992162823677063,0.5057488679885864,0.66409832239151,0.5579315423965454,0.6575304865837097,0.684359610080719,0.6717872023582458,0.4887542426586151,0.7129963636398315,0.5272568464279175,0.7482618093490601,0.5822299122810364,0.7424798011779785,0.6961380839347839,0.7911391258239746,0.511496365070343,0.8255175352096558,0.5481091141700745,0.8518500328063965,0.6027860641479492,0.8378373980522156,0.6990755796432495,0.9003852605819702,0.5488196015357971,0.9212489128112793,0.57805997133255,0.9353941679000854,0.6313992738723755,0.9296431541442871,Done
0.7014111280441284,0.9337606430053711,0.6327731609344482,0.7544525265693665,0.5778135657310486,0.5737576484680176,0.5486889481544495,0.4389258027076721,0.5583516955375671,0.3179560601711273,0.6722105741500854,0.540678083896637,0.49290382862091064,0.5900235176086426,0.5164281725883484,0.6534774899482727,0.570539653301239,0.645992636680603,0.6970117092132568,0.6590903997421265,0.4998861849308014,0.7050222754478455,0.539181649684906,0.7354543805122375,0.5936926007270813,0.7262974381446838,0.7072012424468994,0.7786087989807129,0.5218278765678406,0.8154082894325256,0.5585512518882751,0.8381089568138123,0.6135870218276978,0.8212697505950928,0.7087788581848145,0.8916359543800354,0.5591719746589661,0.9100167751312256,0.5889102816581726,0.9228025078773499,0.6444213390350342,0.9155004024505615,Done
0.6706016659736633,0.9684001207351685,0.5991590023040771,0.786241888999939,0.5715207457542419,0.601844847202301,0.5636941194534302,0.4656730890274048,0.5636084079742432,0.35169827938079834,0.702919602394104,0.517452597618103,0.5362148284912109,0.5575332641601562,0.5440212488174438,0.6358600854873657,0.5939745903015137,0.6366508603096008,0.7416074275970459,0.6131067276000977,0.546086311340332,0.6754062175750732,0.5719460844993591,0.728977620601654,0.6245579123497009,0.7197775840759277,0.7586445808410645,0.7277855277061462,0.5720190405845642,0.7782940864562988,0.5982435345649719,0.8197811841964722,0.6515969038009644,0.8089005947113037,0.7636518478393555,0.8481687307357788,0.6189715266227722,0.8799760341644287,0.6371542811393738,0.9025920033454895,0.6886984705924988,0.8983149528503418,Done
0.6401584148406982,0.9325834512710571,0.5941343903541565,0.7554007768630981,0.5784094929695129,0.5813242197036743,0.5712491273880005,0.45485973358154297,0.5748510956764221,0.3442443907260895,0.7168937921524048,0.5171030163764954,0.5498276948928833,0.5481852293014526,0.5407353639602661,0.6239404678344727,0.5842613577842712,0.6360198855400085,0.7551003694534302,0.6117404103279114,0.5598124265670776,0.6613402366638184,0.5645394325256348,0.7215121984481812,0.6117163300514221,0.7221862077713013,0.7687612771987915,0.726215660572052,0.5848768353462219,0.7633706331253052,0.5892318487167358,0.8060491681098938,0.6324905157089233,0.8084403276443481,0.7672033905982971,0.8444908261299133,0.6287750601768494,0.8644832968711853,0.6246684789657593,0.8833239078521729,0.6604154109954834,0.8900404572486877,Done
0.6501384377479553,0.9184967279434204,0.5974006056785583,0.7544772624969482,0.5855419039726257,0.5771579742431641,0.5809965133666992,0.45080459117889404,0.5847843885421753,0.3413206934928894,0.7270492315292358,0.5223851203918457,0.5650317072868347,0.5389058589935303,0.5540103316307068,0.6188135743141174,0.5976235866546631,0.641700804233551,0.7669088840484619,0.6157186031341553,0.5737438201904297,0.6469153761863708,0.5716001391410828,0.7139374017715454,0.6216464638710022,0.7242081761360168,0.7797822952270508,0.730052649974823,0.5978652834892273,0.7536696195602417,0.5925301313400269,0.7962746620178223,0.6348094344139099,0.8037717938423157,0.7762714624404907,0.8462840914726257,0.637614369392395,0.8558733463287354,0.6267673373222351,0.8730711340904236,0.6592849493026733,0.8818689584732056,Done
0.6402915120124817,0.9063110947608948,0.5863392353057861,0.7486997246742249,0.5801527500152588,0.5760084986686707,0.5835437774658203,0.45377326011657715,0.5918421149253845,0.34776318073272705,0.7302181720733643,0.519007682800293,0.5745336413383484,0.5336142182350159,0.5573159456253052,0.6238175630569458,0.5964564085006714,0.6543494462966919,0.7737228870391846,0.606499969959259,0.5837888121604919,0.6420053243637085,0.5733300447463989,0.7216892838478088,0.6175221800804138,0.7426905035972595,0.7881913781166077,0.718534529209137,0.6063868999481201,0.7518377304077148,0.5938706398010254,0.8051561117172241,0.6312121748924255,0.8213268518447876,0.7855541706085205,0.8338363170623779,0.6465522646903992,0.8504533767700195,0.6285960078239441,0.8751025199890137,0.6564085483551025,0.8890584111213684,Done
0.6451731324195862,0.9218186140060425,0.5858646631240845,0.760983407497406,0.5808634757995605,0.5802861452102661,0.5898159146308899,0.4517744779586792,0.6000962257385254,0.3448614180088043,0.7370387315750122,0.5212935209274292,0.5847774147987366,0.5330681204795837,0.5685998201370239,0.6304898262023926,0.6092364192008972,0.6655063033103943,0.7806177139282227,0.6057238578796387,0.5972335934638977,0.6404318809509277,0.5887202024459839,0.7251291275024414,0.6341986656188965,0.7477782964706421,0.7945618033409119,0.7168653011322021,0.6218145489692688,0.7509152889251709,0.614246666431427,0.8079195618629456,0.6555935144424438,0.8210622072219849,0.7919780611991882,0.8329129815101624,0.6591866612434387,0.8556265234947205,0.648642361164093,0.8818044662475586,0.6816061735153198,0.8893616199493408,Done
0.6339364051818848,0.9121753573417664,0.5780860185623169,0.7562718391418457,0.5795366764068604,0.5792372226715088,0.5948209762573242,0.45064109563827515,0.6052761673927307,0.34346887469291687,0.74412602186203,0.5254974365234375,0.5966898798942566,0.5264854431152344,0.5746093988418579,0.6217272877693176,0.6092159748077393,0.660836398601532,0.789068877696991,0.6105188131332397,0.6100074052810669,0.6382771134376526,0.5964024066925049,0.7233988046646118,0.6374121308326721,0.7501519918441772,0.8035237789154053,0.7212767601013184,0.6333203911781311,0.7507065534591675,0.621879518032074,0.8085231781005859,0.6596325635910034,0.8265545964241028,0.8012437224388123,0.8361493945121765,0.6712586879730225,0.8555488586425781,0.656787097454071,0.8839340209960938,0.6860197186470032,0.8976610898971558,Done
0.6404880881309509,0.9300282597541809,0.5816593170166016,0.7575284838676453,0.5856711268424988,0.5787820219993591,0.6014688014984131,0.45126229524612427,0.6086159944534302,0.34251049160957336,0.7511640191078186,0.5261043906211853,0.6090444326400757,0.5278983116149902,0.5795316696166992,0.6260001063346863,0.6072633862495422,0.6693835854530334,0.7980408668518066,0.6062226295471191,0.6226829886436462,0.6340510249137878,0.5984081625938416,0.7223753929138184,0.6340077519416809,0.7528461217880249,0.8146235346794128,0.7138497233390808,0.6479856371879578,0.7403806447982788,0.6272477507591248,0.8020724058151245,0.6602842807769775,0.8216394186019897,0.8144137263298035,0.8272860050201416,0.6886870265007019,0.8433167338371277,0.6643642783164978,0.8701317310333252,0.6857768893241882,0.8812692165374756,Done
0.642376184463501,0.9244106411933899,0.5821487307548523,0.7583885788917542,0.5845867395401001,0.5784520506858826,0.6024906635284424,0.4500928521156311,0.610468864440918,0.3423874080181122,0.7513941526412964,0.5210434794425964,0.6121742129325867,0.5283327102661133,0.5852872133255005,0.6254526376724243,0.6151000261306763,0.6637375354766846,0.8013816475868225,0.5992699265480042,0.6289507150650024,0.635891854763031,0.6036814451217651,0.7236512899398804,0.638858437538147,0.7497307658195496,0.8209947347640991,0.7061489224433899,0.6586527824401855,0.743201494216919,0.6355640888214111,0.8035681247711182,0.6679139733314514,0.818147599697113,0.8249611854553223,0.8201817274093628,0.7034770846366882,0.8458104133605957,0.6749885678291321,0.8712222576141357,0.6939579248428345,0.8763037919998169,Done
0.6457067728042603,0.9254271984100342,0.5853995680809021,0.7492799162864685,0.5906423926353455,0.5709404349327087,0.6136759519577026,0.4458550214767456,0.6247398257255554,0.34178248047828674,0.7702632546424866,0.5267846584320068,0.6258978843688965,0.5360578894615173,0.594782292842865,0.6305541396141052,0.6224184632301331,0.6726719737052917,0.8169662356376648,0.6079288125038147,0.6416091918945312,0.6380900144577026,0.6126635074615479,0.7207778692245483,0.6459084153175354,0.7528740167617798,0.8331833481788635,0.7147688269615173,0.6701669692993164,0.737966775894165,0.6415020227432251,0.7959593534469604,0.6695129871368408,0.8195309638977051,0.8337851166725159,0.829727292060852,0.7148959040641785,0.841144859790802,0.6817872524261475,0.8642959594726562,0.6956983208656311,0.8779568076133728,Done
0.6504296064376831,0.9319663643836975,0.589029848575592,0.7533290982246399,0.5948705077171326,0.5742796063423157,0.6158434152603149,0.4489457607269287,0.6260669827461243,0.3429928421974182,0.7702187299728394,0.5299228429794312,0.6289091110229492,0.5308434367179871,0.5977590084075928,0.6296969056129456,0.6274832487106323,0.6731745600700378,0.8186550140380859,0.6108732223510742,0.6436976194381714,0.6329588890075684,0.6136048436164856,0.7194151282310486,0.6501728892326355,0.7511503100395203,0.834435224533081,0.7192755341529846,0.6720523834228516,0.7366999983787537,0.6434463262557983,0.7966904044151306,0.6768003702163696,0.8184220194816589,0.8339035511016846,0.8348261713981628,0.7146676778793335,0.8438066244125366,0.680405855178833,0.8650704026222229,0.6966527700424194,0.8753567934036255,Done
0.6482600569725037,0.9285544157028198,0.5884761214256287,0.7492372989654541,0.5963125228881836,0.5702090263366699,0.6188324689865112,0.44479861855506897,0.6311863660812378,0.33884021639823914,0.7725164890289307,0.5296903848648071,0.6323893070220947,0.5313864946365356,0.5986367464065552,0.6308489441871643,0.6243909001350403,0.6763917207717896,0.8205571174621582,0.6114580631256104,0.6465113162994385,0.6365234851837158,0.6150187253952026,0.7219319343566895,0.6484051942825317,0.7534673810005188,0.8358538746833801,0.7202990055084229,0.6737552285194397,0.74066162109375,0.6458965539932251,0.7978657484054565,0.6779804229736328,0.8180227875709534,0.8343511819839478,0.8350746035575867,0.7125788331031799,0.8446577191352844,0.6806289553642273,0.8663375973701477,0.6986261010169983,0.8767480254173279,Done
0.6435462236404419,0.9203444123268127,0.5861122012138367,0.7448223233222961,0.5962167382240295,0.5679277777671814,0.6197397112846375,0.44411247968673706,0.6310872435569763,0.3396642208099365,0.7730307579040527,0.5311204195022583,0.6359143257141113,0.5310232639312744,0.6024385094642639,0.6261583566665649,0.6303084492683411,0.6688721179962158,0.8214178681373596,0.6127654314041138,0.6521466970443726,0.6378690004348755,0.6207780241966248,0.7172936201095581,0.655711829662323,0.7458306550979614,0.8368576169013977,0.7205778360366821,0.6801407933235168,0.7411002516746521,0.6501898169517517,0.7936743497848511,0.6821178793907166,0.8111708164215088,0.8357025980949402,0.8342075347900391,0.7194440364837646,0.8468614220619202,0.6876343488693237,0.8644078373908997,0.7058867812156677,0.8721789121627808,Done
0.6483728885650635,0.9231942296028137,0.5884484052658081,0.7475119829177856,0.5974999666213989,0.5680583715438843,0.6215894222259521,0.4443954825401306,0.6305724382400513,0.34019121527671814,0.7774074673652649,0.5316213369369507,0.6356295347213745,0.5376376509666443,0.6061004400253296,0.6321494579315186,0.6383784413337708,0.6725305914878845,0.8261986970901489,0.6123479008674622,0.6539910435676575,0.6372794508934021,0.6249682307243347,0.7158098220825195,0.6622605323791504,0.7453623414039612,0.8413886427879333,0.7191863059997559,0.6831333041191101,0.7377798557281494,0.6537569165229797,0.7914137244224548,0.6869199275970459,0.8112220168113708,0.8400095701217651,0.8322924375534058,0.7225309610366821,0.8434075117111206,0.6915509700775146,0.8617470860481262,0.7112671136856079,0.870551586151123,Done
0.6455062627792358,0.9189889430999756,0.5876159071922302,0.7427395582199097,0.5984964370727539,0.5649064183235168,0.622780978679657,0.44273513555526733,0.6311646699905396,0.3379797637462616,0.7777702808380127,0.5304664373397827,0.6383342742919922,0.5375226736068726,0.6067845225334167,0.6309413313865662,0.6358823776245117,0.6723974347114563,0.8264209032058716,0.6104482412338257,0.6564071774482727,0.6372503638267517,0.6246541142463684,0.7152131199836731,0.6594598293304443,0.7457662224769592,0.8417491912841797,0.7165364623069763,0.6859210729598999,0.7370527982711792,0.6531301140785217,0.7907987236976624,0.6833986639976501,0.8119361400604248,0.8398555517196655,0.8291720151901245,0.7253284454345703,0.8437273502349854,0.6913019418716431,0.8614945411682129,0.7085989117622375,0.870505690574646,Done
0.6463637351989746,0.9208308458328247,0.5880916118621826,0.744720458984375,0.5986150503158569,0.5663530826568604,0.6230965256690979,0.4429742693901062,0.6328727006912231,0.33745670318603516,0.779448390007019,0.5318484902381897,0.6418158411979675,0.5315291285514832,0.6079873442649841,0.6281211972236633,0.6347180604934692,0.6725515127182007,0.8282487988471985,0.610797107219696,0.6589465737342834,0.6316014528274536,0.6252040863037109,0.7130396366119385,0.6586717367172241,0.7454690933227539,0.8435230851173401,0.7166169881820679,0.687900960445404,0.73164302110672,0.6541240811347961,0.788719117641449,0.6836086511611938,0.8122289180755615,0.8420785069465637,0.8290030360221863,0.7265441417694092,0.837855339050293,0.6926305890083313,0.858522891998291,0.7102614045143127,0.8696213960647583,Done
0.6446326375007629,0.9068611860275269,0.5898212194442749,0.7374677062034607,0.6018113493919373,0.5619744658470154,0.6262311339378357,0.4414713978767395,0.6351131200790405,0.3388967514038086,0.7836288213729858,0.525449275970459,0.6499184966087341,0.5324994325637817,0.6149095296859741,0.621917724609375,0.6395262479782104,0.6624083518981934,0.8326760530471802,0.6081781387329102,0.6666805744171143,0.6345922350883484,0.6341530084609985,0.7095447182655334,0.6669228076934814,0.7386304140090942,0.8480676412582397,0.7153123021125793,0.693429708480835,0.7341482639312744,0.6620504856109619,0.7863038182258606,0.6914694905281067,0.8058114051818848,0.8469897508621216,0.8259804844856262,0.7261871099472046,0.8373801112174988,0.6947627067565918,0.8613461852073669,0.7154591083526611,0.8734443187713623,Done
0.6465215682983398,0.9119300246238708,0.5907872915267944,0.7424514293670654,0.6033197641372681,0.5666477680206299,0.6265029311180115,0.44574305415153503,0.6309020519256592,0.3404248356819153,0.7841958403587341,0.5241869688034058,0.6539720296859741,0.5260183215141296,0.6170942783355713,0.6183308959007263,0.6401906609535217,0.6602335572242737,0.8344671130180359,0.6033315658569336,0.671142578125,0.6275659799575806,0.6361134052276611,0.7042940855026245,0.6676074266433716,0.735042929649353,0.8500275611877441,0.7089000344276428,0.6988527774810791,0.7287439703941345,0.6652616858482361,0.7830845713615417,0.6948603391647339,0.8036484122276306,0.8485539555549622,0.8182672262191772,0.7280133366584778,0.8355234265327454,0.6947940587997437,0.861461877822876,0.7157611846923828,0.8722096681594849,Done
0.6463840007781982,0.9064046144485474,0.5913434624671936,0.7400456666946411,0.603437602519989,0.5645256042480469,0.6260064244270325,0.44392579793930054,0.6323173642158508,0.33928942680358887,0.7859206199645996,0.5249665975570679,0.6575870513916016,0.5287423133850098,0.6206954717636108,0.6154934167861938,0.6433761119842529,0.6532317399978638,0.8368663191795349,0.605626106262207,0.6755149960517883,0.6294020414352417,0.6367009282112122,0.700106143951416,0.6678737998008728,0.7268855571746826,0.8518466949462891,0.7116627097129822,0.7034788727760315,0.7310396432876587,0.6650893688201904,0.7780908346176147,0.6933466792106628,0.7958158254623413,0.850440263748169,0.8211650848388672,0.735857367515564,0.8377065062522888,0.6971343159675598,0.8553305864334106,0.7124969959259033,0.8623982667922974,Done
0.648759126663208,0.9129180908203125,0.5943114757537842,0.7461686730384827,0.6060268878936768,0.56951504945755,0.627980649471283,0.4475075602531433,0.6349995732307434,0.34154200553894043,0.7863857746124268,0.52378910779953,0.6610910296440125,0.5276027321815491,0.6218929886817932,0.6167161464691162,0.6416916847229004,0.6577758193016052,0.8398429155349731,0.6031373143196106,0.6812416315078735,0.6285905838012695,0.6391359567642212,0.7009018063545227,0.6675276160240173,0.7300096750259399,0.8568649291992188,0.708187460899353,0.7114607095718384,0.730324387550354,0.6700435876846313,0.7793700098991394,0.6958380937576294,0.7988021969795227,0.8567743897438049,0.8168104290962219,0.7439265847206116,0.8382985591888428,0.7014782428741455,0.8589098453521729,0.7132859230041504,0.8676584959030151,Done
0.6472536325454712,0.9048870801925659,0.5938609838485718,0.7437001466751099,0.6070429086685181,0.5675072073936462,0.629611611366272,0.4460684061050415,0.637343168258667,0.33824586868286133,0.7874138355255127,0.5213683247566223,0.6673349142074585,0.5278735160827637,0.6302492618560791,0.6103163361549377,0.6491034626960754,0.6479176878929138,0.8425691723823547,0.6004239916801453,0.6907567381858826,0.6269554495811462,0.6524628400802612,0.6918793320655823,0.6806213855743408,0.7182523012161255,0.8623149394989014,0.7046177983283997,0.7214236855506897,0.7257617712020874,0.6840715408325195,0.7691866755485535,0.7096372842788696,0.7876734137535095,0.8654074668884277,0.8118970394134521,0.7542644143104553,0.8325591087341309,0.7115237712860107,0.8497742414474487,0.7200852632522583,0.8589634299278259,Done
0.6519883871078491,0.9109424948692322,0.5965715646743774,0.7561889886856079,0.6090879440307617,0.5760731101036072,0.6290702223777771,0.45149874687194824,0.633277177810669,0.34250351786613464,0.7868236303329468,0.5222012996673584,0.6732602715492249,0.5208679437637329,0.6378830075263977,0.6088061332702637,0.6572086811065674,0.645503044128418,0.846186637878418,0.5943045020103455,0.6990888118743896,0.6191422343254089,0.6576154828071594,0.6909236907958984,0.6863343119621277,0.7132943868637085,0.8697050213813782,0.6957873702049255,0.7340602874755859,0.7199912071228027,0.6907700300216675,0.7705026268959045,0.7157265543937683,0.784687340259552,0.8763778209686279,0.8030232787132263,0.7695851922035217,0.8303260803222656,0.720231294631958,0.85323566198349,0.7264777421951294,0.8586450219154358,Done
0.6563109755516052,0.9140080809593201,0.5998209118843079,0.7634575366973877,0.6113357543945312,0.5810577869415283,0.6306291222572327,0.45740145444869995,0.6351991891860962,0.3481486439704895,0.7890681028366089,0.5197527408599854,0.6843693852424622,0.516480028629303,0.64708411693573,0.6041667461395264,0.6661249995231628,0.6375937461853027,0.8490416407585144,0.5862700939178467,0.7125049829483032,0.6155481338500977,0.6693602204322815,0.6880874037742615,0.6977985501289368,0.7061948180198669,0.8757422566413879,0.6861986517906189,0.747748076915741,0.7176401615142822,0.7031210660934448,0.7686712741851807,0.728398859500885,0.7770649194717407,0.8879444599151611,0.7937348484992981,0.7840609550476074,0.8267190456390381,0.7363687753677368,0.8519992232322693,0.7469019293785095,0.8548357486724854,Done
0.656934380531311,0.915373682975769,0.6022276282310486,0.7642945647239685,0.6145780086517334,0.5834063291549683,0.6349202990531921,0.4594923257827759,0.6347000002861023,0.3504542410373688,0.798488438129425,0.5259252786636353,0.7005777955055237,0.5073869228363037,0.6601725220680237,0.6010943651199341,0.6732595562934875,0.6444322466850281,0.8596510291099548,0.5908447504043579,0.727669358253479,0.6061542630195618,0.6800433397293091,0.6893913745880127,0.7049738764762878,0.714599072933197,0.8867146968841553,0.6899538636207581,0.7601131200790405,0.7143568396568298,0.7117285132408142,0.7717193961143494,0.7357015609741211,0.7827476263046265,0.898945689201355,0.7984240055084229,0.7948322296142578,0.826166033744812,0.7446808815002441,0.8526425957679749,0.7543757557868958,0.8548253774642944,Done
0.6601816415786743,0.9093591570854187,0.6078884601593018,0.7641445994377136,0.6198756098747253,0.5823405981063843,0.639086902141571,0.45725199580192566,0.6364942193031311,0.35013172030448914,0.799362301826477,0.524165689945221,0.7146982550621033,0.5021611452102661,0.6699891686439514,0.5961869955062866,0.675606906414032,0.6416824460029602,0.8633163571357727,0.586445152759552,0.7436785101890564,0.601010799407959,0.6866731643676758,0.6808711290359497,0.7033166885375977,0.7015435695648193,0.893247663974762,0.6833919286727905,0.77626633644104,0.7108834981918335,0.7188421487808228,0.7620001435279846,0.736498236656189,0.7643458843231201,0.9066047668457031,0.789535641670227,0.8087331056594849,0.8193498849868774,0.7556629180908203,0.8440254926681519,0.7633864283561707,0.8397284746170044,Done
0.3141399025917053,0.5832511782646179,0.3721681237220764,0.5887062549591064,0.45119374990463257,0.5890588164329529,0.5128225684165955,0.609401524066925,0.5553082823753357,0.6070367693901062,0.4519149959087372,0.5223312973976135,0.5379559397697449,0.5687527656555176,0.6077442169189453,0.5843851566314697,0.6649093627929688,0.5871223211288452,0.4386950135231018,0.5208994746208191,0.5400617122650146,0.5735382437705994,0.6172742247581482,0.5859445929527283,0.6848753690719604,0.5878915190696716,0.4234977960586548,0.540030837059021,0.522944450378418,0.5893650650978088,0.5888058543205261,0.6040647029876709,0.6425371170043945,0.6068230271339417,0.40684619545936584,0.5733672976493835,0.4730873703956604,0.6070815324783325,0.5165707468986511,0.6178652048110962,0.5544165968894958,0.6232922077178955,Stop
0.29443198442459106,0.5709676146507263,0.3674013614654541,0.5621446371078491,0.43406912684440613,0.5708773136138916,0.4835068881511688,0.6075837016105652,0.5208306908607483,0.6392576098442078,0.4471425712108612,0.5046465396881104,0.5318528413772583,0.5654153823852539,0.5989039540290833,0.5882693529129028,0.6532657146453857,0.6018869280815125,0.4352777898311615,0.5126277208328247,0.5406819581985474,0.567831814289093,0.6212536096572876,0.5880746841430664,0.6869162321090698,0.5949181914329529,0.4196467697620392,0.54243004322052,0.5259056091308594,0.5821440815925598,0.5966185927391052,0.6032971739768982,0.6553281545639038,0.6081570982933044,0.4043273329734802,0.5898692011833191,0.4843706786632538,0.6152766942977905,0.5386558771133423,0.6276721954345703,0.5869472026824951,0.6358685493469238,Stop
0.2912890315055847,0.5857160687446594,0.38337498903274536,0.5963650345802307,0.4459218382835388,0.6055359840393066,0.4912436902523041,0.6218641400337219,0.5378926992416382,0.6346099376678467,0.4607146680355072,0.5167660713195801,0.5385501384735107,0.5751978158950806,0.6057320833206177,0.5937222838401794,0.6585397720336914,0.6103606224060059,0.4429607689380646,0.5240890383720398,0.5455700755119324,0.5729079246520996,0.6278687715530396,0.5913344621658325,0.6926125884056091,0.5976913571357727,0.42042043805122375,0.5496870875358582,0.5209406018257141,0.5812042951583862,0.5940976142883301,0.5973925590515137,0.6546201109886169,0.6017602682113647,0.39914533495903015,0.5882116556167603,0.4697311520576477,0.6089920401573181,0.5243910551071167,0.6182717680931091,0.5728080868721008,0.6242943406105042,Stop
0.28625035285949707,0.5838627815246582,0.37502798438072205,0.594947099685669,0.43892374634742737,0.599593997001648,0.4863891899585724,0.6162467002868652,0.5311833620071411,0.6271599531173706,0.4581940770149231,0.5075953006744385,0.542216956615448,0.5673834085464478,0.6115410327911377,0.5843227505683899,0.6686083078384399,0.5938626527786255,0.44297099113464355,0.5120487213134766,0.5527981519699097,0.5673868060112,0.6384292244911194,0.584941029548645,0.7065982818603516,0.587867021560669,0.42272165417671204,0.5377064347267151,0.5319055914878845,0.5799960494041443,0.606941819190979,0.5967990159988403,0.6686923503875732,0.5984554886817932,0.40351900458335876,0.5822076201438904,0.48355716466903687,0.6095206141471863,0.5409984588623047,0.6216150522232056,0.5906327962875366,0.6278660297393799,Stop
0.2726631760597229,0.5841665267944336,0.3646806478500366,0.5839998126029968,0.42740437388420105,0.5912054181098938,0.4722837507724762,0.6055306196212769,0.51821368932724,0.6226180195808411,0.4530748724937439,0.5104817748069763,0.535800039768219,0.564484179019928,0.6060240864753723,0.5791098475456238,0.6618001461029053,0.5901501774787903,0.44039300084114075,0.5202409625053406,0.5515410304069519,0.5673906207084656,0.6381040811538696,0.5797266364097595,0.7052074670791626,0.5781470537185669,0.42217981815338135,0.548679769039154,0.531465470790863,0.5831276178359985,0.6072531938552856,0.5925759077072144,0.6689968705177307,0.5871266722679138,0.4058850109577179,0.5916352868080139,0.4846669137477875,0.614091157913208,0.5419628620147705,0.6218062043190002,0.5921573638916016,0.621938169002533,Stop
0.25306236743927,0.5848427414894104,0.34283438324928284,0.5783321857452393,0.4121042788028717,0.5773340463638306,0.4636945128440857,0.59303218126297,0.5079624652862549,0.6124369502067566,0.4370681941509247,0.5031803250312805,0.5290611982345581,0.5606499910354614,0.601064920425415,0.576612114906311,0.6610479950904846,0.583020806312561,0.42640119791030884,0.5097719430923462,0.5470218658447266,0.5637345910072327,0.6375688314437866,0.5753543376922607,0.7116056680679321,0.5723575949668884,0.4100629687309265,0.537355899810791,0.530434787273407,0.5812198519706726,0.6101473569869995,0.5917038321495056,0.6759618520736694,0.5870921611785889,0.39450401067733765,0.584595799446106,0.4834650456905365,0.6104607582092285,0.5424308776855469,0.6186357140541077,0.5948560833930969,0.6203668713569641,Stop
0.2344684600830078,0.5886169672012329,0.33231961727142334,0.5892138481140137,0.4023631513118744,0.5889734029769897,0.4519704282283783,0.6049375534057617,0.5000242590904236,0.630168080329895,0.4369690418243408,0.5068966746330261,0.5332716107368469,0.5640742778778076,0.6096267700195312,0.5792860388755798,0.6735811233520508,0.5865960121154785,0.4240431487560272,0.5131344199180603,0.5535944104194641,0.5627914071083069,0.6492955088615417,0.5754311084747314,0.7262561321258545,0.5723028779029846,0.40626826882362366,0.5398294925689697,0.5358321070671082,0.5773503184318542,0.619321882724762,0.5879964828491211,0.688147783279419,0.5834885835647583,0.39079633355140686,0.5866215229034424,0.4859108328819275,0.6089798808097839,0.5491496324539185,0.6177352666854858,0.605004072189331,0.6190846562385559,Stop
0.20884062349796295,0.5989959836006165,0.31359145045280457,0.6067346334457397,0.38966092467308044,0.5976142287254333,0.44273892045021057,0.6085278391838074,0.4915519058704376,0.6327783465385437,0.4267330467700958,0.5050693154335022,0.5197551250457764,0.572113573551178,0.5867050886154175,0.5964944362640381,0.6422011852264404,0.6082656979560852,0.4149976968765259,0.5100515484809875,0.5474492907524109,0.5635721683502197,0.6431058049201965,0.576974630355835,0.7194555997848511,0.5723464488983154,0.3986158072948456,0.5383396148681641,0.5343169569969177,0.579782247543335,0.6183179616928101,0.5911216139793396,0.6868587136268616,0.5846059918403625,0.38491204380989075,0.5894312858581543,0.486929327249527,0.6104040741920471,0.5535645484924316,0.6172013878822327,0.6111034750938416,0.6162861585617065,Stop
0.18811792135238647,0.6095374822616577,0.29972052574157715,0.6275660395622253,0.37945300340652466,0.6181660890579224,0.43122440576553345,0.6261279582977295,0.48100000619888306,0.6497673392295837,0.43056637048721313,0.5122460126876831,0.5236817598342896,0.5790916085243225,0.5913376808166504,0.5998310446739197,0.6465403437614441,0.6115955114364624,0.4169595539569855,0.5192513465881348,0.5515192747116089,0.5679789185523987,0.6455810070037842,0.5803019404411316,0.7223411202430725,0.572431206703186,0.39936748147010803,0.5485050082206726,0.5362004041671753,0.5829164981842041,0.6192547678947449,0.592349112033844,0.6887222528457642,0.5826747417449951,0.3851708471775055,0.5990473031997681,0.4864199757575989,0.6125221848487854,0.5550188422203064,0.6169706583023071,0.6153412461280823,0.613394558429718,Stop
0.17189177870750427,0.6069366931915283,0.2853768765926361,0.6432721614837646,0.36229372024536133,0.6529720425605774,0.4032673239707947,0.6815215349197388,0.4446879029273987,0.7237931489944458,0.4337078630924225,0.5249114632606506,0.5233004689216614,0.590533971786499,0.5836484432220459,0.6162219643592834,0.6312974095344543,0.6363801956176758,0.42232629656791687,0.5305752754211426,0.5552250146865845,0.5739740133285522,0.6470173001289368,0.5816859602928162,0.723109245300293,0.5709269046783447,0.4027714431285858,0.5590049624443054,0.5385822057723999,0.5854012966156006,0.6202112436294556,0.592490017414093,0.6885519027709961,0.5810577869415283,0.38498276472091675,0.6078800559043884,0.4842889904975891,0.6142898797988892,0.5534064173698425,0.6144227385520935,0.6127672791481018,0.6075812578201294,Stop
0.1634766310453415,0.6156712174415588,0.2867901027202606,0.6571188569068909,0.36857637763023376,0.6606616377830505,0.4163752794265747,0.6787886023521423,0.46437591314315796,0.7059999704360962,0.4342765510082245,0.5321412682533264,0.5309516787528992,0.5849320292472839,0.6032413840293884,0.6003130674362183,0.660537838935852,0.6087457537651062,0.4198993444442749,0.5349867939949036,0.5549325942993164,0.5784388780593872,0.6452080011367798,0.5849841237068176,0.7221999168395996,0.5711992979049683,0.3978143334388733,0.5621463060379028,0.5343140959739685,0.5877310633659363,0.6164488792419434,0.5948678255081177,0.6858261823654175,0.581304669380188,0.37783083319664,0.6090930104255676,0.4773843288421631,0.618590772151947,0.5450736284255981,0.6173385977745056,0.6039484739303589,0.6078789830207825,Stop
0.15815293788909912,0.6176406741142273,0.28692224621772766,0.6569830179214478,0.37315860390663147,0.659008800983429,0.42639559507369995,0.6754555702209473,0.4802515208721161,0.6986618041992188,0.43111997842788696,0.5266379714012146,0.5279302000999451,0.5853419303894043,0.5967791676521301,0.6061267256736755,0.6517014503479004,0.6203511357307434,0.4164089858531952,0.5285962224006653,0.5528968572616577,0.5727680921554565,0.6438349485397339,0.5807260870933533,0.7207849025726318,0.5695697069168091,0.3938727378845215,0.5560388565063477,0.5346125364303589,0.5817766785621643,0.6177508234977722,0.5881955027580261,0.6894971132278442,0.5746025443077087,0.37385544180870056,0.6042218804359436,0.4750140309333801,0.6124909520149231,0.5447418689727783,0.6111865639686584,0.6073945760726929,0.6024249792098999,Stop
0.16125597059726715,0.6160153150558472,0.28743457794189453,0.6415493488311768,0.371712863445282,0.6415238976478577,0.42327526211738586,0.6517249941825867,0.4787813127040863,0.6685359477996826,0.43419349193573,0.5316126346588135,0.5308846831321716,0.5812035799026489,0.6026687026023865,0.5920586585998535,0.6596730947494507,0.5999392867088318,0.41964682936668396,0.5371110439300537,0.5528064370155334,0.5769917964935303,0.6421380043029785,0.5817031264305115,0.7185488939285278,0.5669182538986206,0.39567840099334717,0.5636433362960815,0.5296943187713623,0.5859448909759521,0.6129131317138672,0.5904016494750977,0.6848771572113037,0.5755111575126648,0.37319663166999817,0.6049536466598511,0.4697103202342987,0.6134079694747925,0.5382756590843201,0.6127414703369141,0.5995602607727051,0.604092538356781,Stop
0.1651550829410553,0.614373505115509,0.28662702441215515,0.6564335823059082,0.36140474677085876,0.6636465191841125,0.4050486087799072,0.6861200928688049,0.4523289203643799,0.7140883207321167,0.4357999861240387,0.536017656326294,0.5196936130523682,0.600071132183075,0.5534608364105225,0.646226167678833,0.5765857696533203,0.6880326271057129,0.42499351501464844,0.5410070419311523,0.556282103061676,0.5803263783454895,0.6417876482009888,0.5879375338554382,0.7137761116027832,0.5769863128662109,0.40259891748428345,0.5680711269378662,0.536210298538208,0.586514413356781,0.6175228357315063,0.5902567505836487,0.6852387189865112,0.5749894380569458,0.3827342689037323,0.6105025410652161,0.47830435633659363,0.6168844103813171,0.5473262071609497,0.6123638153076172,0.6078822612762451,0.6000190377235413,Stop
0.16382434964179993,0.6107059121131897,0.29611706733703613,0.6476460695266724,0.3794516921043396,0.6498029828071594,0.43192827701568604,0.6638162136077881,0.4875980317592621,0.6846771240234375,0.4346435070037842,0.5292125344276428,0.5272371768951416,0.5919322371482849,0.5874489545822144,0.61874920129776,0.6337297558784485,0.6436480283737183,0.418300062417984,0.5300542712211609,0.5530450940132141,0.5721337199211121,0.6443076133728027,0.5774372220039368,0.7208631038665771,0.5669261813163757,0.3930676281452179,0.5561661124229431,0.5320167541503906,0.5798826217651367,0.6148543357849121,0.584637463092804,0.6868739724159241,0.5703161358833313,0.3714769184589386,0.6005750894546509,0.4690139591693878,0.6118993163108826,0.538307785987854,0.6116109490394592,0.6016923189163208,0.6022647023200989,Stop
0.1622002273797989,0.616664469242096,0.28588172793388367,0.655332088470459,0.36628565192222595,0.659160852432251,0.41435056924819946,0.6764011383056641,0.46538788080215454,0.6988509297370911,0.4333624243736267,0.5319388508796692,0.5252330899238586,0.5871505737304688,0.5907027125358582,0.6079766154289246,0.6427409648895264,0.6234701871871948,0.4189353883266449,0.5353382229804993,0.5515133142471313,0.5755913853645325,0.6414346098899841,0.5821323990821838,0.718360185623169,0.5684859156608582,0.3961034417152405,0.5617011785507202,0.5301204919815063,0.5840221643447876,0.6128748655319214,0.5903044939041138,0.6834903955459595,0.5762616395950317,0.37612536549568176,0.6056708693504333,0.4729396402835846,0.6156837344169617,0.5403960347175598,0.6147375702857971,0.6001070737838745,0.6049781441688538,Stop
0.15344664454460144,0.6157175302505493,0.27925464510917664,0.6475736498832703,0.3623466491699219,0.6502975821495056,0.41254276037216187,0.6681055426597595,0.4658842384815216,0.6945299506187439,0.4272327125072479,0.5238375067710876,0.5164703130722046,0.5876829624176025,0.5710354447364807,0.6199177503585815,0.6136548519134521,0.6473722457885742,0.41393837332725525,0.529411256313324,0.5471707582473755,0.5718725323677063,0.6372125744819641,0.580436110496521,0.7123631238937378,0.5704001784324646,0.3917277157306671,0.5585700869560242,0.5293169617652893,0.5809816122055054,0.612415075302124,0.5864992737770081,0.683372974395752,0.5734670162200928,0.373394250869751,0.6054831743240356,0.47299814224243164,0.6118605732917786,0.5424745082855225,0.6090615391731262,0.6041345596313477,0.599058210849762,Stop
0.1671300232410431,0.6183457970619202,0.28882837295532227,0.6568508148193359,0.3606961965560913,0.665191650390625,0.40434587001800537,0.6874874830245972,0.4529796540737152,0.7156543731689453,0.4341558516025543,0.5342375040054321,0.5160704851150513,0.5990989804267883,0.543832004070282,0.6486704349517822,0.5612517595291138,0.6939607858657837,0.4243193566799164,0.5417170524597168,0.5556966662406921,0.5772741436958313,0.639564037322998,0.5850171446800232,0.7101945877075195,0.5754522085189819,0.40218302607536316,0.5699307322502136,0.5337947010993958,0.5849549770355225,0.6143884658813477,0.5900951623916626,0.6813734769821167,0.5781748294830322,0.38215911388397217,0.6131522059440613,0.47575685381889343,0.6169542670249939,0.5438824892044067,0.6123818159103394,0.6040098667144775,0.6010316610336304,Stop
0.1634356677532196,0.6141759157180786,0.294352650642395,0.6528181433677673,0.37663817405700684,0.654761016368866,0.426376610994339,0.6714859008789062,0.4814944863319397,0.6930971741676331,0.4356236159801483,0.5300278663635254,0.5270678400993347,0.5923804044723511,0.5913543701171875,0.6170135140419006,0.6407119035720825,0.6380975842475891,0.4201662540435791,0.5327114462852478,0.5526919960975647,0.5723031163215637,0.6428312063217163,0.5793783068656921,0.7183887958526611,0.5695390701293945,0.3971700072288513,0.5590075850486755,0.5321601629257202,0.5788714289665222,0.6140749454498291,0.5854510068893433,0.6846256852149963,0.5728525519371033,0.3776991665363312,0.6035155653953552,0.4738677442073822,0.6122322082519531,0.5428704023361206,0.6105368137359619,0.6052331924438477,0.6010120511054993,Stop
0.15829385817050934,0.6178202033042908,0.2808573246002197,0.6590104103088379,0.36072632670402527,0.6638588905334473,0.4065987467765808,0.6856277585029602,0.45558083057403564,0.7168232202529907,0.42947521805763245,0.5293242335319519,0.5214176774024963,0.5861817002296448,0.5909914970397949,0.6068699359893799,0.6456296443939209,0.6240314245223999,0.4142245054244995,0.5329831838607788,0.5495402812957764,0.5708338022232056,0.6409159898757935,0.5794177055358887,0.7193511724472046,0.5699909329414368,0.39289262890815735,0.5618515610694885,0.5310056805610657,0.5800334215164185,0.6137186884880066,0.5873963832855225,0.6855580806732178,0.5754613876342773,0.37612995505332947,0.6100177764892578,0.4743190109729767,0.6149959564208984,0.5434719920158386,0.6134605407714844,0.6064767837524414,0.6047297716140747,Stop
0.15676644444465637,0.6176307797431946,0.284673810005188,0.652566134929657,0.3685274124145508,0.655413806438446,0.42091941833496094,0.6715932488441467,0.4770742952823639,0.6943718791007996,0.42865630984306335,0.5279967784881592,0.5184564590454102,0.5917635560035706,0.5681226253509521,0.6253868341445923,0.6066790819168091,0.654026985168457,0.41518399119377136,0.5323207378387451,0.5492277145385742,0.5721255540847778,0.6388338804244995,0.578579843044281,0.7138601541519165,0.5666934847831726,0.39338403940200806,0.5599488019943237,0.5311468839645386,0.5825698375701904,0.613469660282135,0.5880186557769775,0.6841411590576172,0.5730129480361938,0.37580418586730957,0.6053076386451721,0.47381994128227234,0.6141844987869263,0.5427743196487427,0.6096747517585754,0.604547381401062,0.5971007347106934,Stop
0.1535516232252121,0.6183067560195923,0.281637579202652,0.6519937515258789,0.36682263016700745,0.6516977548599243,0.42029011249542236,0.6657106280326843,0.47454553842544556,0.6893304586410522,0.4261702001094818,0.5235133171081543,0.5248501300811768,0.5799126625061035,0.5994340777397156,0.5959449410438538,0.658950924873352,0.6046624183654785,0.41054436564445496,0.5271399021148682,0.54868084192276,0.5735565423965454,0.6409618258476257,0.5809442400932312,0.7190217971801758,0.5674891471862793,0.3879976272583008,0.5559451580047607,0.5287182927131653,0.5841434597969055,0.6112467050552368,0.5921458005905151,0.6826102137565613,0.5787352323532104,0.36866405606269836,0.6047273278236389,0.47001388669013977,0.614449679851532,0.5384032726287842,0.6135047674179077,0.5995824337005615,0.6051937937736511,Stop
0.1570531129837036,0.6197572350502014,0.27885007858276367,0.6515949368476868,0.35973137617111206,0.653575599193573,0.40766239166259766,0.6702887415885925,0.4618973433971405,0.6939473748207092,0.43013039231300354,0.5291886329650879,0.5227125883102417,0.581662118434906,0.5926878452301025,0.5971853733062744,0.6471157073974609,0.6082918047904968,0.41785746812820435,0.5359581708908081,0.5504445433616638,0.5758360624313354,0.6389389038085938,0.5826334953308105,0.7141735553741455,0.5683040618896484,0.3971521556377411,0.56407231092453,0.5300386548042297,0.5858754515647888,0.6118851900100708,0.5921992063522339,0.6807979941368103,0.5776828527450562,0.37900814414024353,0.6082101464271545,0.4763079881668091,0.6160087585449219,0.5454177856445312,0.6127802133560181,0.6064353585243225,0.6012361645698547,Stop
0.15550848841667175,0.6196281313896179,0.2777526080608368,0.6544917225837708,0.36041688919067383,0.6564922332763672,0.40911665558815,0.6731542944908142,0.4607459604740143,0.7013645172119141,0.42851725220680237,0.5281700491905212,0.5223125219345093,0.5819615721702576,0.593691885471344,0.598028302192688,0.6502041816711426,0.6088321805000305,0.41416966915130615,0.5334412455558777,0.5480591654777527,0.57318514585495,0.63916015625,0.5792861580848694,0.7171053886413574,0.5652876496315002,0.39259910583496094,0.5619807243347168,0.5288573503494263,0.5831702351570129,0.6121880412101746,0.5893381834030151,0.6845784187316895,0.5751630663871765,0.37457525730133057,0.6075600385665894,0.47315481305122375,0.6139297485351562,0.5424537658691406,0.6111689805984497,0.6051037907600403,0.6008678674697876,Stop
0.1513267308473587,0.61826491355896,0.2755509614944458,0.64829021692276,0.3612644672393799,0.6498511433601379,0.41213101148605347,0.6644582152366638,0.4679498076438904,0.6890763640403748,0.42807742953300476,0.5291274189949036,0.521239697933197,0.5822186470031738,0.5932295322418213,0.5973200798034668,0.6501774787902832,0.6077167987823486,0.41446053981781006,0.535284161567688,0.5459340810775757,0.5743458271026611,0.6370657682418823,0.579281210899353,0.7145224809646606,0.5640511512756348,0.3927040696144104,0.5635488629341125,0.5252252221107483,0.5833443403244019,0.6091517806053162,0.5886399149894714,0.6814224720001221,0.5747922658920288,0.3735312521457672,0.6076475381851196,0.47124147415161133,0.6123843193054199,0.5412350296974182,0.6092616319656372,0.6039847135543823,0.5998332500457764,Stop
0.15620936453342438,0.6167741417884827,0.2782248258590698,0.6604062914848328,0.3554800748825073,0.6711422801017761,0.3987828195095062,0.6952983736991882,0.44855523109436035,0.7256677150726318,0.4297848343849182,0.5333420038223267,0.5224875211715698,0.5878685116767883,0.5825831890106201,0.6115037798881531,0.6297965049743652,0.6322609186172485,0.416024774312973,0.5377892851829529,0.5498861074447632,0.5732990503311157,0.6402260065078735,0.5780879855155945,0.7189946174621582,0.5646540522575378,0.393332839012146,0.5661613941192627,0.5284203886985779,0.5801619291305542,0.6112803220748901,0.5857549905776978,0.6820321679115295,0.572517454624176,0.3746710419654846,0.6099229454994202,0.46921148896217346,0.6114568114280701,0.5378644466400146,0.6064232587814331,0.5997933149337769,0.5943554043769836,Stop
0.15061356127262115,0.6127151250839233,0.2797054946422577,0.656982421875,0.36706310510635376,0.6560399532318115,0.42131927609443665,0.6713111400604248,0.47808969020843506,0.6975390315055847,0.4251824915409088,0.5271461606025696,0.5277553200721741,0.5824835896492004,0.599966287612915,0.5992845892906189,0.6583356857299805,0.6100454330444336,0.41024157404899597,0.525166392326355,0.5507978796958923,0.5669286847114563,0.6420350074768066,0.5730295777320862,0.717985987663269,0.5636225342750549,0.3889637887477875,0.549060046672821,0.5365839600563049,0.5720903873443604,0.6182307600975037,0.5780711770057678,0.6882671117782593,0.5657714009284973,0.37222862243652344,0.5950345993041992,0.47523972392082214,0.6045140624046326,0.5433521270751953,0.602521538734436,0.6061267852783203,0.5932450294494629,Stop
0.15427349507808685,0.6175761818885803,0.2819071114063263,0.6523330211639404,0.365054190158844,0.6504591703414917,0.4161142408847809,0.664462149143219,0.47444626688957214,0.6886767148971558,0.42758655548095703,0.5259085297584534,0.5201287865638733,0.5840858221054077,0.5812215805053711,0.6071582436561584,0.6280611157417297,0.6291887760162354,0.41413792967796326,0.5303657054901123,0.5446876883506775,0.5630101561546326,0.632898211479187,0.5679765939712524,0.7089478373527527,0.5576257109642029,0.39243409037590027,0.5581495761871338,0.5270084738731384,0.5688197016716003,0.6096117496490479,0.5737970471382141,0.6810712814331055,0.5605294704437256,0.37458938360214233,0.6012757420539856,0.47025179862976074,0.6032794117927551,0.5395704507827759,0.5977625250816345,0.6024935245513916,0.5852034091949463,Stop
0.1513480693101883,0.6150588989257812,0.2708567976951599,0.653475821018219,0.34851697087287903,0.660514235496521,0.39031827449798584,0.685910701751709,0.43902918696403503,0.7198429703712463,0.42598021030426025,0.5262327790260315,0.514707088470459,0.5859159827232361,0.5677058696746826,0.6158478260040283,0.6074422001838684,0.6458742618560791,0.41586336493492126,0.5322253704071045,0.5455914735794067,0.5632612109184265,0.6355888843536377,0.5661653876304626,0.7130900621414185,0.5548864603042603,0.39617419242858887,0.561240553855896,0.52872234582901,0.5719227194786072,0.6114631295204163,0.5755177736282349,0.6820269823074341,0.5627996921539307,0.3798137307167053,0.6063549518585205,0.47421446442604065,0.6063349843025208,0.5418974161148071,0.5992064476013184,0.6023894548416138,0.5844749212265015,Stop
0.15193049609661102,0.6171661615371704,0.2745343744754791,0.6573648452758789,0.35456159710884094,0.6592103242874146,0.39902979135513306,0.6764296889305115,0.45286110043525696,0.7035174369812012,0.4272063672542572,0.5323042869567871,0.5201820135116577,0.5855149626731873,0.585500955581665,0.6057735681533813,0.6344181895256042,0.6246046423912048,0.41430264711380005,0.5341973900794983,0.5497420430183411,0.5639100670814514,0.6383098363876343,0.5671956539154053,0.7138883471488953,0.5559213757514954,0.39465266466140747,0.5582312941551208,0.5327184200286865,0.5684381723403931,0.615005612373352,0.5729669332504272,0.6847789883613586,0.5600195527076721,0.3794730603694916,0.5986118316650391,0.47740867733955383,0.6015151143074036,0.545818030834198,0.5975032448768616,0.6072424054145813,0.5855002999305725,Stop
0.15120229125022888,0.6205067038536072,0.2782308757305145,0.6576546430587769,0.3591315746307373,0.6574187278747559,0.40705862641334534,0.6737953424453735,0.4622974395751953,0.6987702250480652,0.4238022565841675,0.5304265022277832,0.5171169638633728,0.5906875133514404,0.5696160793304443,0.6238171458244324,0.6083173751831055,0.6558130383491516,0.41163507103919983,0.5324249267578125,0.5485644340515137,0.563788652420044,0.6369410157203674,0.5665697455406189,0.7120872139930725,0.5553929805755615,0.39175617694854736,0.5580330491065979,0.5323852300643921,0.5685883164405823,0.6148889064788818,0.5705541968345642,0.6850478649139404,0.5557122230529785,0.37631937861442566,0.6014859676361084,0.4735347628593445,0.6037354469299316,0.541576623916626,0.596589982509613,0.6032466888427734,0.5819838047027588,Stop
0.14268425107002258,0.6191598773002625,0.27039068937301636,0.6595437526702881,0.3571532964706421,0.6549254059791565,0.4146580696105957,0.672095775604248,0.47278547286987305,0.69651198387146,0.41465798020362854,0.5236541032791138,0.5151747465133667,0.585631251335144,0.5799487829208374,0.6108325719833374,0.6310513019561768,0.6335270404815674,0.40316200256347656,0.5250110030174255,0.5393175482749939,0.5595918297767639,0.6295434236526489,0.564045786857605,0.7083735466003418,0.556976854801178,0.3834180533885956,0.5536729693412781,0.5260772705078125,0.5642167329788208,0.6092942953109741,0.5660595297813416,0.6812859773635864,0.5542641282081604,0.3659548759460449,0.6044184565544128,0.46569812297821045,0.6049392819404602,0.5336799621582031,0.5971711277961731,0.5971934795379639,0.5841648578643799,Stop
0.1438031643629074,0.6181290745735168,0.2662607431411743,0.6596721410751343,0.3552945554256439,0.6523115634918213,0.4198377728462219,0.6667986512184143,0.4787299335002899,0.6913847327232361,0.4093780219554901,0.5152409672737122,0.5144957304000854,0.5741777420043945,0.5833993554115295,0.5994846820831299,0.6394179463386536,0.6216731071472168,0.4009503126144409,0.5175544023513794,0.5376179814338684,0.5515550374984741,0.6297106146812439,0.5596900582313538,0.7133728265762329,0.5600610375404358,0.3819546401500702,0.5489087104797363,0.5275548100471497,0.5581240653991699,0.6079667806625366,0.5618830919265747,0.6791358590126038,0.5548253059387207,0.3609974980354309,0.6041342616081238,0.46143507957458496,0.601060152053833,0.5266870856285095,0.5933212041854858,0.5891876220703125,0.5829262733459473,Stop
0.15033724904060364,0.6213653683662415,0.25048574805259705,0.6573166847229004,0.34861817955970764,0.6461224555969238,0.42159590125083923,0.6388727426528931,0.481864869594574,0.6482793092727661,0.4090966582298279,0.5201594233512878,0.5228744149208069,0.5574445128440857,0.6053600311279297,0.5675959587097168,0.6704975962638855,0.5745558738708496,0.40930622816085815,0.5272831916809082,0.5409135222434998,0.5474623441696167,0.626430094242096,0.5516365766525269,0.7066646814346313,0.5443983674049377,0.40139418840408325,0.5573294758796692,0.5285377502441406,0.5601758360862732,0.6085383892059326,0.5567519664764404,0.6741583347320557,0.5480464696884155,0.3882913589477539,0.6027049422264099,0.47955623269081116,0.5930508375167847,0.5436282157897949,0.5841677188873291,0.5984625220298767,0.575904905796051,Stop
0.1539655178785324,0.6188507676124573,0.2533503472805023,0.6579893827438354,0.34614327549934387,0.647994339466095,0.4118032157421112,0.6406342387199402,0.4680657684803009,0.6490540504455566,0.41174399852752686,0.5320802927017212,0.5236728191375732,0.5626068711280823,0.6054604649543762,0.5665127635002136,0.6728765964508057,0.5652157068252563,0.4109252691268921,0.5399972200393677,0.5418053865432739,0.5567848682403564,0.6258803009986877,0.5587871670722961,0.707506537437439,0.5473411083221436,0.40086501836776733,0.5648916959762573,0.5243291854858398,0.5681208372116089,0.5999098420143127,0.5640315413475037,0.6628314256668091,0.5535683631896973,0.38647788763046265,0.6028077602386475,0.4714448153972626,0.5926923751831055,0.532469630241394,0.586764931678772,0.5858449339866638,0.5799304842948914,Stop
0.1508636474609375,0.6128153204917908,0.2586072087287903,0.6702338457107544,0.34395909309387207,0.6626129746437073,0.40277764201164246,0.6520490050315857,0.4598226845264435,0.6603826284408569,0.4095827043056488,0.5306305885314941,0.5131523013114929,0.5626882314682007,0.5787069797515869,0.5688072443008423,0.6347282528877258,0.5703019499778748,0.4101654291152954,0.5243179202079773,0.5472911596298218,0.5379265546798706,0.637016773223877,0.5342272520065308,0.7147983312606812,0.5230950713157654,0.39737173914909363,0.5397562384605408,0.5347272753715515,0.5450708270072937,0.6141224503517151,0.5364590287208557,0.679844319820404,0.5201552510261536,0.3828595280647278,0.5761836171150208,0.47650259733200073,0.5733075141906738,0.5392394065856934,0.557985246181488,0.5961323976516724,0.5372606515884399,Stop
0.14207610487937927,0.6171299815177917,0.255249559879303,0.6690546274185181,0.3410400450229645,0.6583414077758789,0.39900365471839905,0.6471295356750488,0.45688381791114807,0.6587933897972107,0.4050118923187256,0.5252529978752136,0.5057345628738403,0.5664135217666626,0.5664874315261841,0.5844480991363525,0.6177973747253418,0.5945435166358948,0.4046754837036133,0.5225135087966919,0.5459128618240356,0.5390599370002747,0.636741042137146,0.5354139804840088,0.7125688791275024,0.5233242511749268,0.39495912194252014,0.5394425392150879,0.542580246925354,0.5477700233459473,0.6252825260162354,0.5369553565979004,0.6938512325286865,0.5162969827651978,0.38529282808303833,0.5739548206329346,0.4863070845603943,0.5713048577308655,0.5521061420440674,0.5526628494262695,0.6113177537918091,0.5295652747154236,Stop
0.13650953769683838,0.616670548915863,0.2517998218536377,0.6649561524391174,0.338434636592865,0.6605205535888672,0.3983648717403412,0.6504745483398438,0.4562689960002899,0.663135290145874,0.4057696461677551,0.523955762386322,0.5040748715400696,0.5721385478973389,0.5481283068656921,0.6075246930122375,0.5828450918197632,0.6355865597724915,0.4064912497997284,0.5216004848480225,0.5503127574920654,0.5341140031814575,0.637580931186676,0.5331144332885742,0.7109814882278442,0.5238490104675293,0.39638206362724304,0.5390274524688721,0.5480124354362488,0.5438216924667358,0.6304212808609009,0.5348295569419861,0.6975501775741577,0.5159456133842468,0.38550594449043274,0.5732149481773376,0.4880462884902954,0.567187488079071,0.5543845891952515,0.5469818115234375,0.6141029000282288,0.5220227837562561,Stop
0.1352350115776062,0.6134469509124756,0.24664011597633362,0.6657618284225464,0.332131028175354,0.6627839207649231,0.39443808794021606,0.6519097089767456,0.453713595867157,0.6627373695373535,0.4041222929954529,0.5212343335151672,0.5025235414505005,0.5685566663742065,0.5552440881729126,0.5971477627754211,0.598656177520752,0.6152594685554504,0.40770992636680603,0.52054762840271,0.5489610433578491,0.5338993072509766,0.6354042887687683,0.5314721465110779,0.7086191773414612,0.5175389051437378,0.4003256857395172,0.5395581126213074,0.5437829494476318,0.5461040735244751,0.6253939867019653,0.5355461835861206,0.6903929710388184,0.5144633054733276,0.3915781080722809,0.576786458492279,0.49054890871047974,0.5718981623649597,0.5565648078918457,0.5521670579910278,0.6147128343582153,0.5256590247154236,Stop
0.13350892066955566,0.6096501350402832,0.24510613083839417,0.6643649339675903,0.3330215811729431,0.6613186597824097,0.39587974548339844,0.6495780944824219,0.4562063217163086,0.6589007377624512,0.40233170986175537,0.5193923711776733,0.5063167214393616,0.5580750703811646,0.5751217007637024,0.5723916888237,0.6324923038482666,0.5791456699371338,0.40550172328948975,0.5193778276443481,0.5466470718383789,0.5312544107437134,0.6348052620887756,0.5287725925445557,0.711117684841156,0.5142554640769958,0.39719653129577637,0.5401281118392944,0.5369908213615417,0.5476473569869995,0.619766891002655,0.5390602946281433,0.6855840682983398,0.520419716835022,0.38599279522895813,0.5795057415962219,0.4824843406677246,0.5777114629745483,0.5485495328903198,0.5605729222297668,0.6066662073135376,0.5363682508468628,Stop
0.13232219219207764,0.6104975342750549,0.24011312425136566,0.6650528907775879,0.3299257755279541,0.661518394947052,0.3955673575401306,0.6481256484985352,0.4559570252895355,0.6546626091003418,0.40048229694366455,0.521611213684082,0.5057089328765869,0.5597307085990906,0.5747461318969727,0.572542667388916,0.6318202018737793,0.5776841640472412,0.4043737053871155,0.5189218521118164,0.5461853742599487,0.5322667360305786,0.634300708770752,0.5291422009468079,0.7111866474151611,0.5148305296897888,0.3963780403137207,0.5373579263687134,0.5372677445411682,0.5442719459533691,0.6198692917823792,0.5352534651756287,0.6858947277069092,0.5162061452865601,0.38492730259895325,0.5733495950698853,0.48250672221183777,0.5690529942512512,0.5481969118118286,0.5506811141967773,0.6059062480926514,0.526050865650177,Stop
0.12744227051734924,0.6075432896614075,0.23455020785331726,0.6673943996429443,0.32599368691444397,0.6636205911636353,0.39298015832901,0.6461941003799438,0.45424818992614746,0.6516027450561523,0.3962639570236206,0.5232393145561218,0.5041320323944092,0.55743008852005,0.5761548280715942,0.5678440928459167,0.6346091628074646,0.5703685283660889,0.4000578224658966,0.5184823870658875,0.5437935590744019,0.5314143896102905,0.6327824592590332,0.5286435484886169,0.7101237177848816,0.5139477252960205,0.3935287892818451,0.5345685482025146,0.5370432138442993,0.543197751045227,0.6205557584762573,0.534265398979187,0.6874974966049194,0.5154908895492554,0.3832581043243408,0.5676975846290588,0.4833158850669861,0.563880443572998,0.549789547920227,0.5446262359619141,0.6074671745300293,0.5199756026268005,Stop
0.13561327755451202,0.6092819571495056,0.2592000961303711,0.6633557081222534,0.3441927433013916,0.6636067032814026,0.4000340700149536,0.6609867811203003,0.4606449007987976,0.6657575964927673,0.40947481989860535,0.5223495960235596,0.5054224729537964,0.5682023763656616,0.5547492504119873,0.6020776033401489,0.5974216461181641,0.6337713599205017,0.4066016972064972,0.5283241868019104,0.544569730758667,0.53667813539505,0.6312170028686523,0.5326888561248779,0.7110390067100525,0.5191189050674438,0.3918208181858063,0.553485095500946,0.5217851996421814,0.5518863797187805,0.603395402431488,0.5394514203071594,0.6699651479721069,0.5215948224067688,0.37735867500305176,0.5975853800773621,0.4655359089374542,0.5896002054214478,0.5289244651794434,0.5749232172966003,0.5872133374214172,0.5536183714866638,Stop
0.13884055614471436,0.6130422353744507,0.24121488630771637,0.6538824439048767,0.335968554019928,0.6522724032402039,0.398191899061203,0.6491529941558838,0.46359550952911377,0.6621391177177429,0.42157256603240967,0.5208927392959595,0.531133234500885,0.5509518384933472,0.6161407828330994,0.5531464219093323,0.6777325868606567,0.5552472472190857,0.4152623414993286,0.5281940698623657,0.5475248694419861,0.5366617441177368,0.6315954327583313,0.5360094904899597,0.7047417163848877,0.5257711410522461,0.4032982885837555,0.5549901723861694,0.5285032987594604,0.5570322275161743,0.6098286509513855,0.5512900948524475,0.6766137480735779,0.5383828282356262,0.39154669642448425,0.5941813588142395,0.48172032833099365,0.5893967151641846,0.5478145480155945,0.5807235836982727,0.6069909334182739,0.5717393159866333,Stop
0.16827569901943207,0.6194771528244019,0.2935279309749603,0.6438362002372742,0.372198224067688,0.636492133140564,0.42826807498931885,0.6427943110466003,0.4823977053165436,0.6570609211921692,0.42892932891845703,0.5231131315231323,0.5350607633590698,0.5821024179458618,0.5775390267372131,0.6182439923286438,0.6071231365203857,0.6515560150146484,0.41659489274024963,0.5263952612876892,0.5691336393356323,0.5612787008285522,0.6568595170974731,0.5576701760292053,0.7234712839126587,0.5424740314483643,0.3916212320327759,0.5539758205413818,0.5495710372924805,0.5711539387702942,0.6343814134597778,0.5626368522644043,0.7021484375,0.5381366610527039,0.3700346350669861,0.6054883599281311,0.4789927005767822,0.6120235919952393,0.5542741417884827,0.5982762575149536,0.6191859245300293,0.5753740668296814,Stop
0.18670155107975006,0.6144604086875916,0.29633629322052,0.6230500340461731,0.37482723593711853,0.6200265288352966,0.43086299300193787,0.6328911781311035,0.4806581735610962,0.654690682888031,0.4298931658267975,0.5230175256729126,0.5396645069122314,0.5742400884628296,0.6095888018608093,0.5865364074707031,0.6660891771316528,0.5901360511779785,0.41936352849006653,0.5257776975631714,0.5666775703430176,0.5625427961349487,0.6554179787635803,0.5589192509651184,0.7258660793304443,0.5415636301040649,0.3974675238132477,0.5512453317642212,0.5494146347045898,0.5765368938446045,0.6293435096740723,0.5748842358589172,0.6921550035476685,0.557429850101471,0.375097393989563,0.600817859172821,0.4788232743740082,0.6192920207977295,0.5471193194389343,0.615186333656311,0.6069524884223938,0.6023097038269043,Stop
0.19050495326519012,0.6085615158081055,0.291972279548645,0.5934520959854126,0.3684159517288208,0.5838587880134583,0.42313218116760254,0.5980905890464783,0.47001928091049194,0.6296013593673706,0.4207521975040436,0.5137762427330017,0.5265259742736816,0.5839237570762634,0.5541864633560181,0.630839467048645,0.5787496566772461,0.663648784160614,0.4160894751548767,0.5246238112449646,0.564292848110199,0.5620102286338806,0.6545785069465637,0.5632603764533997,0.7253162264823914,0.5553415417671204,0.39425307512283325,0.5565620064735413,0.5520527958869934,0.5788120627403259,0.6355969309806824,0.5768625140190125,0.701939582824707,0.5623337030410767,0.37172043323516846,0.6134576201438904,0.48018190264701843,0.626559853553772,0.5499281287193298,0.6226866841316223,0.6131564378738403,0.6135203242301941,Stop
0.1999283730983734,0.6088865399360657,0.2975913882255554,0.5827822089195251,0.37292709946632385,0.5708053112030029,0.4249721169471741,0.5836189389228821,0.4702211916446686,0.6146345138549805,0.4229733943939209,0.515498161315918,0.5273104310035706,0.5779784321784973,0.5756951570510864,0.6110085844993591,0.6182750463485718,0.6324263215065002,0.41894039511680603,0.5271025896072388,0.5612845420837402,0.5607962608337402,0.6527091264724731,0.563483715057373,0.727613091468811,0.5582141876220703,0.398375004529953,0.5590276718139648,0.5483245253562927,0.5789089798927307,0.6310160160064697,0.5774542093276978,0.6984593868255615,0.5641999244689941,0.3753986656665802,0.6153845191001892,0.47794395685195923,0.6306323409080505,0.5442820191383362,0.6290428042411804,0.6058645844459534,0.6207389831542969,Stop
0.215468630194664,0.6054034233093262,0.3070557117462158,0.5676645040512085,0.38241881132125854,0.5583847165107727,0.435687780380249,0.576609194278717,0.4810697138309479,0.60541832447052,0.42567670345306396,0.512543797492981,0.5280684232711792,0.5798073410987854,0.5667615532875061,0.6212247610092163,0.6007375121116638,0.6481419801712036,0.42264339327812195,0.526955783367157,0.5628922581672668,0.5621485114097595,0.6536558270454407,0.5639455318450928,0.7266975045204163,0.5570151209831238,0.40426987409591675,0.5602708458900452,0.5503684282302856,0.5858505964279175,0.6325660943984985,0.5839652419090271,0.6975193023681641,0.5690691471099854,0.38353240489959717,0.615599513053894,0.487226665019989,0.636479914188385,0.5540878176689148,0.6349490880966187,0.6141118407249451,0.6254561543464661,Stop
0.23442493379116058,0.600149929523468,0.32696548104286194,0.5529029369354248,0.4034876823425293,0.5471055507659912,0.4598551094532013,0.5692809224128723,0.506663978099823,0.6030002236366272,0.4312242567539215,0.5137248039245605,0.5325392484664917,0.5822491645812988,0.563416600227356,0.6220961809158325,0.5910632014274597,0.6482889652252197,0.4278332591056824,0.5302851796150208,0.5662456750869751,0.5633257031440735,0.6555692553520203,0.5637238025665283,0.727570116519928,0.5581284761428833,0.4109950363636017,0.5650799870491028,0.5559226274490356,0.5853911638259888,0.6364465355873108,0.5813302397727966,0.6997262239456177,0.5670650601387024,0.3938458263874054,0.6202230453491211,0.49437305331230164,0.635830283164978,0.5605653524398804,0.6320404410362244,0.620800256729126,0.6217884421348572,Stop
0.2537379860877991,0.5959451794624329,0.338434100151062,0.5534708499908447,0.41544249653816223,0.552981436252594,0.4718511998653412,0.578797459602356,0.516907274723053,0.6122918725013733,0.43879541754722595,0.5163297653198242,0.5454626083374023,0.5679244995117188,0.6049778461456299,0.5855094194412231,0.6557925939559937,0.5952102541923523,0.43310800194740295,0.5284175276756287,0.5698906183242798,0.5605291724205017,0.6591096520423889,0.5596139430999756,0.7336525917053223,0.5513120889663696,0.4190308153629303,0.5600677728652954,0.5592445731163025,0.5820313096046448,0.6399117708206177,0.5797075033187866,0.7052105665206909,0.5658289790153503,0.40586599707603455,0.611591100692749,0.5071192979812622,0.6289069056510925,0.5708613395690918,0.625782310962677,0.6268835663795471,0.6163854002952576,Stop
0.2608951926231384,0.5944212079048157,0.3442302942276001,0.5746873021125793,0.41639789938926697,0.5764960050582886,0.46850264072418213,0.5945815443992615,0.5118590593338013,0.6252893805503845,0.44896775484085083,0.5190157890319824,0.5471866130828857,0.5682613849639893,0.6049782633781433,0.5846533179283142,0.6548134088516235,0.593438982963562,0.4426012635231018,0.5230646133422852,0.5710850358009338,0.5591038465499878,0.6575428247451782,0.5611204504966736,0.7285799980163574,0.5557543635368347,0.4269832968711853,0.5486627221107483,0.5613566637039185,0.5817665457725525,0.6378779411315918,0.5843467116355896,0.6996746063232422,0.5740482807159424,0.41261163353919983,0.5980501174926758,0.5077239871025085,0.6262845993041992,0.569575309753418,0.6274781823158264,0.624550998210907,0.6212579607963562,Stop
0.28029727935791016,0.5965716242790222,0.3660174310207367,0.5742368698120117,0.4406391680240631,0.5755109190940857,0.4926024377346039,0.5889284014701843,0.5362756848335266,0.6076018810272217,0.4735333323478699,0.539922297000885,0.5715571045875549,0.5741803050041199,0.6375490427017212,0.5741481184959412,0.6909829378128052,0.5716754198074341,0.4641200304031372,0.5438738465309143,0.5875212550163269,0.5719344615936279,0.668548583984375,0.569989800453186,0.7326090335845947,0.5619824528694153,0.4443177580833435,0.5649160146713257,0.5689961314201355,0.5914493203163147,0.6391772031784058,0.5903052687644958,0.6951655149459839,0.5780096054077148,0.42158636450767517,0.6036285758018494,0.50984787940979,0.6297317743301392,0.5685803890228271,0.6326709389686584,0.6206614375114441,0.6282461285591125,Stop
0.28252339363098145,0.5963324904441833,0.36745747923851013,0.5561192631721497,0.447872519493103,0.5560149550437927,0.5065086483955383,0.5740478038787842,0.5523024201393127,0.593299150466919,0.47223955392837524,0.5352762341499329,0.5755947232246399,0.5685376524925232,0.6453168392181396,0.5683045983314514,0.7018187642097473,0.5639419555664062,0.4619221091270447,0.5483144521713257,0.5822011232376099,0.5773248672485352,0.6616747379302979,0.5756210088729858,0.7250346541404724,0.5683412551879883,0.44081005454063416,0.5749445557594299,0.5582776665687561,0.6042963266372681,0.6268107891082764,0.6040242910385132,0.6806873083114624,0.593886137008667,0.4159683287143707,0.6130989193916321,0.4961187243461609,0.6413771510124207,0.5494981408119202,0.6464548110961914,0.5967381000518799,0.6421933174133301,Stop
0.27046239376068115,0.592704176902771,0.3501695394515991,0.5581123232841492,0.4266479015350342,0.561568021774292,0.48155996203422546,0.5877450704574585,0.5262454152107239,0.6169116497039795,0.4510996341705322,0.5163484811782837,0.5582515597343445,0.5587695837020874,0.6321757435798645,0.5662606358528137,0.6923813223838806,0.5690189003944397,0.44856539368629456,0.5257535576820374,0.5749278664588928,0.5620859265327454,0.6628435254096985,0.5670229196548462,0.7333592176437378,0.5657224059104919,0.43542978167533875,0.5556301474571228,0.5630984306335449,0.5888041257858276,0.6411710381507874,0.5920836925506592,0.7031960487365723,0.5839852690696716,0.41850078105926514,0.605807363986969,0.510456383228302,0.6362195014953613,0.571043074131012,0.6394082903862,0.6243424415588379,0.633382260799408,Stop
0.26890912652015686,0.601726233959198,0.35399532318115234,0.5619005560874939,0.43420618772506714,0.562635064125061,0.49086886644363403,0.5825991630554199,0.5362531542778015,0.6056793928146362,0.45891112089157104,0.5318973660469055,0.5597031712532043,0.5673151016235352,0.6323570013046265,0.5697344541549683,0.6915266513824463,0.5666532516479492,0.4513694643974304,0.542300820350647,0.5778714418411255,0.5769215822219849,0.6650415658950806,0.578654408454895,0.7366989850997925,0.5723726749420166,0.43247905373573303,0.5697488784790039,0.5563753843307495,0.6020636558532715,0.6321805715560913,0.6044489145278931,0.6937891244888306,0.5948492288589478,0.4078994393348694,0.6142269968986511,0.49492236971855164,0.6414316296577454,0.5541529059410095,0.644600510597229,0.6079142093658447,0.6407907605171204,Stop
0.2756996750831604,0.6068942546844482,0.3574734330177307,0.558771014213562,0.43446117639541626,0.5657272338867188,0.4861992597579956,0.5929883718490601,0.5281582474708557,0.6230305433273315,0.4640555679798126,0.5400250554084778,0.564429521560669,0.5746579170227051,0.6329445242881775,0.5797383785247803,0.6875017285346985,0.5812424421310425,0.4640938341617584,0.5585693717002869,0.5877878069877625,0.5854602456092834,0.6728350520133972,0.587213933467865,0.740508496761322,0.584832489490509,0.4528067708015442,0.5919923782348633,0.5734497904777527,0.6190275549888611,0.6472045183181763,0.6147074103355408,0.7033146619796753,0.6021751165390015,0.4359552264213562,0.6411915421485901,0.5201157331466675,0.6688399314880371,0.5777137279510498,0.6685240864753723,0.6272463202476501,0.659422755241394,Stop
0.269509494304657,0.6081294417381287,0.34398049116134644,0.5472049117088318,0.4227442741394043,0.5472949147224426,0.47949859499931335,0.5764057636260986,0.5205153822898865,0.6079637408256531,0.4589998424053192,0.5383304953575134,0.5672858953475952,0.5721291899681091,0.643616795539856,0.5773624181747437,0.7043076753616333,0.5763554573059082,0.46000754833221436,0.5627211332321167,0.5829405784606934,0.5909969806671143,0.66741943359375,0.5945954322814941,0.7372472286224365,0.5924493074417114,0.4475663900375366,0.6009898781776428,0.5605431199073792,0.6296758055686951,0.6303015351295471,0.6293792128562927,0.6827848553657532,0.6199204325675964,0.4268849194049835,0.649971604347229,0.5074034929275513,0.6774520874023438,0.563483476638794,0.6793111562728882,0.6118390560150146,0.6711417436599731,Stop
0.260832279920578,0.6109415292739868,0.33484160900115967,0.555528461933136,0.41181808710098267,0.5548360347747803,0.46763524413108826,0.582841694355011,0.5071219205856323,0.6184900999069214,0.4454643130302429,0.5341736078262329,0.5538872480392456,0.5733419060707092,0.6273418664932251,0.5851165056228638,0.6856220364570618,0.5894858837127686,0.4486916661262512,0.5582605004310608,0.5787460207939148,0.5885167717933655,0.6666134595870972,0.5955190658569336,0.7388749718666077,0.595406174659729,0.43823856115341187,0.5988209843635559,0.5557982921600342,0.6281140446662903,0.6252517700195312,0.6298576593399048,0.6769105195999146,0.6233351230621338,0.42105579376220703,0.6547667384147644,0.5064435601234436,0.6814222931861877,0.563829243183136,0.6844931244850159,0.6140996217727661,0.6779852509498596,Stop
0.2518981397151947,0.6090384721755981,0.32869523763656616,0.5531253218650818,0.4019623398780823,0.5500499606132507,0.45421597361564636,0.5755217671394348,0.4940032362937927,0.6101115345954895,0.43916550278663635,0.5260030031204224,0.5458604693412781,0.5717509984970093,0.6139328479766846,0.5894244313240051,0.6695016622543335,0.5993852615356445,0.4460963308811188,0.551447868347168,0.5785068273544312,0.5828657746315002,0.6669283509254456,0.5896868109703064,0.737769603729248,0.590328574180603,0.4374707341194153,0.5930595397949219,0.5663565397262573,0.6198312044143677,0.6435589790344238,0.6195676326751709,0.701831579208374,0.6119590401649475,0.42116066813468933,0.6535172462463379,0.513687252998352,0.6789692044258118,0.573174774646759,0.6791654229164124,0.6243589520454407,0.6693655252456665,Stop
0.25779950618743896,0.5976874828338623,0.335440456867218,0.5299264788627625,0.4156237840652466,0.5282867550849915,0.4722711443901062,0.5563474297523499,0.5118733644485474,0.5919860005378723,0.4547136127948761,0.5236064195632935,0.5623462796211243,0.5545861721038818,0.6345783472061157,0.5604466795921326,0.6908673644065857,0.5605257153511047,0.457482248544693,0.5554640293121338,0.5808595418930054,0.5830307006835938,0.6619410514831543,0.5863099098205566,0.7271364331245422,0.583830714225769,0.4460119307041168,0.5971623659133911,0.5574071407318115,0.6286553740501404,0.6221610307693481,0.6320893168449402,0.6704066395759583,0.6268404722213745,0.4244484603404999,0.6463411450386047,0.5023455619812012,0.6771299242973328,0.554731011390686,0.6832508444786072,0.599565327167511,0.680117666721344,Stop
0.30634236335754395,0.5793103575706482,0.3922077715396881,0.5178160667419434,0.46626487374305725,0.5190890431404114,0.520088791847229,0.5411323308944702,0.5596962571144104,0.5553155541419983,0.5216372609138489,0.5376813411712646,0.6047413349151611,0.5443344712257385,0.6575455665588379,0.5367814302444458,0.7014840841293335,0.5338423848152161,0.5253869295120239,0.5696023106575012,0.6205391883850098,0.561286449432373,0.6822648048400879,0.5518971085548401,0.7312146425247192,0.5464673042297363,0.5123995542526245,0.6053350567817688,0.6053653955459595,0.5857945680618286,0.6592156291007996,0.5703557133674622,0.7017086744308472,0.5531361103057861,0.49124419689178467,0.6475211381912231,0.5537319779396057,0.6420418620109558,0.5943865180015564,0.6273232102394104,0.6292986273765564,0.6069469451904297,Stop
0.3315337300300598,0.5741232633590698,0.3938941955566406,0.49418938159942627,0.45838111639022827,0.5005656480789185,0.507286012172699,0.5228237509727478,0.5417776703834534,0.5387757420539856,0.5457398295402527,0.5454825162887573,0.6348717212677002,0.5375640988349915,0.6803348660469055,0.5296935439109802,0.7159700989723206,0.5256950855255127,0.5380033850669861,0.5858950614929199,0.6293087005615234,0.5729105472564697,0.6741131544113159,0.5575399994850159,0.7060035467147827,0.5447442531585693,0.5151167511940002,0.6196424961090088,0.5955201983451843,0.6051164269447327,0.641165018081665,0.5832745432853699,0.670358419418335,0.5694465041160583,0.49010995030403137,0.65240877866745,0.5480345487594604,0.6415261030197144,0.5796561241149902,0.6269601583480835,0.6029649972915649,0.6170819401741028,Stop
0.32333850860595703,0.5601488351821899,0.39026179909706116,0.5042411088943481,0.4502415060997009,0.5091750025749207,0.4934313893318176,0.5245819687843323,0.5272641777992249,0.5370044708251953,0.525831937789917,0.5305159687995911,0.6082838773727417,0.5301329493522644,0.6546452641487122,0.5184031128883362,0.6896262764930725,0.5110371112823486,0.525103747844696,0.5589361786842346,0.6206213235855103,0.5492732524871826,0.6743056774139404,0.5346843600273132,0.7155962586402893,0.5226765275001526,0.5097628831863403,0.5897330641746521,0.6018221378326416,0.5783680081367493,0.656590461730957,0.558028519153595,0.6948229670524597,0.5403569340705872,0.4877941608428955,0.6287006735801697,0.5549262166023254,0.6214925050735474,0.5951570868492126,0.6076359748840332,0.6284018158912659,0.5915749073028564,Stop
0.3158251643180847,0.550454318523407,0.36951643228530884,0.5127987861633301,0.42417722940444946,0.5077836513519287,0.46228528022766113,0.5145267844200134,0.4970320165157318,0.5288857221603394,0.5087839961051941,0.509891927242279,0.5802977085113525,0.5355664491653442,0.6143831014633179,0.5388686060905457,0.6410069465637207,0.5461847186088562,0.5170273184776306,0.5386362671852112,0.6147481203079224,0.5383066534996033,0.6721999645233154,0.5343188047409058,0.717536211013794,0.5288373827934265,0.5095868110656738,0.5747783780097961,0.6092888116836548,0.5631409287452698,0.664462685585022,0.5479971170425415,0.7069403529167175,0.530421793460846,0.4943297803401947,0.626546323299408,0.562075138092041,0.618014395236969,0.6048949956893921,0.6013217568397522,0.6412440538406372,0.5762794613838196,Stop
0.32215481996536255,0.5469207763671875,0.37876322865486145,0.5033469796180725,0.4346578121185303,0.5007451176643372,0.4756990969181061,0.5095564723014832,0.5090821385383606,0.5262843370437622,0.508029043674469,0.5009162425994873,0.5851587057113647,0.5279639959335327,0.6275739073753357,0.5317671895027161,0.6597047448158264,0.5373560190200806,0.516521692276001,0.5323305130004883,0.6169533729553223,0.5356709361076355,0.6747131943702698,0.5355818867683411,0.7196162343025208,0.5338528752326965,0.5084249377250671,0.5713201761245728,0.6105977296829224,0.5609839558601379,0.6645722389221191,0.5476006865501404,0.707314133644104,0.5309271812438965,0.49430760741233826,0.6253983378410339,0.5617527365684509,0.6214866042137146,0.6042113304138184,0.6056153774261475,0.6402034163475037,0.5819414854049683,Stop
0.3012040853500366,0.5509341359138489,0.35873866081237793,0.5101479887962341,0.4201664924621582,0.5056837797164917,0.4632284641265869,0.5150305032730103,0.4992983341217041,0.5333088636398315,0.4921598732471466,0.4983120262622833,0.5719655156135559,0.52690589427948,0.6153632998466492,0.5360553860664368,0.6476103067398071,0.5460824966430664,0.501048743724823,0.5313602089881897,0.6084457039833069,0.5348009467124939,0.6707987785339355,0.5347793698310852,0.7215443849563599,0.5275148749351501,0.4961204528808594,0.570694625377655,0.6021658182144165,0.5613878965377808,0.6609472036361694,0.5479118227958679,0.7071202993392944,0.5319417715072632,0.48489004373550415,0.6290181279182434,0.5577125549316406,0.6207110285758972,0.6031448841094971,0.6052236557006836,0.6420762538909912,0.5826928019523621,Stop
0.27421775460243225,0.5605393052101135,0.34121203422546387,0.5075690746307373,0.40664735436439514,0.50178462266922,0.45968225598335266,0.5154315233230591,0.49729257822036743,0.5402729511260986,0.4528167247772217,0.48140889406204224,0.5509620308876038,0.5116750001907349,0.6130878925323486,0.52162104845047,0.6599816679954529,0.5277340412139893,0.4657116234302521,0.5152602195739746,0.5860732793807983,0.5282946825027466,0.6607667803764343,0.5320892930030823,0.7190357446670532,0.5302978754043579,0.46480363607406616,0.5604140758514404,0.5847630500793457,0.5607402324676514,0.6534467935562134,0.5519972443580627,0.7052586078643799,0.5403538346290588,0.4599882662296295,0.6272704601287842,0.5429142713546753,0.6312541365623474,0.5932879447937012,0.6185495257377625,0.6360859274864197,0.5979752540588379,Stop
0.25699836015701294,0.5715433955192566,0.32413575053215027,0.516355574131012,0.38585156202316284,0.5017285346984863,0.4349190592765808,0.5099610686302185,0.4719299077987671,0.5311801433563232,0.4383598864078522,0.46916234493255615,0.5320857763290405,0.5244558453559875,0.5741204023361206,0.5593011379241943,0.6057949066162109,0.5868837833404541,0.45304298400878906,0.5049828290939331,0.5754705667495728,0.522956371307373,0.6520881056785583,0.5318809151649475,0.7110458016395569,0.5340659022331238,0.4541175067424774,0.5542805194854736,0.5795384645462036,0.5557417869567871,0.6501196026802063,0.5488619804382324,0.7032333612442017,0.536202609539032,0.45287004113197327,0.6279099583625793,0.5394470691680908,0.632224440574646,0.5915392637252808,0.6197338104248047,0.6343446969985962,0.5991820096969604,Stop
0.24695166945457458,0.5786354541778564,0.332927942276001,0.5579106211662292,0.3910340368747711,0.5540148615837097,0.4306352138519287,0.5695533156394958,0.47308120131492615,0.5923646688461304,0.4462943375110626,0.48412197828292847,0.5298839807510376,0.5472424030303955,0.546241819858551,0.5891193747520447,0.5562084317207336,0.6224314570426941,0.44978800415992737,0.5079622268676758,0.5792022347450256,0.5396571159362793,0.6608057022094727,0.5435172915458679,0.7247324585914612,0.5368143320083618,0.4376462996006012,0.5500808954238892,0.5678943395614624,0.5733659863471985,0.6451358199119568,0.5692947506904602,0.70667564868927,0.5544914603233337,0.4246882200241089,0.6174247860908508,0.5173530578613281,0.6339486241340637,0.5799809694290161,0.6308861374855042,0.6340523958206177,0.6150623559951782,Stop
0.24043019115924835,0.5751956701278687,0.32285815477371216,0.5398330092430115,0.3961128294467926,0.5372201800346375,0.4517870545387268,0.5662654042243958,0.4924652576446533,0.6048967242240906,0.43394988775253296,0.47597283124923706,0.5312628746032715,0.5405308604240417,0.565467894077301,0.5858558416366577,0.5942943096160889,0.6174943447113037,0.44076380133628845,0.4991941452026367,0.5710256099700928,0.5339012742042542,0.6528915166854858,0.5396656394004822,0.7199043035507202,0.5350661873817444,0.43342435359954834,0.5431467890739441,0.5671351552009583,0.5686184763908386,0.644544243812561,0.5686119794845581,0.7063062191009521,0.553986132144928,0.4235191345214844,0.6124528646469116,0.5209894180297852,0.6320526003837585,0.5809639096260071,0.6226790547370911,0.6336172223091125,0.6057600975036621,Stop
0.24016837775707245,0.5743750929832458,0.3150950074195862,0.5293408632278442,0.38318386673927307,0.5207309126853943,0.43649670481681824,0.543038010597229,0.47587957978248596,0.5734084844589233,0.4297029674053192,0.47466567158699036,0.5281986594200134,0.5454350709915161,0.5633538365364075,0.5904595851898193,0.5903688669204712,0.6185287833213806,0.437397301197052,0.4991077184677124,0.571556031703949,0.536417543888092,0.6569399237632751,0.5423023700714111,0.7254427671432495,0.5381633639335632,0.42951616644859314,0.5428935289382935,0.5646884441375732,0.5691962838172913,0.6421109437942505,0.5680269002914429,0.7032347917556763,0.5531224012374878,0.4181932210922241,0.610877513885498,0.5159784555435181,0.6320351362228394,0.576392650604248,0.6247859001159668,0.6303067803382874,0.6086543798446655,Stop
0.24726423621177673,0.5752379894256592,0.31982457637786865,0.5344177484512329,0.3862180709838867,0.5261016488075256,0.43931514024734497,0.548433780670166,0.477965772151947,0.5774914622306824,0.432620644569397,0.47679758071899414,0.5294806361198425,0.543171763420105,0.5601811408996582,0.5881378054618835,0.5825549364089966,0.6179296374320984,0.4417210519313812,0.5018725991249084,0.5727444887161255,0.5353671312332153,0.6554619073867798,0.5412102341651917,0.721869707107544,0.5382514595985413,0.43522095680236816,0.5459775328636169,0.568318784236908,0.5671119093894958,0.6441046595573425,0.5640848278999329,0.7036531567573547,0.5491735339164734,0.42545947432518005,0.6129592061042786,0.5183075070381165,0.6299553513526917,0.576692521572113,0.620564341545105,0.6287664175033569,0.6038650274276733,Stop
0.2482682317495346,0.5749597549438477,0.32708844542503357,0.5446457862854004,0.3962864577770233,0.544063150882721,0.44922271370887756,0.5731695294380188,0.48923179507255554,0.6166223883628845,0.43819230794906616,0.48017507791519165,0.5332716107368469,0.550571084022522,0.5536960959434509,0.6005120277404785,0.56802898645401,0.6347206830978394,0.4423602819442749,0.5006019473075867,0.5710163712501526,0.5385417342185974,0.6545395851135254,0.5451380014419556,0.7206103801727295,0.5427307486534119,0.43281790614128113,0.540790855884552,0.5701884627342224,0.5665090084075928,0.6471022367477417,0.5645753741264343,0.7068978548049927,0.5499832034111023,0.4236941337585449,0.6057227253913879,0.5181434154510498,0.6258813142776489,0.5775032043457031,0.6175277233123779,0.629411518573761,0.6018101572990417,Stop
0.2587513327598572,0.5745007395744324,0.3389008045196533,0.5552500486373901,0.40391239523887634,0.5585139989852905,0.45430007576942444,0.5857513546943665,0.4954001307487488,0.6229406595230103,0.44648799300193787,0.48588091135025024,0.53626549243927,0.5480080842971802,0.5605420470237732,0.5923466086387634,0.5793798565864563,0.6263225078582764,0.4495944380760193,0.503399670124054,0.576926589012146,0.5360761880874634,0.658631443977356,0.5429695248603821,0.7231844067573547,0.5418031811714172,0.43930163979530334,0.5420677065849304,0.5712943077087402,0.5661214590072632,0.6450310945510864,0.5648142695426941,0.7030107975006104,0.5520966053009033,0.4311773180961609,0.6064091324806213,0.5216448307037354,0.6243810653686523,0.5798407793045044,0.6172435879707336,0.6309454441070557,0.6022688150405884,Stop
0.2545050084590912,0.5794476866722107,0.3319665491580963,0.5321714878082275,0.39927902817726135,0.5184255242347717,0.4514639675617218,0.5320580005645752,0.4895012378692627,0.5551820397377014,0.43655267357826233,0.47340062260627747,0.5306873321533203,0.5398573279380798,0.5640259981155396,0.5863887071609497,0.5916064977645874,0.6195608973503113,0.44438275694847107,0.49908119440078735,0.570345938205719,0.5337497591972351,0.6544922590255737,0.5427988171577454,0.7233009338378906,0.5444696545600891,0.43999409675598145,0.5419069528579712,0.5747529864311218,0.5604985952377319,0.6510080099105835,0.5591737627983093,0.7106420993804932,0.549392580986023,0.4355018734931946,0.609333336353302,0.5280923247337341,0.6190419793128967,0.5850009918212891,0.6086535453796387,0.6351003646850586,0.5934596657752991,Stop
0.2535385489463806,0.5739153623580933,0.3334985375404358,0.5433082580566406,0.4011918306350708,0.535480797290802,0.45311668515205383,0.5459176898002625,0.4947325885295868,0.5688871145248413,0.4431903660297394,0.4842105507850647,0.5412505269050598,0.5435388088226318,0.5940182209014893,0.5682158470153809,0.6370616555213928,0.5811089277267456,0.44324028491973877,0.5016931891441345,0.5736587047576904,0.5413833856582642,0.6588207483291626,0.5475088953971863,0.727307140827179,0.5426538586616516,0.43312469124794006,0.5371031761169434,0.5687026977539062,0.5702510476112366,0.6464416980743408,0.5702566504478455,0.7089446783065796,0.5560529232025146,0.42494824528694153,0.5953264236450195,0.5192842483520508,0.6157770156860352,0.5786688327789307,0.6112377643585205,0.6319024562835693,0.598163902759552,Stop
0.2418898195028305,0.5789044499397278,0.3364146649837494,0.567195475101471,0.40907639265060425,0.5641132593154907,0.4625072479248047,0.5761021375656128,0.5106064081192017,0.6017738580703735,0.44426798820495605,0.4827095866203308,0.5410549640655518,0.540902853012085,0.6106323003768921,0.5609498620033264,0.6666747331619263,0.5758916139602661,0.4355916380882263,0.4932789206504822,0.5673516988754272,0.5351377129554749,0.658130407333374,0.5463100671768188,0.7328112125396729,0.5436468124389648,0.42068010568618774,0.5268306136131287,0.5583351850509644,0.5593806505203247,0.6381582617759705,0.5668793320655823,0.7028167247772217,0.5597512722015381,0.4088192582130432,0.5859529376029968,0.508617103099823,0.6041304469108582,0.5746721625328064,0.6063036918640137,0.6321055293083191,0.6011651158332825,Stop
0.22260978817939758,0.5786400437355042,0.31628406047821045,0.5740211009979248,0.3964921534061432,0.5650011897087097,0.45549437403678894,0.5834354162216187,0.49808186292648315,0.6186068058013916,0.43415722250938416,0.48419389128685,0.5407772064208984,0.5484144687652588,0.6143390536308289,0.5690279603004456,0.675642728805542,0.5779820680618286,0.4222992956638336,0.49261826276779175,0.561650276184082,0.5457679033279419,0.6552231311798096,0.5570547580718994,0.7331658005714417,0.5540444850921631,0.40417906641960144,0.5257760882377625,0.5485830903053284,0.5658742189407349,0.634087860584259,0.5749409198760986,0.7034527659416199,0.5680573582649231,0.38858866691589355,0.5826811790466309,0.4958067238330841,0.6033211946487427,0.5629305243492126,0.607538640499115,0.6239175796508789,0.6052791476249695,Stop
0.20223604142665863,0.5930545926094055,0.3202528953552246,0.6153621673583984,0.40327563881874084,0.6127690076828003,0.45878729224205017,0.6230667233467102,0.5166313052177429,0.6443672776222229,0.4433475732803345,0.5074633955955505,0.538471519947052,0.5723852515220642,0.6047513484954834,0.5924723148345947,0.6578422784805298,0.6026642918586731,0.4267629384994507,0.5122567415237427,0.5654269456863403,0.560036838054657,0.6606190800666809,0.5696303248405457,0.7372928857803345,0.5593138337135315,0.40522637963294983,0.5396174788475037,0.5452594757080078,0.573026716709137,0.6310406923294067,0.5812592506408691,0.7029030919075012,0.5711095333099365,0.38640734553337097,0.5867707133293152,0.49016696214675903,0.6005960702896118,0.5606317520141602,0.6044057011604309,0.6225935220718384,0.6014740467071533,Stop
0.17895695567131042,0.5865959525108337,0.2942947745323181,0.6192898750305176,0.3706894814968109,0.6283255815505981,0.4071623682975769,0.6576355695724487,0.4431031346321106,0.7047432661056519,0.4410448670387268,0.5106170773506165,0.5356871485710144,0.5752852559089661,0.603143572807312,0.5958864688873291,0.6568255424499512,0.6121315956115723,0.42763713002204895,0.5182011723518372,0.5651668310165405,0.5627511143684387,0.6621047258377075,0.5690730214118958,0.7444505095481873,0.5565903186798096,0.40296635031700134,0.5480509996414185,0.5427278280258179,0.5774015784263611,0.6292477250099182,0.5844995379447937,0.702165424823761,0.5718313455581665,0.377878338098526,0.5963196754455566,0.4787316620349884,0.605478048324585,0.5503643751144409,0.6071113348007202,0.6113518476486206,0.6002132296562195,Stop
0.175619974732399,0.5980834364891052,0.30217626690864563,0.6312010288238525,0.3862206041812897,0.6341026425361633,0.43866586685180664,0.647992730140686,0.4933709502220154,0.6711660623550415,0.44304928183555603,0.5193935036659241,0.5405310988426208,0.5762750506401062,0.607164204120636,0.5963889956474304,0.6592450737953186,0.6132988929748535,0.42500776052474976,0.5221343040466309,0.5646632313728333,0.5665754675865173,0.6616065502166748,0.5702552795410156,0.7443662285804749,0.5561080574989319,0.39693236351013184,0.5509230494499207,0.5396069884300232,0.5768980979919434,0.6266804337501526,0.5826610326766968,0.7009025812149048,0.5702773928642273,0.37229156494140625,0.5980398654937744,0.47296103835105896,0.6060848832130432,0.5434826016426086,0.6056369543075562,0.6064966320991516,0.5980584621429443,Stop
0.17189925909042358,0.6025309562683105,0.30263832211494446,0.6365810036659241,0.3872452676296234,0.6393214464187622,0.43763506412506104,0.6557721495628357,0.495512992143631,0.6813785433769226,0.44969576597213745,0.5178379416465759,0.5400382280349731,0.5828709602355957,0.5835845470428467,0.6224934458732605,0.6131470799446106,0.6613452434539795,0.4335973262786865,0.5267808437347412,0.5666397213935852,0.5647268295288086,0.6588484644889832,0.5714688897132874,0.7356642484664917,0.5609433650970459,0.40652334690093994,0.5579649209976196,0.5414237976074219,0.573587954044342,0.6277281045913696,0.5770931243896484,0.7014582753181458,0.5621129274368286,0.38232195377349854,0.6026067137718201,0.479172945022583,0.6051778197288513,0.5525065064430237,0.6004666090011597,0.6183913350105286,0.5892683267593384,Stop
0.16420023143291473,0.6011529564857483,0.2964046597480774,0.6396013498306274,0.38211148977279663,0.6413444876670837,0.4332967698574066,0.6591609120368958,0.4933631718158722,0.685259222984314,0.4463948607444763,0.5177374482154846,0.5396921634674072,0.5815187692642212,0.5933041572570801,0.6135507225990295,0.6315394639968872,0.6472486257553101,0.42978402972221375,0.5241091251373291,0.5647315979003906,0.5578937530517578,0.6573808193206787,0.5642412304878235,0.7366957664489746,0.5561500787734985,0.4038674831390381,0.5552275776863098,0.5423057079315186,0.5672222971916199,0.6283943057060242,0.5726098418235779,0.7024704217910767,0.5609939098358154,0.3823544979095459,0.6026240587234497,0.4800604581832886,0.6015107035636902,0.5529893636703491,0.5964343547821045,0.6193090081214905,0.5839263200759888,Stop
0.1591612994670868,0.6008007526397705,0.2947455048561096,0.6407460570335388,0.37860023975372314,0.64530348777771,0.4294189512729645,0.6635882258415222,0.4877074360847473,0.6906207203865051,0.44244641065597534,0.5179789662361145,0.5378704071044922,0.5871652960777283,0.575985848903656,0.6281973719596863,0.6017813682556152,0.6696415543556213,0.4263937473297119,0.5217772126197815,0.5643255710601807,0.5580163598060608,0.6560757160186768,0.5646393895149231,0.7337915301322937,0.5582464933395386,0.39997977018356323,0.5511592030525208,0.5417218208312988,0.5632545351982117,0.6287862062454224,0.567717432975769,0.7035853862762451,0.5566830635070801,0.3782244324684143,0.5977740287780762,0.4766387343406677,0.5986461043357849,0.5494203567504883,0.5945995450019836,0.6159687042236328,0.5827041268348694,Stop
0.15696008503437042,0.6001138091087341,0.2956036925315857,0.6390706896781921,0.38086768984794617,0.6403025984764099,0.43513917922973633,0.6557812094688416,0.49566298723220825,0.6791635751724243,0.43955057859420776,0.511784017086029,0.5356735587120056,0.5835981369018555,0.5792431831359863,0.6250739097595215,0.6100399494171143,0.6645391583442688,0.4228689968585968,0.5151397585868835,0.5618464946746826,0.5567536950111389,0.6539396047592163,0.5647945404052734,0.7323135137557983,0.5588051080703735,0.3963911235332489,0.5453397631645203,0.5403451919555664,0.5621284246444702,0.6269581913948059,0.5675107836723328,0.7014431953430176,0.556614100933075,0.374445378780365,0.5950092077255249,0.4748203754425049,0.5987321138381958,0.5473192930221558,0.5947898030281067,0.613700807094574,0.5834463834762573,Stop
0.15783946216106415,0.595317006111145,0.26962587237358093,0.6511332392692566,0.3362779915332794,0.676544189453125,0.3520428538322449,0.7404100894927979,0.3666287064552307,0.8207034468650818,0.44218701124191284,0.5263562202453613,0.5372946262359619,0.6029300689697266,0.5832314491271973,0.64311683177948,0.6165930032730103,0.680266261100769,0.4331437945365906,0.5306167602539062,0.5782325267791748,0.5797359943389893,0.6720770597457886,0.594236433506012,0.7506572604179382,0.592551052570343,0.40999412536621094,0.5618141889572144,0.5619803667068481,0.5841490030288696,0.6462816596031189,0.5960416793823242,0.7186784744262695,0.5877077579498291,0.3892417252063751,0.6154417991638184,0.4891365170478821,0.6182636618614197,0.5603662729263306,0.6115497946739197,0.6237478256225586,0.5953097343444824,Stop
0.15463468432426453,0.6105087399482727,0.29210609197616577,0.6676904559135437,0.3752691447734833,0.6707976460456848,0.43153104186058044,0.6935399770736694,0.4917762577533722,0.7275753021240234,0.44090694189071655,0.5297967195510864,0.5348293781280518,0.615746021270752,0.5736361145973206,0.6654621362686157,0.6004952192306519,0.7096876502037048,0.4284202456474304,0.531316876411438,0.5708124041557312,0.5829545855522156,0.6622853875160217,0.5952936410903931,0.7419674396514893,0.5964251756668091,0.40670323371887207,0.5585612058639526,0.5585731267929077,0.5827965140342712,0.641855776309967,0.58814936876297,0.7143665552139282,0.577526330947876,0.3866097033023834,0.6078863739967346,0.48695147037506104,0.6129751801490784,0.5565973520278931,0.6065893769264221,0.6223904490470886,0.5940252542495728,Stop
0.14576587080955505,0.6107804179191589,0.26743432879447937,0.6638752222061157,0.3506580591201782,0.6740952730178833,0.4025566875934601,0.7099486589431763,0.44847825169563293,0.7612870931625366,0.4236469268798828,0.5232074856758118,0.5314797759056091,0.5993190407752991,0.6013451814651489,0.6323840618133545,0.6599286794662476,0.6565918326377869,0.413362979888916,0.5248538255691528,0.5633852481842041,0.580755889415741,0.6613519191741943,0.5975220799446106,0.7504318952560425,0.598884642124176,0.3937927484512329,0.554305374622345,0.5519920587539673,0.5830166339874268,0.6379519701004028,0.5936357975006104,0.7136092185974121,0.587277352809906,0.37526655197143555,0.6076074838638306,0.48150187730789185,0.6141065955162048,0.5508562326431274,0.6096678376197815,0.6157855987548828,0.6006370782852173,Stop
0.15277084708213806,0.6206089854240417,0.28712472319602966,0.6631208062171936,0.3706028461456299,0.6724843978881836,0.42408329248428345,0.6962018609046936,0.4833744168281555,0.7307011485099792,0.4377039968967438,0.5318208336830139,0.5312843918800354,0.6148181557655334,0.5627732276916504,0.67194002866745,0.5846678614616394,0.7241871356964111,0.42723509669303894,0.5372084379196167,0.5700826644897461,0.5878267884254456,0.6657261848449707,0.6069132685661316,0.7471706867218018,0.6115724444389343,0.40302956104278564,0.5667330026626587,0.5527798533439636,0.5855404138565063,0.6399995684623718,0.5951327681541443,0.7144900560379028,0.5879619121551514,0.3810277283191681,0.6172003149986267,0.48101428151130676,0.6191979646682739,0.5530433654785156,0.6123430132865906,0.6175569295883179,0.6005760431289673,Stop
0.15213614702224731,0.6151328086853027,0.28476381301879883,0.667849600315094,0.36705756187438965,0.6742510795593262,0.42209547758102417,0.701101541519165,0.4750434458255768,0.7405151128768921,0.4323057234287262,0.5259959697723389,0.5343438982963562,0.6077175736427307,0.5896525382995605,0.6518648266792297,0.6336835026741028,0.6877087950706482,0.41956791281700134,0.5293096303939819,0.5680086016654968,0.5859838128089905,0.6657602190971375,0.6047236919403076,0.7507435083389282,0.6085653901100159,0.39696696400642395,0.558551013469696,0.5535955429077148,0.5863707661628723,0.640695333480835,0.5963178873062134,0.7157663106918335,0.5892276167869568,0.3776327073574066,0.6126266717910767,0.483276903629303,0.6195123791694641,0.5545024871826172,0.6164829730987549,0.6199111938476562,0.6091794967651367,Stop
0.15225720405578613,0.6182013154029846,0.2838960289955139,0.6686168909072876,0.3683890104293823,0.6742256283760071,0.4251898527145386,0.6982898116111755,0.47807055711746216,0.7366504073143005,0.4297851026058197,0.5286542177200317,0.5308327674865723,0.6087199449539185,0.5736424326896667,0.6611562371253967,0.6089615821838379,0.7042491436004639,0.4171087443828583,0.5310408473014832,0.5650929808616638,0.5868434309959412,0.6623464822769165,0.6062188148498535,0.7470775842666626,0.6106623411178589,0.39286744594573975,0.5593952536582947,0.5495798587799072,0.5850971937179565,0.6368956565856934,0.5953549742698669,0.7126884460449219,0.5893723964691162,0.3715129792690277,0.6130277514457703,0.4767051637172699,0.6191248893737793,0.5470117330551147,0.6151555180549622,0.6115002632141113,0.6083776354789734,Stop
0.15811249613761902,0.6273790001869202,0.28991103172302246,0.677083432674408,0.3720405697822571,0.6906057000160217,0.4225977659225464,0.7153165340423584,0.47380533814430237,0.7511929273605347,0.4428655505180359,0.5383485555648804,0.5373383164405823,0.6153750419616699,0.5601420402526855,0.6766374111175537,0.5737353563308716,0.7275894284248352,0.4321494400501251,0.5414398312568665,0.5757413506507874,0.5976715683937073,0.6688753962516785,0.6177518367767334,0.7445183992385864,0.6183294653892517,0.40621745586395264,0.5681783556938171,0.5562989711761475,0.5978732705116272,0.644555926322937,0.6071673035621643,0.7178258895874023,0.5955684781074524,0.3810223937034607,0.6159096956253052,0.485313355922699,0.6241455078125,0.5593833923339844,0.6205959916114807,0.6241804361343384,0.6115853786468506,Stop
0.16617368161678314,0.6324678063392639,0.29675722122192383,0.6873932480812073,0.3797534704208374,0.7022333145141602,0.432208389043808,0.728990912437439,0.48366039991378784,0.7660188674926758,0.45017722249031067,0.5447095632553101,0.5497991442680359,0.6261503100395203,0.5769276022911072,0.685829758644104,0.5924026966094971,0.7344258427619934,0.4357675313949585,0.548058271408081,0.5766915082931519,0.618743896484375,0.6390618681907654,0.6586530208587646,0.6822048425674438,0.672132134437561,0.40589091181755066,0.5768174529075623,0.5563256740570068,0.611212968826294,0.6452709436416626,0.6211777925491333,0.7156441807746887,0.6076571345329285,0.37838679552078247,0.6241051554679871,0.4816431999206543,0.6377620100975037,0.5581204295158386,0.6363839507102966,0.6241626143455505,0.6290938854217529,Stop
0.17035523056983948,0.6282915472984314,0.30080360174179077,0.6796360611915588,0.3796316087245941,0.6949089765548706,0.4309426248073578,0.7216054797172546,0.4798144996166229,0.7528247237205505,0.45117440819740295,0.5498597621917725,0.5442454218864441,0.6264985203742981,0.5800203680992126,0.6760725975036621,0.6076163649559021,0.7156817317008972,0.4387029707431793,0.5538057088851929,0.5795974731445312,0.6091021299362183,0.6674339771270752,0.624106764793396,0.7384278774261475,0.6200320720672607,0.41222232580184937,0.5780278444290161,0.5567688941955566,0.6132663488388062,0.6386312246322632,0.6207571029663086,0.7044628262519836,0.6086543202400208,0.38665440678596497,0.6211568117141724,0.4858410656452179,0.6397891044616699,0.5583463907241821,0.6412328481674194,0.6215263605117798,0.6364560723304749,Stop
0.1670319139957428,0.6297983527183533,0.2908957600593567,0.6838449239730835,0.375582754611969,0.6930226683616638,0.431583970785141,0.7128094434738159,0.4850773811340332,0.7365531921386719,0.44744715094566345,0.5545845627784729,0.5591242909431458,0.6108826398849487,0.6385951042175293,0.6267896890640259,0.7016106843948364,0.6367619633674622,0.43284839391708374,0.5508022308349609,0.577314019203186,0.6138038635253906,0.6546401977539062,0.6395419836044312,0.713078498840332,0.6431823968887329,0.4077717363834381,0.5724042654037476,0.5548424124717712,0.6174450516700745,0.6355154514312744,0.6343851685523987,0.69725501537323,0.6310485601425171,0.3831406235694885,0.6153024435043335,0.4862724840641022,0.639778196811676,0.559575617313385,0.6452431082725525,0.6217827796936035,0.643362820148468,Stop
0.16527780890464783,0.632631242275238,0.28336408734321594,0.6882448196411133,0.36577460169792175,0.7054070830345154,0.419609397649765,0.7306135296821594,0.4698050916194916,0.7654516100883484,0.4466169476509094,0.5551803708076477,0.5653712749481201,0.6076227426528931,0.6481860280036926,0.6207333207130432,0.7141671776771545,0.6264262795448303,0.43252697587013245,0.5540462136268616,0.5739015340805054,0.6388245820999146,0.609636664390564,0.7014340162277222,0.6179696917533875,0.7329429388046265,0.40372365713119507,0.5774599313735962,0.5459240674972534,0.6412818431854248,0.6094437837600708,0.6789491176605225,0.6494001150131226,0.6908020377159119,0.3771737813949585,0.6185405850410461,0.4800051152706146,0.6465694308280945,0.5478504300117493,0.6616432070732117,0.6013858318328857,0.6670897603034973,Stop
0.17387022078037262,0.6370960474014282,0.29481133818626404,0.6871280670166016,0.372921884059906,0.7039575576782227,0.4248562753200531,0.7302594184875488,0.4751206934452057,0.7658332586288452,0.452457994222641,0.557898759841919,0.5468935966491699,0.6414941549301147,0.5657368302345276,0.7067622542381287,0.5689734816551208,0.7612647414207458,0.44024747610092163,0.562295138835907,0.586870551109314,0.6273692846298218,0.6435681581497192,0.6727685928344727,0.6764322519302368,0.6881743669509888,0.4148048460483551,0.5875272154808044,0.5658686757087708,0.6294682621955872,0.6401891112327576,0.6525788903236389,0.6900012493133545,0.6473057270050049,0.39305567741394043,0.6271371245384216,0.4972251057624817,0.6444993615150452,0.5742899179458618,0.643310010433197,0.6375401020050049,0.6324933767318726,Stop
0.16446909308433533,0.6370819211006165,0.27793049812316895,0.6755809187889099,0.36258310079574585,0.6844136714935303,0.41783908009529114,0.7103273272514343,0.46884340047836304,0.7510247826576233,0.4561571478843689,0.5466723442077637,0.5685121417045593,0.6150594353675842,0.6260523200035095,0.6562613844871521,0.6606370210647583,0.6881817579269409,0.4433663785457611,0.5551081895828247,0.5667688250541687,0.658653199672699,0.5565888285636902,0.7611901760101318,0.5316333770751953,0.8120622038841248,0.41762861609458923,0.5878746509552002,0.5487673282623291,0.6576247215270996,0.5657886862754822,0.7372649908065796,0.5624504685401917,0.7753034830093384,0.39885133504867554,0.628271758556366,0.5077354907989502,0.6475282311439514,0.5860205888748169,0.6560706496238708,0.6511150598526001,0.646693229675293,Stop
0.16981691122055054,0.6403121948242188,0.28897419571876526,0.6861971020698547,0.37104707956314087,0.7005890011787415,0.4203512370586395,0.7289583086967468,0.4647177755832672,0.7709780335426331,0.454094260931015,0.5484366416931152,0.5547229051589966,0.6267096400260925,0.5974600911140442,0.6813755035400391,0.622866153717041,0.7309280037879944,0.43912628293037415,0.554961085319519,0.5659664273262024,0.6419816017150879,0.5901089310646057,0.7321038842201233,0.5925005078315735,0.7848855257034302,0.40885621309280396,0.5873233079910278,0.5538453459739685,0.6275529861450195,0.630211353302002,0.6592118144035339,0.6840848922729492,0.6635972261428833,0.38425958156585693,0.6336572766304016,0.48846152424812317,0.6449565887451172,0.5646464824676514,0.6472732424736023,0.6281287670135498,0.6391631364822388,Stop
0.167484313249588,0.6424905061721802,0.28420740365982056,0.6810125708580017,0.3635813295841217,0.6946154236793518,0.4156033396720886,0.7199020981788635,0.46689802408218384,0.755136251449585,0.4428357183933258,0.5558488965034485,0.5367329716682434,0.6257990598678589,0.5827721953392029,0.6753730177879333,0.610672116279602,0.7255756855010986,0.4346284866333008,0.5617931485176086,0.5771422386169434,0.6082901358604431,0.6713550090789795,0.6370795965194702,0.7420802116394043,0.6500287652015686,0.4124041795730591,0.5889742970466614,0.5576620697975159,0.6165828108787537,0.6403558254241943,0.6345049738883972,0.701938271522522,0.6338616013526917,0.39025259017944336,0.6327803730964661,0.49196112155914307,0.6453996896743774,0.5656415820121765,0.6462234854698181,0.6256210207939148,0.6424537301063538,Stop
0.1650468409061432,0.6397265195846558,0.2889518141746521,0.6862337589263916,0.3730452060699463,0.6941105723381042,0.42735928297042847,0.7156974077224731,0.47912395000457764,0.7450722455978394,0.4483836591243744,0.5490849018096924,0.5484426021575928,0.6295241117477417,0.5983057022094727,0.6837954521179199,0.6293738484382629,0.7323585152626038,0.435125470161438,0.5521956086158752,0.5712466835975647,0.624284029006958,0.6337751150131226,0.678525447845459,0.6760331392288208,0.7072080969810486,0.40782642364501953,0.5809275507926941,0.5549526214599609,0.6166695356369019,0.6429648995399475,0.6366696953773499,0.7107836008071899,0.6348631381988525,0.38376083970069885,0.6282025575637817,0.48762109875679016,0.6425532698631287,0.5639991760253906,0.6427482962608337,0.6287974715232849,0.6354254484176636,Stop
0.16844363510608673,0.6401265859603882,0.29110056161880493,0.6846170425415039,0.3718337416648865,0.6940897703170776,0.4241829514503479,0.7169520854949951,0.4725845754146576,0.7413207292556763,0.4456254839897156,0.5487415790557861,0.5400640964508057,0.6213228702545166,0.5965138077735901,0.6663884520530701,0.637442946434021,0.7088491916656494,0.43447741866111755,0.5490498542785645,0.5763026475906372,0.6047945022583008,0.6711522340774536,0.6300036907196045,0.7473255395889282,0.6395514011383057,0.4104401171207428,0.5743542313575745,0.5580751299858093,0.6076638102531433,0.6459208726882935,0.6236451864242554,0.7157858610153198,0.6228945851325989,0.38694527745246887,0.6236239075660706,0.4888257384300232,0.6378199458122253,0.5616602301597595,0.6356740593910217,0.6230258941650391,0.6301379203796387,Stop
0.16546383500099182,0.6395463347434998,0.2898182272911072,0.6773521900177002,0.37338075041770935,0.6885080933570862,0.4269891083240509,0.711560070514679,0.4788911044597626,0.7439854145050049,0.4473893642425537,0.5481614470481873,0.541928768157959,0.6241590976715088,0.5821922421455383,0.6851327419281006,0.6066714525222778,0.7442735433578491,0.43638691306114197,0.5540789365768433,0.5783694982528687,0.6020864844322205,0.6671888828277588,0.6353853940963745,0.7354415059089661,0.6525635719299316,0.41154617071151733,0.5826241374015808,0.5574745535850525,0.605288028717041,0.6499680280685425,0.6195990443229675,0.7225700616836548,0.6169957518577576,0.3884510099887848,0.6300061345100403,0.49066492915153503,0.6361686587333679,0.5674760341644287,0.6307784914970398,0.631737232208252,0.6226558089256287,Stop
0.1667870581150055,0.6349087357521057,0.28536343574523926,0.6703949570655823,0.3692823052406311,0.6823963522911072,0.42555758357048035,0.7058579921722412,0.47568437457084656,0.742966890335083,0.45143210887908936,0.5447964072227478,0.5498788356781006,0.6253219246864319,0.5750559568405151,0.6916225552558899,0.5837321281433105,0.7496886253356934,0.4402581453323364,0.5518866777420044,0.570033073425293,0.6269493103027344,0.6044325232505798,0.7044534087181091,0.6179138422012329,0.7501718401908875,0.4138796031475067,0.5817975997924805,0.5605598092079163,0.6211751103401184,0.6302244067192078,0.6540845632553101,0.6754260659217834,0.6593137383460999,0.3928775489330292,0.6246180534362793,0.49745938181877136,0.6341564655303955,0.5749889612197876,0.6303618550300598,0.6386420726776123,0.6158543825149536,Stop
0.16959276795387268,0.6273432970046997,0.2850215435028076,0.6756975054740906,0.366696834564209,0.6895674467086792,0.41840219497680664,0.7144986391067505,0.46578097343444824,0.7506688833236694,0.4434657394886017,0.5431854724884033,0.5444124937057495,0.6106846332550049,0.595639705657959,0.6572467684745789,0.6300972700119019,0.7006552815437317,0.4327896237373352,0.5446605086326599,0.5743383765220642,0.603046178817749,0.6395264863967896,0.653618335723877,0.6824377775192261,0.681414783000946,0.4074057936668396,0.5725724101066589,0.5566093325614929,0.604721188545227,0.6356168985366821,0.6312621235847473,0.6927332878112793,0.6359731554985046,0.38450881838798523,0.619084358215332,0.4881189465522766,0.6311860084533691,0.563834011554718,0.6312532424926758,0.6257477402687073,0.6242588758468628,Stop
0.1636286973953247,0.6151763200759888,0.2770695984363556,0.6531216502189636,0.36153778433799744,0.6669619679450989,0.4157616198062897,0.6874498128890991,0.4626975655555725,0.7229881882667542,0.4382808804512024,0.5387551784515381,0.5443623661994934,0.6085834503173828,0.5881962776184082,0.6581981182098389,0.6132852435112,0.6986367106437683,0.4275358319282532,0.5411866903305054,0.5646573305130005,0.6066381931304932,0.5939830541610718,0.6806829571723938,0.5969110131263733,0.7247632741928101,0.4013979732990265,0.5646377205848694,0.5505551695823669,0.599839448928833,0.6203070878982544,0.6347395777702332,0.6648312211036682,0.645585834980011,0.3785214126110077,0.6048388481140137,0.4838653802871704,0.620200514793396,0.5592237710952759,0.628271222114563,0.6207082271575928,0.6251177787780762,Stop
0.161132350564003,0.6203423738479614,0.2696129083633423,0.6698735952377319,0.35600876808166504,0.6731734871864319,0.4137442409992218,0.6899543404579163,0.4620099663734436,0.7198349833488464,0.4257279932498932,0.5311622023582458,0.5377882122993469,0.5943896770477295,0.6150487065315247,0.6223219037055969,0.6775045990943909,0.6405548453330994,0.4158380627632141,0.529111921787262,0.561987578868866,0.5942107439041138,0.6267417073249817,0.6398921608924866,0.6679189205169678,0.6617202758789062,0.39164212346076965,0.555190920829773,0.5411896705627441,0.5962037444114685,0.62708979845047,0.615976095199585,0.6935368776321411,0.6146204471588135,0.3659791052341461,0.6039421558380127,0.46948087215423584,0.6223688125610352,0.5414547920227051,0.6284672617912292,0.6027059555053711,0.6274524927139282,Stop
0.15701211988925934,0.622264564037323,0.27286696434020996,0.6707136631011963,0.3540114760398865,0.6817086338996887,0.40362679958343506,0.7052829265594482,0.4521791934967041,0.7424318194389343,0.43086594343185425,0.5321197509765625,0.5319187641143799,0.6046677827835083,0.5836019515991211,0.6525434851646423,0.6206822395324707,0.6962442994117737,0.4205598533153534,0.5343031883239746,0.5719770193099976,0.590722382068634,0.6624519228935242,0.6212178468704224,0.7329024076461792,0.6337053179740906,0.39597055315971375,0.5619436502456665,0.5500091314315796,0.5956522226333618,0.6415342092514038,0.6111508011817932,0.7151429057121277,0.6066705584526062,0.3711707293987274,0.6099018454551697,0.47543132305145264,0.6230161786079407,0.5508922338485718,0.6226990222930908,0.6155964732170105,0.616722822189331,Stop
0.15481576323509216,0.6204148530960083,0.26552391052246094,0.6689327359199524,0.3494265675544739,0.6775569319725037,0.4035215675830841,0.6983914375305176,0.44433140754699707,0.7361436486244202,0.42950326204299927,0.5333952307701111,0.5435696840286255,0.6052069664001465,0.6040552854537964,0.6452793478965759,0.6482974886894226,0.6685948967933655,0.4182189702987671,0.531125545501709,0.5712162256240845,0.5966499447822571,0.632032573223114,0.6465240716934204,0.6650689840316772,0.6719678044319153,0.3911338746547699,0.5542768239974976,0.537794828414917,0.6084221601486206,0.6101707220077515,0.6478644609451294,0.6564264297485352,0.6634675860404968,0.3607584834098816,0.6006731986999512,0.462665855884552,0.6252457499504089,0.5281625986099243,0.6414372324943542,0.5780360698699951,0.6487039923667908,Stop
0.15440639853477478,0.6212164163589478,0.26422983407974243,0.6778122782707214,0.34700220823287964,0.6902282238006592,0.3995007276535034,0.7130440473556519,0.4428035318851471,0.7484808564186096,0.4322672486305237,0.5480774641036987,0.5478677153587341,0.6028839349746704,0.6224372386932373,0.6198533773422241,0.6820083856582642,0.6237866282463074,0.4196264147758484,0.5424862504005432,0.5732355117797852,0.5975518822669983,0.6456001996994019,0.62602299451828,0.6923731565475464,0.6331390142440796,0.3926783502101898,0.5596019625663757,0.5388833284378052,0.6113932132720947,0.6098698377609253,0.6418842673301697,0.6566840410232544,0.650765597820282,0.3617991805076599,0.597245991230011,0.4641316831111908,0.6215740442276001,0.5305696725845337,0.6365758776664734,0.5815472602844238,0.6437808275222778,Stop
0.1718631535768509,0.6168843507766724,0.29141098260879517,0.6280316114425659,0.38936057686805725,0.6233781576156616,0.4613494575023651,0.6246504783630371,0.5220299959182739,0.6464056968688965,0.44638392329216003,0.5383442640304565,0.5693280100822449,0.5828017592430115,0.65107661485672,0.5963894128799438,0.715749204158783,0.595032274723053,0.4302029609680176,0.538883626461029,0.5810372233390808,0.6284812092781067,0.592319905757904,0.6971045136451721,0.5689308643341064,0.7279999256134033,0.40055641531944275,0.5577535629272461,0.5454267263412476,0.6358232498168945,0.575428307056427,0.6918902397155762,0.5745691061019897,0.7176581025123596,0.36736902594566345,0.5896825194358826,0.47192415595054626,0.6251541376113892,0.5297306776046753,0.6567134261131287,0.5665967464447021,0.6736497282981873,Stop
0.15838739275932312,0.6103938817977905,0.27691754698753357,0.6624649167060852,0.35507482290267944,0.6738760471343994,0.40403032302856445,0.6979235410690308,0.44711098074913025,0.7332859039306641,0.43285974860191345,0.5194019079208374,0.5327680706977844,0.597737729549408,0.5852993726730347,0.6436406373977661,0.6244677305221558,0.6810124516487122,0.42087239027023315,0.522424042224884,0.5668670535087585,0.5803213119506836,0.6552102565765381,0.6078479290008545,0.7287368774414062,0.6161659955978394,0.3941647410392761,0.5491886734962463,0.5444927215576172,0.5796303749084473,0.631710410118103,0.5929332375526428,0.7036938667297363,0.5887065529823303,0.3669147789478302,0.5986099243164062,0.4690527319908142,0.6047590970993042,0.5418881177902222,0.6051834225654602,0.6053821444511414,0.6006363034248352,Stop
0.16190817952156067,0.6063746809959412,0.2905622720718384,0.6569976210594177,0.36767739057540894,0.6654163599014282,0.4146824777126312,0.6885494589805603,0.46658235788345337,0.7263573408126831,0.4418502449989319,0.5282536149024963,0.5395209789276123,0.5938692092895508,0.5991965532302856,0.628348708152771,0.6422660946846008,0.6666679382324219,0.4277259111404419,0.5319659113883972,0.5711946487426758,0.5721085667610168,0.6669178605079651,0.589419960975647,0.7492040395736694,0.5973983407020569,0.40136975049972534,0.5560414791107178,0.548384428024292,0.5719216465950012,0.634408712387085,0.5813318490982056,0.7058465480804443,0.5780318975448608,0.37498536705970764,0.5985124707221985,0.4735583961009979,0.6001807451248169,0.5463967323303223,0.5981409549713135,0.6110680103302002,0.5920543670654297,Stop
0.16767416894435883,0.6018479466438293,0.2929185926914215,0.6565515995025635,0.377217173576355,0.6592423915863037,0.43508946895599365,0.6746383905410767,0.4887080788612366,0.7002901434898376,0.4408482611179352,0.5209153890609741,0.5489726662635803,0.5917089581489563,0.6149449944496155,0.6204116344451904,0.6676056385040283,0.6425511240959167,0.4258307218551636,0.5179185271263123,0.5734073519706726,0.5711029767990112,0.6640926599502563,0.588449239730835,0.7415037155151367,0.5929457545280457,0.39769598841667175,0.5403525829315186,0.5539466738700867,0.568304181098938,0.6389688849449158,0.5783581137657166,0.7116690874099731,0.5751909017562866,0.3683231770992279,0.5860873460769653,0.47168993949890137,0.5934688448905945,0.543222188949585,0.5968471169471741,0.6092723608016968,0.5975090861320496,Stop
0.1573942005634308,0.6043297052383423,0.2776867151260376,0.6571795344352722,0.35636425018310547,0.664406418800354,0.4063816964626312,0.6872453093528748,0.45836642384529114,0.7225598692893982,0.4360376298427582,0.5193527340888977,0.5345781445503235,0.5886478424072266,0.5943563580513,0.6248435974121094,0.6391283273696899,0.6593289375305176,0.42490676045417786,0.5223378539085388,0.5663079619407654,0.5696366429328918,0.6582852602005005,0.5903523564338684,0.7388149499893188,0.5989004969596863,0.4017554819583893,0.5491032004356384,0.5472458600997925,0.5705755352973938,0.633690357208252,0.5786129236221313,0.7054052352905273,0.5744547247886658,0.37754741311073303,0.5973119735717773,0.4787137508392334,0.5997769832611084,0.551720380783081,0.5982266664505005,0.6162077188491821,0.5930769443511963,Stop
0.16164225339889526,0.6058753132820129,0.2834468483924866,0.6565723419189453,0.3630213141441345,0.6586176156997681,0.4169040322303772,0.675789475440979,0.470033198595047,0.7017911672592163,0.4385603964328766,0.5174202919006348,0.5423505306243896,0.582650363445282,0.6177083253860474,0.6081893444061279,0.6751869916915894,0.6322796940803528,0.42493879795074463,0.520057737827301,0.568504810333252,0.569358229637146,0.6582531929016113,0.5923835039138794,0.7357288599014282,0.6038761138916016,0.40016141533851624,0.5463435649871826,0.5464731454849243,0.5715413093566895,0.632490873336792,0.5870082974433899,0.7038047313690186,0.5906140804290771,0.37446534633636475,0.5947068333625793,0.4737957715988159,0.6020758152008057,0.54454505443573,0.6045445799827576,0.6072043776512146,0.6045150756835938,Stop
0.15890422463417053,0.6074365377426147,0.28080618381500244,0.6626899838447571,0.35927972197532654,0.6708641052246094,0.40885233879089355,0.693490743637085,0.45943719148635864,0.7263103127479553,0.4365907907485962,0.5185128450393677,0.5348421335220337,0.5833792090415955,0.5916908979415894,0.6226413249969482,0.6362547874450684,0.6598603129386902,0.4256837069988251,0.5205376148223877,0.5700387358665466,0.569114625453949,0.6665208339691162,0.5887846350669861,0.7521923780441284,0.5957345366477966,0.4018353223800659,0.547141969203949,0.5483654141426086,0.5700556039810181,0.6366246938705444,0.5805824995040894,0.7108844518661499,0.5776762962341309,0.376471608877182,0.5957642793655396,0.47680240869522095,0.5999988913536072,0.5489137172698975,0.5998192429542542,0.6130928993225098,0.5951219797134399,Stop
0.1649312824010849,0.6082719564437866,0.2845408320426941,0.663753867149353,0.3624357283115387,0.6728165149688721,0.4122607409954071,0.6948790550231934,0.4627980887889862,0.7275245189666748,0.4422261714935303,0.527809739112854,0.5428812503814697,0.5870466828346252,0.6106339693069458,0.6123800277709961,0.6625053882598877,0.634620726108551,0.42925986647605896,0.530198872089386,0.5745201110839844,0.5769590735435486,0.6636053323745728,0.5964382290840149,0.7400755882263184,0.6006426215171814,0.40469101071357727,0.5542256236076355,0.5521601438522339,0.5781728029251099,0.6387198567390442,0.5881117582321167,0.7094478607177734,0.5828452706336975,0.37987950444221497,0.5980042219161987,0.4784248471260071,0.6043149828910828,0.5500040650367737,0.6039659976959229,0.6125805377960205,0.5994815826416016,Stop
0.16575086116790771,0.6046770215034485,0.29014861583709717,0.669442892074585,0.365670382976532,0.6820027828216553,0.40769028663635254,0.7096173763275146,0.45176610350608826,0.7485260367393494,0.44528383016586304,0.5275783538818359,0.547327995300293,0.5967399477958679,0.608806848526001,0.6312564611434937,0.6545795202255249,0.6601980924606323,0.4287985563278198,0.527168869972229,0.5739338397979736,0.5753185749053955,0.6616196632385254,0.5962907671928406,0.7369248867034912,0.6023732423782349,0.40030983090400696,0.5481708645820618,0.5495645999908447,0.5720654726028442,0.635389506816864,0.5835863947868347,0.7076883316040039,0.5803351998329163,0.37230706214904785,0.5904708504676819,0.4697330594062805,0.5997422933578491,0.540197491645813,0.605009138584137,0.6035701036453247,0.6062519550323486,Stop
0.17120587825775146,0.605832576751709,0.29768967628479004,0.660934567451477,0.3793948292732239,0.6659978628158569,0.43052709102630615,0.6842150092124939,0.48371416330337524,0.7162518501281738,0.4515269994735718,0.5265672206878662,0.5565485954284668,0.5942102074623108,0.6229813098907471,0.6223713755607605,0.6717978715896606,0.6452476978302002,0.4359331727027893,0.5266187191009521,0.5729168057441711,0.5864590406417847,0.6450042724609375,0.6245709657669067,0.7030509114265442,0.6446139812469482,0.40950828790664673,0.5474339127540588,0.5562570095062256,0.5762248635292053,0.6384106874465942,0.5942153334617615,0.7060596942901611,0.5962668061256409,0.38569745421409607,0.5874494910240173,0.48404067754745483,0.5964236855506897,0.5564624071121216,0.6012524962425232,0.6211657524108887,0.6011391878128052,Stop
0.16773071885108948,0.6018877029418945,0.2958168089389801,0.6619558930397034,0.37586459517478943,0.6663447022438049,0.42937612533569336,0.684678852558136,0.4804733991622925,0.7143303751945496,0.44095513224601746,0.5213704109191895,0.5406656265258789,0.5895789265632629,0.6116530895233154,0.6214898824691772,0.6688284873962402,0.647728443145752,0.42634737491607666,0.5207226276397705,0.5679615139961243,0.5730013251304626,0.664629340171814,0.5938466191291809,0.7508776187896729,0.6015909314155579,0.39941051602363586,0.5439385175704956,0.5439491271972656,0.5717602968215942,0.6301528811454773,0.586742639541626,0.704409122467041,0.5900453925132751,0.37058407068252563,0.5920000076293945,0.46808120608329773,0.6013473868370056,0.5372089147567749,0.60807204246521,0.6002961993217468,0.6128865480422974,Stop
0.16715645790100098,0.6031889915466309,0.2919798791408539,0.6632088422775269,0.37265118956565857,0.6675611734390259,0.42712128162384033,0.6843825578689575,0.4779432415962219,0.7098022699356079,0.4380233585834503,0.5178382396697998,0.5435528755187988,0.5792520046234131,0.6210030317306519,0.6051247119903564,0.6844052076339722,0.6253860592842102,0.42488113045692444,0.515835165977478,0.5666027069091797,0.5688419938087463,0.6617895364761353,0.5924876928329468,0.7449989318847656,0.6031171083450317,0.3991442024707794,0.5397151112556458,0.5443543195724487,0.5701411962509155,0.6305160522460938,0.5857462286949158,0.7039079070091248,0.5886083245277405,0.37099891901016235,0.5892298817634583,0.47042614221572876,0.5984222292900085,0.539481520652771,0.6041234135627747,0.6016562581062317,0.6077118515968323,Stop
0.16853894293308258,0.6043628454208374,0.30031734704971313,0.6664992570877075,0.38110506534576416,0.6728065013885498,0.4332321584224701,0.6904990673065186,0.4834393262863159,0.7161225080490112,0.4404914081096649,0.5140257477760315,0.541353166103363,0.5795826315879822,0.6061381697654724,0.6147428154945374,0.6592965126037598,0.6444031000137329,0.4253474175930023,0.5140870809555054,0.5700387954711914,0.5683866143226624,0.6684374809265137,0.5904014706611633,0.7553764581680298,0.5987732410430908,0.39722082018852234,0.540793776512146,0.5445454120635986,0.5710259079933167,0.6341298222541809,0.5852259397506714,0.7106769680976868,0.5858611464500427,0.3677031099796295,0.5926093459129333,0.4684258699417114,0.599800169467926,0.5402187705039978,0.6039367318153381,0.6048499941825867,0.6071414947509766,Stop
0.17432966828346252,0.6067834496498108,0.30971577763557434,0.66142737865448,0.39045068621635437,0.6681532263755798,0.4412880539894104,0.6873810291290283,0.4944899380207062,0.7161577343940735,0.45007020235061646,0.5191582441329956,0.5452350974082947,0.5882809162139893,0.5979695916175842,0.629854679107666,0.6379880309104919,0.6698366403579712,0.4341204762458801,0.5218467116355896,0.5747675895690918,0.5708488821983337,0.671066164970398,0.5906264781951904,0.7553903460502625,0.5974875688552856,0.4056136906147003,0.549275815486908,0.5478833913803101,0.5736376643180847,0.6371179223060608,0.5852168798446655,0.713992178440094,0.581807553768158,0.37740659713745117,0.597583532333374,0.4744810163974762,0.6023801565170288,0.5469117164611816,0.6024364829063416,0.6124564409255981,0.5982344150543213,Stop
0.17144154012203217,0.6007574796676636,0.30812039971351624,0.6588693261146545,0.38927969336509705,0.6639120578765869,0.44050002098083496,0.6830301880836487,0.49540263414382935,0.7082312703132629,0.45191434025764465,0.5242598056793213,0.5471203923225403,0.5887402892112732,0.6206779479980469,0.614347517490387,0.6794520616531372,0.6390008926391602,0.43350064754486084,0.5241015553474426,0.5686415433883667,0.5695350170135498,0.6630624532699585,0.586397647857666,0.7484617233276367,0.5909351110458374,0.4055306315422058,0.5470418930053711,0.5422468781471252,0.5723580718040466,0.6277197003364563,0.5864753127098083,0.7021874189376831,0.5870847702026367,0.37757742404937744,0.5918261408805847,0.4715004861354828,0.6016014218330383,0.5407770276069641,0.6070176362991333,0.6038163304328918,0.6078506112098694,Stop
0.17090794444084167,0.5993331074714661,0.30016395449638367,0.6583348512649536,0.3836972117424011,0.6576343178749084,0.43945980072021484,0.6696562170982361,0.4937713146209717,0.6840108036994934,0.4438224136829376,0.5169275999069214,0.5520085096359253,0.5771544575691223,0.6311576962471008,0.6005587577819824,0.693662166595459,0.6200665831565857,0.4273124039173126,0.514700710773468,0.5639045238494873,0.5683801174163818,0.6471214294433594,0.5988502502441406,0.7181887030601501,0.6170502305030823,0.3992340862751007,0.5380150079727173,0.5404921174049377,0.5675188302993774,0.624496340751648,0.5870422124862671,0.6957335472106934,0.5959317684173584,0.36958175897598267,0.5867648720741272,0.46715226769447327,0.5978387594223022,0.5358687043190002,0.6072420477867126,0.5975602865219116,0.615155816078186,Stop
0.16233418881893158,0.6002216935157776,0.2858083248138428,0.6624376177787781,0.3657594621181488,0.6694408655166626,0.4188458323478699,0.6899417638778687,0.4675822854042053,0.7160744667053223,0.4317207336425781,0.5100458860397339,0.5375726819038391,0.5734075307846069,0.6123093962669373,0.603515625,0.6748110055923462,0.6287252306938171,0.42027419805526733,0.5091439485549927,0.5652951002120972,0.5623160004615784,0.664130687713623,0.5840263366699219,0.7533517479896545,0.5939785242080688,0.39639395475387573,0.5359245538711548,0.5451574325561523,0.5679776072502136,0.6353833079338074,0.5836582183837891,0.7119255065917969,0.5871038436889648,0.3699435293674469,0.5902606248855591,0.47018498182296753,0.5993961095809937,0.5396900177001953,0.6023930907249451,0.6023021936416626,0.6038699746131897,Stop
0.16022571921348572,0.6039043664932251,0.2887859642505646,0.6583973169326782,0.36997050046920776,0.6667486429214478,0.42115557193756104,0.687654435634613,0.4744053781032562,0.7173737287521362,0.43679094314575195,0.5147526264190674,0.5369440317153931,0.5785161256790161,0.5964897274971008,0.6166097521781921,0.6423641443252563,0.6534025073051453,0.4240650534629822,0.5176243782043457,0.5686717629432678,0.5670273303985596,0.6662454605102539,0.5881092548370361,0.7509573698043823,0.5966717004776001,0.39870142936706543,0.5453123450279236,0.5465129017829895,0.5704066753387451,0.638960063457489,0.5817902088165283,0.7168195843696594,0.5793399214744568,0.37264829874038696,0.595166027545929,0.47312742471694946,0.6000818610191345,0.5465342998504639,0.6000481247901917,0.6118612289428711,0.5973798036575317,Stop
0.15955737233161926,0.6052755117416382,0.29096513986587524,0.6585237383842468,0.37323620915412903,0.6620523929595947,0.42784935235977173,0.6792824268341064,0.48317357897758484,0.7087695598602295,0.43774092197418213,0.5247966051101685,0.5360872149467468,0.5914401412010193,0.5962880849838257,0.627037525177002,0.6421576142311096,0.6584939956665039,0.4242768883705139,0.5262940526008606,0.5665092468261719,0.5737797021865845,0.6600091457366943,0.5923988223075867,0.7402938008308411,0.5973244905471802,0.39823952317237854,0.5497608184814453,0.5445797443389893,0.5758426785469055,0.6324688196182251,0.5853050947189331,0.7060285806655884,0.5795294046401978,0.37163183093070984,0.5941337943077087,0.4709915220737457,0.6034718155860901,0.5429794192314148,0.6051173806190491,0.6070979833602905,0.6023115515708923,Stop
0.1690024584531784,0.605438232421875,0.2960452139377594,0.6586505770683289,0.3757690191268921,0.6613323092460632,0.42601439356803894,0.6782136559486389,0.4795115292072296,0.7012749910354614,0.44615328311920166,0.5202885866165161,0.5506496429443359,0.5828198790550232,0.6285021901130676,0.6057326793670654,0.6883797645568848,0.6269730925559998,0.4284670054912567,0.5239494442939758,0.5671528577804565,0.5728722810745239,0.650299072265625,0.6008792519569397,0.7228737473487854,0.6168753504753113,0.40011024475097656,0.5498725175857544,0.5413181781768799,0.5742349624633789,0.6277844905853271,0.5928889513015747,0.7005388736724854,0.5996568202972412,0.37222787737846375,0.5979052186012268,0.468319296836853,0.6061663627624512,0.5384689569473267,0.6113694310188293,0.6009269952774048,0.6144235134124756,Stop
0.16634659469127655,0.6030727028846741,0.29504966735839844,0.6589956879615784,0.37613770365715027,0.6658349633216858,0.4280242323875427,0.6849196553230286,0.48171886801719666,0.7129473686218262,0.4421314001083374,0.5185763835906982,0.5372061729431152,0.5905298590660095,0.5971614718437195,0.629426896572113,0.6429879069328308,0.6643799543380737,0.4289361238479614,0.5189213752746582,0.5670109987258911,0.5735418200492859,0.6618243455886841,0.5968030095100403,0.7444248199462891,0.6075317859649658,0.40309402346611023,0.5441994667053223,0.5463528633117676,0.5740103721618652,0.6356149911880493,0.5903021097183228,0.7123594284057617,0.5931430459022522,0.37714895606040955,0.5930843353271484,0.4762789309024811,0.6010987162590027,0.5484328866004944,0.6034603118896484,0.6135469079017639,0.6035637855529785,Stop
0.17064544558525085,0.6052449941635132,0.30176952481269836,0.6603749394416809,0.3817458152770996,0.6673800945281982,0.4316307604312897,0.6867037415504456,0.48560136556625366,0.7126826643943787,0.4472547173500061,0.5210171341896057,0.5435804724693298,0.5903977155685425,0.6019858121871948,0.629694402217865,0.644753098487854,0.6687545776367188,0.43263450264930725,0.5227059721946716,0.5725406408309937,0.5747255086898804,0.6672157049179077,0.5976332426071167,0.748660147190094,0.6098312735557556,0.4054703712463379,0.5481076836585999,0.5483487844467163,0.576971173286438,0.6379966735839844,0.5925272107124329,0.7141693830490112,0.59505295753479,0.378531277179718,0.5957394242286682,0.4762986898422241,0.60267174243927,0.5487455129623413,0.6040517687797546,0.6137894988059998,0.6031200289726257,Stop
0.16904598474502563,0.6063467860221863,0.29991859197616577,0.6652914881706238,0.3772764205932617,0.6778298020362854,0.4209740161895752,0.70237797498703,0.4662633538246155,0.736897349357605,0.45046648383140564,0.5281574130058289,0.5459873676300049,0.5974531173706055,0.5944972038269043,0.639557957649231,0.6291502118110657,0.6798682808876038,0.4347706735134125,0.5315414071083069,0.5753785967826843,0.5811693072319031,0.6674332618713379,0.6028035879135132,0.746566653251648,0.6103302836418152,0.4059586822986603,0.5564247369766235,0.5487547516822815,0.5815304517745972,0.6361702680587769,0.5914093852043152,0.7097789645195007,0.5860896706581116,0.37820950150489807,0.6012597680091858,0.4752398431301117,0.6055296063423157,0.548505425453186,0.6045605540275574,0.6139568090438843,0.5994116067886353,Stop
0.17427487671375275,0.6025641560554504,0.30516552925109863,0.6643555760383606,0.385651171207428,0.6726321578025818,0.4355211853981018,0.6949937343597412,0.4869801104068756,0.7232781052589417,0.4536084234714508,0.5312647223472595,0.5556678771972656,0.5975120067596436,0.6252838373184204,0.622972309589386,0.6795729398727417,0.6433467864990234,0.4365553855895996,0.5285536646842957,0.5805865526199341,0.5787393450737,0.6712273359298706,0.5974926352500916,0.7497944831848145,0.6020326614379883,0.4086602032184601,0.5485854148864746,0.5554986000061035,0.5760231614112854,0.6409571170806885,0.5892554521560669,0.7135127782821655,0.5875430703163147,0.3804303705692291,0.5914070010185242,0.47828131914138794,0.6037278175354004,0.5498271584510803,0.6084981560707092,0.6140789985656738,0.6085831522941589,Stop
0.17726017534732819,0.602773129940033,0.3077765107154846,0.6655887961387634,0.39540016651153564,0.6725170612335205,0.44578036665916443,0.6887056231498718,0.5000931620597839,0.7148745059967041,0.4578043520450592,0.5357997417449951,0.563379168510437,0.5870272517204285,0.6359233856201172,0.6044421792030334,0.692139208316803,0.6194940209388733,0.43562865257263184,0.5330139994621277,0.5691341757774353,0.5899250507354736,0.6251518130302429,0.6377163529396057,0.6660621762275696,0.665841281414032,0.40129661560058594,0.552035927772522,0.5435883402824402,0.5749515891075134,0.6300795674324036,0.5873364210128784,0.7027002573013306,0.5843604207038879,0.3676498532295227,0.5906786322593689,0.4668007791042328,0.5999378561973572,0.5397868156433105,0.6079246997833252,0.6045453548431396,0.610109806060791,Stop
0.185467928647995,0.5978366732597351,0.30870139598846436,0.6540801525115967,0.3897683918476105,0.6555627584457397,0.4430798292160034,0.6680811643600464,0.496361643075943,0.691183865070343,0.45004037022590637,0.5214851498603821,0.5567677617073059,0.5812876224517822,0.6334819793701172,0.6019407510757446,0.6944581270217896,0.6189253926277161,0.43297916650772095,0.5181668996810913,0.57380610704422,0.5711233615875244,0.6603460311889648,0.5958583354949951,0.7331209778785706,0.60814368724823,0.40384039282798767,0.5406064987182617,0.5498055219650269,0.5699754953384399,0.6335717439651489,0.5848607420921326,0.7037466764450073,0.5886706113815308,0.3745881915092468,0.5879691243171692,0.47158879041671753,0.599800169467926,0.5401918888092041,0.6083149313926697,0.602172315120697,0.6146968007087708,Stop
0.17154063284397125,0.600993812084198,0.30155718326568604,0.6539620757102966,0.38216739892959595,0.6622657775878906,0.4323987066745758,0.6847252249717712,0.48053833842277527,0.7176068425178528,0.441280722618103,0.5093324780464172,0.5365750193595886,0.5811925530433655,0.596093475818634,0.6221773028373718,0.6437909007072449,0.6600834727287292,0.4246663451194763,0.5132251381874084,0.564822256565094,0.5669164061546326,0.6605322957038879,0.5886073708534241,0.7450368404388428,0.5956103801727295,0.3960990905761719,0.5438101887702942,0.5388785600662231,0.571790874004364,0.6259117126464844,0.5842850804328918,0.7013833522796631,0.5824906826019287,0.3681107759475708,0.5970035791397095,0.46613436937332153,0.6010763645172119,0.5357314944267273,0.6031277775764465,0.5985078811645508,0.6025426387786865,Stop
0.1722428798675537,0.5991746783256531,0.3030834496021271,0.6483908891677856,0.3880976140499115,0.6533629894256592,0.4451034963130951,0.6713083386421204,0.49893710017204285,0.6957823038101196,0.4415736198425293,0.511785626411438,0.5419565439224243,0.5780677199363708,0.6132184863090515,0.6085833311080933,0.6731835603713989,0.6360300779342651,0.42553281784057617,0.5127676725387573,0.5663984417915344,0.5645073652267456,0.6666079163551331,0.5832295417785645,0.7561748027801514,0.5899275541305542,0.3965313732624054,0.540691614151001,0.5428400635719299,0.5682554841041565,0.631308376789093,0.5813697576522827,0.7087782621383667,0.5819244980812073,0.36753126978874207,0.5938414931297302,0.46730315685272217,0.5989879965782166,0.5361769795417786,0.6008778214454651,0.5999373197555542,0.6012269854545593,Stop
0.1665554642677307,0.5976896286010742,0.2894177734851837,0.6487650275230408,0.3661099076271057,0.6572790741920471,0.41635748744010925,0.6789945363998413,0.46399542689323425,0.7099677324295044,0.435615599155426,0.5067564845085144,0.5363790988922119,0.5796313285827637,0.5878682136535645,0.6272125244140625,0.6284223794937134,0.6712806224822998,0.42463308572769165,0.5099021792411804,0.5694234371185303,0.5636031031608582,0.6653831601142883,0.5877427458763123,0.7494333982467651,0.600134551525116,0.39990973472595215,0.5392420887947083,0.5494466423988342,0.5668460726737976,0.636909008026123,0.579189121723175,0.7101917266845703,0.5800822377204895,0.37500160932540894,0.5942739844322205,0.47487276792526245,0.5986905694007874,0.5453487038612366,0.5993751883506775,0.6089980602264404,0.5984160304069519,Stop
0.16901260614395142,0.6052862405776978,0.2964148223400116,0.6586152911186218,0.3765641450881958,0.6674567461013794,0.42713090777397156,0.6879866719245911,0.4776594638824463,0.7161852717399597,0.44415777921676636,0.5120649337768555,0.5439046621322632,0.5797374248504639,0.6040709018707275,0.6162665486335754,0.6515735387802124,0.6497819423675537,0.4303619861602783,0.5143373608589172,0.5735688209533691,0.5703856945037842,0.6678506135940552,0.5929591655731201,0.7487065196037292,0.6008328199386597,0.40376076102256775,0.5431346297264099,0.5523189306259155,0.5738508701324463,0.6423926949501038,0.5857162475585938,0.7177342772483826,0.5822993516921997,0.37751081585884094,0.595280110836029,0.4787382185459137,0.6025089025497437,0.5522947311401367,0.6025568246841431,0.6176801323890686,0.5988574624061584,Stop
0.16942495107650757,0.6054294109344482,0.29619237780570984,0.6599911451339722,0.3764883577823639,0.6694090366363525,0.4234961271286011,0.6923734545707703,0.47150444984436035,0.7260727286338806,0.45022451877593994,0.522594690322876,0.550571084022522,0.5847387313842773,0.6170512437820435,0.6125526428222656,0.6679242253303528,0.6391088366508484,0.4337437152862549,0.5246171355247498,0.5743004083633423,0.5757396221160889,0.6611056327819824,0.6029254198074341,0.7336114645004272,0.613487720489502,0.4044560492038727,0.5508858561515808,0.5484539866447449,0.5755266547203064,0.6365808844566345,0.5888978242874146,0.7089256644248962,0.5862072110176086,0.3750743865966797,0.5982509851455688,0.4760652482509613,0.604817807674408,0.5502782464027405,0.6061570048332214,0.6147230863571167,0.6010312438011169,Stop
0.1651390790939331,0.6051498055458069,0.2920382022857666,0.6652641296386719,0.36989134550094604,0.6809164881706238,0.41552087664604187,0.7092782258987427,0.4621257781982422,0.7466909885406494,0.44303980469703674,0.528936505317688,0.5408134460449219,0.5974042415618896,0.6017330288887024,0.6335171461105347,0.6485565304756165,0.6667930483818054,0.4264925420284271,0.5310631394386292,0.5707724094390869,0.5794510841369629,0.664560079574585,0.6010974645614624,0.7467519044876099,0.6081211566925049,0.39782530069351196,0.555972158908844,0.5441792607307434,0.5810131430625916,0.6312820911407471,0.5939696431159973,0.7052750587463379,0.5914462804794312,0.36930614709854126,0.6031240224838257,0.4663756489753723,0.6092683672904968,0.5379689931869507,0.6108232736587524,0.6020069718360901,0.6080396175384521,Stop
0.17107927799224854,0.6009920835494995,0.2953590750694275,0.6459918022155762,0.37761691212654114,0.6471312642097473,0.4311037063598633,0.6627209186553955,0.48513782024383545,0.6912274360656738,0.4468356966972351,0.523372232913971,0.5492302179336548,0.5920171737670898,0.6189818978309631,0.6204062104225159,0.6721527576446533,0.6465097665786743,0.4313635528087616,0.5244188904762268,0.5742784738540649,0.5770130753517151,0.6609578728675842,0.6039681434631348,0.7343117594718933,0.6173363327980042,0.40522289276123047,0.5461822748184204,0.5536186695098877,0.5727601051330566,0.6386867761611938,0.5874863862991333,0.7099769115447998,0.588726282119751,0.3801039159297943,0.5887932181358337,0.4790695607662201,0.5993716716766357,0.5510140657424927,0.6048459410667419,0.6154097318649292,0.6051581501960754,Stop
0.16892147064208984,0.6094104647636414,0.2962067127227783,0.6620369553565979,0.3759482502937317,0.6700035929679871,0.42274314165115356,0.6920444965362549,0.47425442934036255,0.7248330116271973,0.4480956792831421,0.523835301399231,0.5387310981750488,0.5960331559181213,0.5717825889587402,0.6455215215682983,0.5936676263809204,0.6918438673019409,0.4340082108974457,0.5292923450469971,0.5717235803604126,0.5831651091575623,0.6539267897605896,0.6120588779449463,0.7220498919487,0.6241433620452881,0.40597230195999146,0.558447539806366,0.5505204200744629,0.5822123289108276,0.6402310132980347,0.5909488201141357,0.7139850854873657,0.5829874873161316,0.3794404864311218,0.6082026958465576,0.47923946380615234,0.6112915873527527,0.5545989274978638,0.6082226037979126,0.6200599074363708,0.5996783375740051,Stop
0.16514970362186432,0.6044431924819946,0.2932760417461395,0.6644574403762817,0.3712576925754547,0.6766396760940552,0.4193607270717621,0.7021710872650146,0.46777281165122986,0.7356197834014893,0.44189441204071045,0.5276895761489868,0.536733865737915,0.600113570690155,0.5826342105865479,0.6472392678260803,0.616083562374115,0.6892436742782593,0.4277153015136719,0.5298203825950623,0.5720921158790588,0.5797697901725769,0.6645009517669678,0.6006752848625183,0.7434114217758179,0.6073112487792969,0.39954882860183716,0.5544517636299133,0.5464271306991577,0.5820611715316772,0.633174479007721,0.5935025215148926,0.7058517932891846,0.5897979736328125,0.37045127153396606,0.600831925868988,0.469221293926239,0.6093171238899231,0.5413063764572144,0.6123952865600586,0.6052759885787964,0.6118983626365662,Stop
0.16802261769771576,0.6022157073020935,0.29522669315338135,0.6455926895141602,0.37880223989486694,0.6469863057136536,0.4329020380973816,0.6603600978851318,0.48731815814971924,0.6848906874656677,0.4440930187702179,0.5292219519615173,0.5513796210289001,0.5875859260559082,0.627936601638794,0.6069744229316711,0.6875998973846436,0.6256897449493408,0.4269002079963684,0.5293408632278442,0.5712068676948547,0.577965497970581,0.6592916250228882,0.601978063583374,0.7332991361618042,0.6136533617973328,0.39890018105506897,0.5495049357414246,0.547336220741272,0.5745851397514343,0.6325146555900574,0.5878769755363464,0.7039534449577332,0.5894209742546082,0.3707015812397003,0.5909358859062195,0.46990513801574707,0.6012738347053528,0.5410001277923584,0.6079246401786804,0.6044777035713196,0.6110649704933167,Stop
0.16654112935066223,0.6055986881256104,0.2901638150215149,0.6627839207649231,0.36907339096069336,0.6747649312019348,0.41700559854507446,0.6975905895233154,0.4638866186141968,0.73143470287323,0.43809399008750916,0.5188506245613098,0.5382412075996399,0.5938670635223389,0.5854067802429199,0.6399722099304199,0.6200025081634521,0.6807717680931091,0.4222891926765442,0.5220780372619629,0.56376713514328,0.5785732269287109,0.6465082168579102,0.6085556745529175,0.7158446311950684,0.6216861605644226,0.39207109808921814,0.5516154766082764,0.5396144986152649,0.5759100317955017,0.6298595666885376,0.587343692779541,0.705615758895874,0.5838685035705566,0.36320051550865173,0.6052075624465942,0.4620676636695862,0.6089106202125549,0.5354493856430054,0.6083906292915344,0.6008747816085815,0.6043784618377686,Stop
0.17354167997837067,0.6020493507385254,0.29268357157707214,0.6467470526695251,0.3734384775161743,0.6496855616569519,0.4291011393070221,0.6640362739562988,0.47966018319129944,0.6899842023849487,0.4389028549194336,0.5207359194755554,0.5415912866592407,0.5836302638053894,0.6165775060653687,0.60813307762146,0.676655113697052,0.6293542385101318,0.42567047476768494,0.5223703384399414,0.5708727240562439,0.5740615725517273,0.6659750938415527,0.595220148563385,0.7469481229782104,0.6022502183914185,0.4008709192276001,0.5463758707046509,0.5476434826850891,0.5787824392318726,0.6322312355041504,0.5936769843101501,0.7029409408569336,0.5940945148468018,0.37479785084724426,0.5933415293693542,0.47227343916893005,0.6056544184684753,0.5410811305046082,0.6100290417671204,0.6024103760719299,0.61028653383255,Stop
0.16760453581809998,0.6029354333877563,0.29003942012786865,0.6525550484657288,0.37177038192749023,0.6574133038520813,0.422444611787796,0.6739649176597595,0.4749886691570282,0.6939066648483276,0.43772760033607483,0.5207100510597229,0.5483856201171875,0.5712711811065674,0.6305743455886841,0.5887107849121094,0.6952174305915833,0.6056584119796753,0.42243286967277527,0.5215491056442261,0.5583693981170654,0.5677555203437805,0.6390348076820374,0.5962527394294739,0.7055379152297974,0.612517774105072,0.3946283161640167,0.545833170413971,0.5303136110305786,0.5715242624282837,0.6159998178482056,0.5885283946990967,0.6866127848625183,0.5951083302497864,0.3655332326889038,0.5947746634483337,0.4618757963180542,0.6045336127281189,0.5316762924194336,0.6128761768341064,0.5925694108009338,0.6186204552650452,Stop
0.16074204444885254,0.5989914536476135,0.2755264639854431,0.6481586694717407,0.35543549060821533,0.653805673122406,0.4072590172290802,0.6751211881637573,0.44968733191490173,0.707655131816864,0.4284379482269287,0.5076844096183777,0.5391319990158081,0.5653266310691833,0.6187694668769836,0.5910807251930237,0.6827080249786377,0.6134226322174072,0.41582974791526794,0.5114281177520752,0.5569881796836853,0.5631027221679688,0.6481350660324097,0.590248703956604,0.7264519929885864,0.6058077216148376,0.3913594186306,0.5396673083305359,0.5336368680000305,0.5695508718490601,0.6198303699493408,0.5881451964378357,0.6919241547584534,0.59764164686203,0.3638404309749603,0.5946970582008362,0.46158367395401,0.6055319905281067,0.528445839881897,0.6141958832740784,0.5873715877532959,0.6225836277008057,Stop
0.15584181249141693,0.5995849967002869,0.2746412754058838,0.6515355706214905,0.35389721393585205,0.6635986566543579,0.4022178649902344,0.6920087933540344,0.44952258467674255,0.7347443699836731,0.43099382519721985,0.5155781507492065,0.5346674919128418,0.5773157477378845,0.6089462637901306,0.6025866866111755,0.668612003326416,0.6290256977081299,0.41800621151924133,0.5174665451049805,0.5608649849891663,0.5663582682609558,0.6572853326797485,0.5880074501037598,0.7419708371162415,0.5986722111701965,0.39354225993156433,0.5454733371734619,0.5407982468605042,0.5699393153190613,0.6299697160720825,0.5848582983016968,0.7054541110992432,0.5875058174133301,0.3682979345321655,0.5971003174781799,0.46868255734443665,0.6022589802742004,0.5398922562599182,0.6037811040878296,0.603320837020874,0.6030960083007812,Stop
0.15670283138751984,0.6017590761184692,0.27842310070991516,0.6557000875473022,0.35576364398002625,0.6686275601387024,0.40514111518859863,0.69574373960495,0.4514337182044983,0.734579861164093,0.43041878938674927,0.5183588266372681,0.5322561860084534,0.5840994715690613,0.5985010862350464,0.6152591109275818,0.6516979336738586,0.6437323093414307,0.41630467772483826,0.5207542181015015,0.5597980618476868,0.5711780190467834,0.6545558571815491,0.5905054807662964,0.7380874156951904,0.5977774858474731,0.3899027705192566,0.5482840538024902,0.5377354621887207,0.5736580491065979,0.6250766515731812,0.5842093229293823,0.6997600793838501,0.5819247364997864,0.36338597536087036,0.5990739464759827,0.4635605812072754,0.6055734157562256,0.533937394618988,0.6062525510787964,0.5978490710258484,0.6036868691444397,Stop
0.15559670329093933,0.6013278365135193,0.2761254906654358,0.6492028832435608,0.35482725501060486,0.6553372144699097,0.40705612301826477,0.6769447922706604,0.4535277485847473,0.7102980613708496,0.42905616760253906,0.5136423707008362,0.5313327312469482,0.5848966836929321,0.5974471569061279,0.6226834058761597,0.6495230197906494,0.6580700874328613,0.4177256226539612,0.5159172415733337,0.5621533393859863,0.5683485865592957,0.6594806909561157,0.5905035138130188,0.7443549633026123,0.6010405421257019,0.39346253871917725,0.5435284376144409,0.5418498516082764,0.570002555847168,0.6288055181503296,0.5833734273910522,0.7027305364608765,0.584739625453949,0.3688247799873352,0.596153199672699,0.46918970346450806,0.6029762625694275,0.5388640761375427,0.6035918593406677,0.6016814708709717,0.6015282273292542,Stop
0.153714120388031,0.6030114889144897,0.2766120433807373,0.6555120348930359,0.36004236340522766,0.6639512181282043,0.4162735641002655,0.6857245564460754,0.4707069993019104,0.7162002921104431,0.4260030686855316,0.517062246799469,0.5338877439498901,0.5769083499908447,0.6060195565223694,0.6044307947158813,0.6654746532440186,0.6306660771369934,0.41253477334976196,0.5172410011291504,0.5578593611717224,0.5663111805915833,0.6523717045783997,0.5883111953735352,0.7356337308883667,0.5995372533798218,0.38719022274017334,0.5443650484085083,0.5372602939605713,0.5685064196586609,0.6267173886299133,0.5802637338638306,0.7025414705276489,0.5803934931755066,0.3609764277935028,0.5961124897003174,0.46272459626197815,0.6025684475898743,0.5343358516693115,0.6056104898452759,0.5991100072860718,0.6058940887451172,Stop
0.1544942706823349,0.6028050184249878,0.27731582522392273,0.6505837440490723,0.3536822199821472,0.6640428304672241,0.39951032400131226,0.6916778683662415,0.44629091024398804,0.7289892435073853,0.42970508337020874,0.515223503112793,0.5269451141357422,0.5872377157211304,0.5698528289794922,0.6365629434585571,0.6009756326675415,0.6856870651245117,0.4182894229888916,0.5216206908226013,0.5633536577224731,0.5701227784156799,0.6577879786491394,0.5899581909179688,0.7403972148895264,0.5993375182151794,0.39357873797416687,0.551501452922821,0.5418211221694946,0.5735397338867188,0.6299932599067688,0.5841809511184692,0.7039358615875244,0.5825395584106445,0.3696815073490143,0.6032803058624268,0.4715680480003357,0.6064721345901489,0.5434938669204712,0.6059800386428833,0.6072090864181519,0.6014335751533508,Stop
0.153361976146698,0.6068825721740723,0.2731524705886841,0.656634509563446,0.3532097339630127,0.6654800772666931,0.4037708640098572,0.6901819109916687,0.4531366229057312,0.7302145957946777,0.427081435918808,0.5182459354400635,0.5321334600448608,0.5837912559509277,0.6007182598114014,0.6153119206428528,0.6555479168891907,0.64420086145401,0.4150105118751526,0.5228978395462036,0.5579046010971069,0.5716583728790283,0.647789716720581,0.5951067209243774,0.7249844074249268,0.6058216691017151,0.39197856187820435,0.5515393614768982,0.5389718413352966,0.5729362368583679,0.6291863322257996,0.5826532244682312,0.7048892974853516,0.5787298083305359,0.3698728680610657,0.6021339893341064,0.47062259912490845,0.6069269180297852,0.5433977842330933,0.605763852596283,0.6082232594490051,0.600675642490387,Stop
0.15489988029003143,0.6056494116783142,0.27694153785705566,0.6551949381828308,0.35651257634162903,0.6605809926986694,0.41234415769577026,0.6812957525253296,0.4639149308204651,0.7144684195518494,0.4275124669075012,0.5146092176437378,0.5270389914512634,0.5903428196907043,0.5816049575805664,0.632627010345459,0.6241363286972046,0.6683883666992188,0.4169784486293793,0.518524706363678,0.5609211921691895,0.5729581713676453,0.6555997729301453,0.5953156352043152,0.7382038235664368,0.6056616306304932,0.39345893263816833,0.547548770904541,0.5434995889663696,0.5768264532089233,0.631186842918396,0.5866826772689819,0.7057495713233948,0.5830024480819702,0.3687695562839508,0.6004557609558105,0.46906036138534546,0.6088885068893433,0.5394930839538574,0.6092690825462341,0.6034111380577087,0.6069432497024536,Stop
0.16424205899238586,0.6083312034606934,0.2813767194747925,0.6613808870315552,0.3584103286266327,0.673937976360321,0.4058817923069,0.697568416595459,0.454983115196228,0.7356373071670532,0.43714380264282227,0.5219312906265259,0.5361578464508057,0.5910026431083679,0.581214189529419,0.6350279450416565,0.6142578125,0.676456093788147,0.4251611828804016,0.5262129306793213,0.5700803995132446,0.5812737941741943,0.6533828973770142,0.6123564839363098,0.7210609316825867,0.627109944820404,0.39981240034103394,0.5566470623016357,0.5527260899543762,0.5821011066436768,0.646950364112854,0.5927003026008606,0.7249683737754822,0.586462140083313,0.37680068612098694,0.6082216501235962,0.4808747172355652,0.6128268241882324,0.5571309328079224,0.6113044023513794,0.6237832903862,0.6039607524871826,Stop
0.15856093168258667,0.6108779907226562,0.28569868206977844,0.6614734530448914,0.37117236852645874,0.6706602573394775,0.42764154076576233,0.6917789578437805,0.48034584522247314,0.7248694896697998,0.43242791295051575,0.523322343826294,0.5323156714439392,0.601055383682251,0.5701029300689697,0.6563841700553894,0.59843510389328,0.7010140419006348,0.41898036003112793,0.5278455018997192,0.5643078088760376,0.5878742337226868,0.6510400772094727,0.6148901581764221,0.7211139798164368,0.6247389912605286,0.39193040132522583,0.5563480257987976,0.5445288419723511,0.587485134601593,0.6352392435073853,0.5945944786071777,0.7108613848686218,0.5854032635688782,0.36616405844688416,0.6081733107566833,0.4684198200702667,0.6162593960762024,0.5416253805160522,0.6135580539703369,0.6069011688232422,0.6067375540733337,Stop
0.15204253792762756,0.612933874130249,0.2704288363456726,0.653907835483551,0.35344281792640686,0.6604702472686768,0.4106752276420593,0.6815611124038696,0.4634582996368408,0.7183089852333069,0.42056626081466675,0.5262405872344971,0.5241319537162781,0.5982112884521484,0.5785016417503357,0.6417379975318909,0.6209353804588318,0.6782242059707642,0.41049304604530334,0.5316337943077087,0.5563071370124817,0.5813864469528198,0.6463388800621033,0.6051235198974609,0.7218687534332275,0.6152144074440002,0.38629066944122314,0.5587915778160095,0.5366244912147522,0.5825937986373901,0.6255400776863098,0.5901297330856323,0.7001975774765015,0.5857252478599548,0.36084312200546265,0.6084985136985779,0.4601074457168579,0.6156110763549805,0.5296953320503235,0.6160432696342468,0.5929417610168457,0.614111065864563,Stop
0.15509404242038727,0.6112871766090393,0.2718675136566162,0.6603047251701355,0.35661807656288147,0.6615990996360779,0.41409367322921753,0.6760721206665039,0.46464258432388306,0.7022239565849304,0.4242980480194092,0.517866849899292,0.5365405082702637,0.5761832594871521,0.614607572555542,0.6015604734420776,0.6773545742034912,0.6229913830757141,0.41207951307296753,0.5180670619010925,0.554419219493866,0.5756420493125916,0.6413670778274536,0.6070335507392883,0.7127135992050171,0.6248879432678223,0.38760507106781006,0.5442867279052734,0.5343148112297058,0.5760828852653503,0.6228418350219727,0.5939421057701111,0.6971860527992249,0.5990185737609863,0.3615803122520447,0.5951906442642212,0.4639475643634796,0.6076043248176575,0.5347641110420227,0.6140807271003723,0.5976337790489197,0.6192010641098022,Stop
0.15666742622852325,0.6089730262756348,0.2703526020050049,0.6580091118812561,0.35476213693618774,0.6600755453109741,0.4099874496459961,0.6754945516586304,0.46219509840011597,0.6996421217918396,0.4257601499557495,0.5194266438484192,0.5435625314712524,0.5708707571029663,0.626377522945404,0.5873212218284607,0.6912519335746765,0.6019582748413086,0.4149136543273926,0.5199272632598877,0.5506565570831299,0.575519859790802,0.6219497919082642,0.6182019710540771,0.6785958409309387,0.6471314430236816,0.39277195930480957,0.5445407629013062,0.5347491502761841,0.5740018486976624,0.6196761131286621,0.5946263074874878,0.6896740198135376,0.6027912497520447,0.36999809741973877,0.5940971970558167,0.4709168076515198,0.6045086979866028,0.5407440066337585,0.6103951930999756,0.6006415486335754,0.6136972308158875,Stop
0.15249298512935638,0.607506513595581,0.26877361536026,0.6489450335502625,0.3534389138221741,0.6519531607627869,0.406148761510849,0.6684514880180359,0.4602004289627075,0.6987675428390503,0.425572007894516,0.5171955823898315,0.535876989364624,0.5764161944389343,0.6169477105140686,0.5958036780357361,0.6797945499420166,0.6182101368904114,0.4129873812198639,0.5201894044876099,0.5523369908332825,0.5740301012992859,0.6362403035163879,0.6092925071716309,0.7041691541671753,0.6329822540283203,0.3898416757583618,0.5484828352928162,0.5367565751075745,0.5734276175498962,0.6268059611320496,0.590388298034668,0.701938271522522,0.5953661203384399,0.36844128370285034,0.5983448028564453,0.4704734683036804,0.6047577857971191,0.5432238578796387,0.6064549088478088,0.606721043586731,0.6055399775505066,Stop
0.15658031404018402,0.6029184460639954,0.2713574767112732,0.6565684080123901,0.35152071714401245,0.6671528816223145,0.40079519152641296,0.6895127296447754,0.44504380226135254,0.7244475483894348,0.42166221141815186,0.5197067260742188,0.5286313891410828,0.5805688500404358,0.596994161605835,0.6117410063743591,0.6522972583770752,0.6415070295333862,0.410157710313797,0.5215404033660889,0.5582982301712036,0.571805477142334,0.6537631750106812,0.5929169058799744,0.7348116636276245,0.6025654673576355,0.3862209916114807,0.5497258901596069,0.5382543206214905,0.5759545564651489,0.6274938583374023,0.5896191000938416,0.7027547359466553,0.5897608399391174,0.3610215485095978,0.6014187932014465,0.46289172768592834,0.6085693836212158,0.5342657566070557,0.6107368469238281,0.5972987413406372,0.611272931098938,Stop
0.14923852682113647,0.6049875617027283,0.2628806233406067,0.6417025923728943,0.3507061004638672,0.6385335922241211,0.4131907522678375,0.6527068018913269,0.46378231048583984,0.6798568367958069,0.410781592130661,0.5119377374649048,0.518109917640686,0.584751307964325,0.579243004322052,0.6270337700843811,0.6303364038467407,0.6584337949752808,0.4032208323478699,0.515450119972229,0.5486758947372437,0.572841465473175,0.6435474157333374,0.5951985716819763,0.7223562002182007,0.6045013666152954,0.38178181648254395,0.5434489846229553,0.531021773815155,0.5769376754760742,0.6192095875740051,0.5866994857788086,0.6921240091323853,0.5828934907913208,0.357176274061203,0.5973253846168518,0.4607563018798828,0.6119208931922913,0.5296074151992798,0.614159107208252,0.59050452709198,0.6135379672050476,Stop
0.14866210520267487,0.6041035056114197,0.2640351355075836,0.653529167175293,0.33541053533554077,0.6702485084533691,0.3730177581310272,0.704700231552124,0.41437479853630066,0.7448971271514893,0.4205302596092224,0.5271362066268921,0.51161128282547,0.5959278345108032,0.5460716485977173,0.6485973000526428,0.5684536695480347,0.7054084539413452,0.4123845100402832,0.5331749320030212,0.5547655820846558,0.5729554295539856,0.645717978477478,0.5935877561569214,0.7226824760437012,0.6057226061820984,0.3902462124824524,0.561613917350769,0.5366877317428589,0.5756816864013672,0.6245148777961731,0.5863272547721863,0.6963920593261719,0.5880798101425171,0.36844778060913086,0.6117124557495117,0.46435293555259705,0.6081874966621399,0.5346812605857849,0.6033280491828918,0.5957647562026978,0.5970672369003296,Stop
0.15300975739955902,0.6043167114257812,0.26274263858795166,0.6708254814147949,0.3366628885269165,0.6860330104827881,0.37824559211730957,0.7196287512779236,0.41539785265922546,0.767196774482727,0.4237949252128601,0.5250949263572693,0.5358961224555969,0.5840656161308289,0.6117327213287354,0.6067667603492737,0.6720748543739319,0.6235626339912415,0.41121697425842285,0.5251152515411377,0.558506429195404,0.5759180784225464,0.6453849673271179,0.5961607694625854,0.7203589677810669,0.6025741696357727,0.3875170350074768,0.5508203506469727,0.5398624539375305,0.5782942175865173,0.6225082874298096,0.5905585885047913,0.6918627023696899,0.5885039567947388,0.36272913217544556,0.6003623008728027,0.4625350832939148,0.6091942191123962,0.530678391456604,0.6130822896957397,0.5915144681930542,0.6138800382614136,Stop
0.1610681414604187,0.6109809875488281,0.2708061933517456,0.6537909507751465,0.3579093813896179,0.6555691957473755,0.4160657823085785,0.6688342094421387,0.46860554814338684,0.697371244430542,0.43389537930488586,0.535240113735199,0.5496701598167419,0.5876554846763611,0.6282461881637573,0.6025238633155823,0.6881400346755981,0.6136354804039001,0.4212622046470642,0.5367931127548218,0.5623764395713806,0.5971874594688416,0.6125487089157104,0.6501983404159546,0.6466487050056458,0.6851763725280762,0.3957676291465759,0.5580276846885681,0.5427802205085754,0.5852918028831482,0.6198946833610535,0.604593813419342,0.6817032098770142,0.6112958192825317,0.368541955947876,0.5988909602165222,0.4654589891433716,0.6018509864807129,0.5330074429512024,0.6056746244430542,0.5928418636322021,0.6045955419540405,Stop
0.16210924088954926,0.6173837184906006,0.2719668745994568,0.6665823459625244,0.35867562890052795,0.6683362126350403,0.4195394217967987,0.6848724484443665,0.470342218875885,0.7081314921379089,0.42287972569465637,0.5214572548866272,0.54651939868927,0.5728402733802795,0.629060685634613,0.5900720357894897,0.6965968608856201,0.5957096815109253,0.4124988615512848,0.5215253233909607,0.5491656064987183,0.5876131057739258,0.5961224436759949,0.6441654562950134,0.6247314810752869,0.6773332953453064,0.38951024413108826,0.5485138893127441,0.5347000956535339,0.5867823958396912,0.6093581318855286,0.6089339852333069,0.6676886081695557,0.6119881272315979,0.36510682106018066,0.6009045839309692,0.4654758870601654,0.6149522066116333,0.5293279886245728,0.6234416961669922,0.5826860070228577,0.6242228746414185,Stop
0.15836447477340698,0.6116405725479126,0.2650328278541565,0.6536193490028381,0.3488023281097412,0.6553933024406433,0.4068111181259155,0.6696524620056152,0.4562036991119385,0.6979814767837524,0.4223097562789917,0.5204645395278931,0.5387880802154541,0.5697171688079834,0.621403694152832,0.588738203048706,0.686943769454956,0.6029244065284729,0.413045734167099,0.5211985111236572,0.5500845909118652,0.5745347738265991,0.624420702457428,0.6152032613754272,0.6843465566635132,0.640903651714325,0.3924306631088257,0.544927716255188,0.5313827991485596,0.5825890302658081,0.6134418249130249,0.6064427495002747,0.6800506114959717,0.6184415817260742,0.36772122979164124,0.5940732955932617,0.4658556878566742,0.6130130887031555,0.530902624130249,0.6257935762405396,0.5862225294113159,0.6357300877571106,Stop
0.15349093079566956,0.6033061742782593,0.2502056956291199,0.6640760898590088,0.3212875723838806,0.6854109764099121,0.3573334515094757,0.7303799986839294,0.38063040375709534,0.7904223203659058,0.420123815536499,0.5259227752685547,0.5299723744392395,0.5832608342170715,0.6065565943717957,0.604653000831604,0.667569637298584,0.6221680641174316,0.41350170969963074,0.5275934934616089,0.5601961016654968,0.5767532587051392,0.6542626619338989,0.5964290499687195,0.7325729131698608,0.6032697558403015,0.3952242434024811,0.5544484853744507,0.5433483719825745,0.5893120765686035,0.6290789842605591,0.6036836504936218,0.6988843679428101,0.6022018790245056,0.3721783757209778,0.6078366637229919,0.4733128845691681,0.6249710917472839,0.5407766103744507,0.6297723054885864,0.5972777605056763,0.6302345991134644,Stop
0.16193293035030365,0.6200775504112244,0.27930718660354614,0.6521795392036438,0.3718680143356323,0.6493640542030334,0.44267046451568604,0.6607164144515991,0.5029600262641907,0.680831789970398,0.43050864338874817,0.5329110622406006,0.5506188869476318,0.5849481821060181,0.6311641335487366,0.6005353927612305,0.6967555284500122,0.6077593564987183,0.4211525321006775,0.5354515314102173,0.5679815411567688,0.5892281532287598,0.6528102159500122,0.6099069714546204,0.721428632736206,0.6165006756782532,0.39811989665031433,0.5597808361053467,0.5435707569122314,0.6007544994354248,0.6253211498260498,0.613711416721344,0.6912727952003479,0.6115236282348633,0.3677683174610138,0.6044684052467346,0.4656393229961395,0.6257948875427246,0.5316622257232666,0.6341975331306458,0.589344322681427,0.6383310556411743,Stop
0.1621685028076172,0.6132791042327881,0.26912379264831543,0.6686910390853882,0.3513513207435608,0.6815692186355591,0.4020211696624756,0.7062267065048218,0.4491834044456482,0.7451722621917725,0.43083032965660095,0.5392329096794128,0.5457053780555725,0.5906687378883362,0.623004674911499,0.6037096977233887,0.6857942938804626,0.610884428024292,0.4212743043899536,0.5395109057426453,0.5669009685516357,0.5972712635993958,0.6286991834640503,0.6402645707130432,0.6694002151489258,0.66255122423172,0.3984261155128479,0.5627652406692505,0.5508179068565369,0.5934558510780334,0.639227032661438,0.6062685251235962,0.7085725665092468,0.6019617915153503,0.37437132000923157,0.609291672706604,0.47726672887802124,0.6221733689308167,0.5486260652542114,0.6281064748764038,0.6074864864349365,0.6258319616317749,Stop
0.16958285868167877,0.6161584854125977,0.2795776128768921,0.6398010849952698,0.3696540296077728,0.6370446085929871,0.437254935503006,0.64839106798172,0.4948206841945648,0.6680953502655029,0.43293988704681396,0.5353084802627563,0.5564652681350708,0.5872290134429932,0.6382472515106201,0.5992725491523743,0.7059381008148193,0.6002160310745239,0.42447248101234436,0.5386264324188232,0.5713150501251221,0.5978339910507202,0.6480178833007812,0.6192625164985657,0.7039259672164917,0.6238144636154175,0.40122950077056885,0.5614700317382812,0.54637610912323,0.6123921871185303,0.6265143752098083,0.6257211565971375,0.6881787776947021,0.6221255660057068,0.37168601155281067,0.6054508686065674,0.4702189862728119,0.6354629397392273,0.5347269773483276,0.6471863985061646,0.5886850357055664,0.6516684889793396,Stop
0.18276090919971466,0.6178017258644104,0.2885477840900421,0.6787005066871643,0.3594963848590851,0.6943449974060059,0.3980502486228943,0.7225093245506287,0.43616560101509094,0.7630706429481506,0.4485006630420685,0.5456664562225342,0.5580478310585022,0.5925770401954651,0.6364746689796448,0.604619562625885,0.6966391801834106,0.6169111728668213,0.4375825822353363,0.5442935228347778,0.5836991667747498,0.590229332447052,0.6615963578224182,0.6198346018791199,0.7225621342658997,0.6322232484817505,0.41371023654937744,0.566234827041626,0.5623188614845276,0.5941532254219055,0.6493438482284546,0.6081403493881226,0.7180925607681274,0.6066980957984924,0.3901218771934509,0.6121392846107483,0.4885488450527191,0.6277580261230469,0.5584862232208252,0.6312674283981323,0.6170929074287415,0.6272891759872437,Stop
0.18042653799057007,0.6128792762756348,0.29119208455085754,0.6527116894721985,0.3698769807815552,0.6531764268875122,0.4274190664291382,0.6727426052093506,0.4759977161884308,0.7027243375778198,0.4354315996170044,0.5211157202720642,0.5474975109100342,0.5913292765617371,0.6206413507461548,0.6236096620559692,0.6761010885238647,0.6462512612342834,0.42762890458106995,0.5245400667190552,0.5821475386619568,0.5772183537483215,0.6699158549308777,0.6062659025192261,0.7396515607833862,0.6181899905204773,0.40837833285331726,0.5519194006919861,0.567062497138977,0.5858815908432007,0.6486179828643799,0.6016300916671753,0.7120387554168701,0.6031531095504761,0.3895455598831177,0.6071507930755615,0.4921140968799591,0.6226674914360046,0.5594843626022339,0.6244843602180481,0.6185513734817505,0.6213395595550537,Stop
0.17585930228233337,0.6157299280166626,0.2562636733055115,0.6702978610992432,0.327300101518631,0.6898038983345032,0.3622199594974518,0.7406525611877441,0.3738101124763489,0.8115884065628052,0.43627557158470154,0.5247998833656311,0.5612744092941284,0.5779304504394531,0.6465673446655273,0.5956296324729919,0.713050901889801,0.6005414724349976,0.4330905079841614,0.5206188559532166,0.5651904344558716,0.5779067873954773,0.611823320388794,0.6264432072639465,0.6470999717712402,0.6546474099159241,0.4153605103492737,0.5450631380081177,0.5586647987365723,0.5875582695007324,0.6223572492599487,0.6173837780952454,0.6671268939971924,0.6332420706748962,0.39877915382385254,0.6001336574554443,0.500146210193634,0.6154423356056213,0.5569679141044617,0.6276791095733643,0.6012712717056274,0.6300268173217773,Stop
0.17272137105464935,0.6132287979125977,0.2875754237174988,0.635387659072876,0.37440961599349976,0.6281532645225525,0.43450674414634705,0.6400144100189209,0.48704731464385986,0.6664632558822632,0.4350365102291107,0.512444019317627,0.5624241828918457,0.5706064701080322,0.6538637280464172,0.587317943572998,0.7256864309310913,0.6018592715263367,0.4280475080013275,0.5203620195388794,0.580345094203949,0.5834804177284241,0.6609224081039429,0.6257718801498413,0.7209303379058838,0.6488693356513977,0.41073358058929443,0.5524569153785706,0.5695681571960449,0.5934882760047913,0.6599618196487427,0.6078871488571167,0.7299925088882446,0.6078528165817261,0.3960549533367157,0.6135749816894531,0.507419764995575,0.628670334815979,0.5799292325973511,0.6327410340309143,0.6399175524711609,0.629383385181427,Stop
0.18906407058238983,0.620148777961731,0.28832101821899414,0.6565312147140503,0.376228928565979,0.6591855883598328,0.435983806848526,0.6681946516036987,0.48063918948173523,0.6918986439704895,0.4499853551387787,0.5379854440689087,0.5849656462669373,0.5849646925926208,0.6710094213485718,0.5986120104789734,0.7388300895690918,0.5967389941215515,0.43726056814193726,0.5281617045402527,0.5821954011917114,0.598151683807373,0.5996605157852173,0.657103955745697,0.5969277620315552,0.6795535683631897,0.4090419113636017,0.5462561845779419,0.558381974697113,0.6033540964126587,0.6006486415863037,0.6437379121780396,0.6171332597732544,0.6595754623413086,0.38338127732276917,0.5867745876312256,0.48733192682266235,0.6136049032211304,0.5456340312957764,0.6330214142799377,0.5899754166603088,0.6388271450996399,Stop
0.15836313366889954,0.6156319379806519,0.25697723031044006,0.6340527534484863,0.3517686724662781,0.6289344429969788,0.4112628102302551,0.6547160148620605,0.45073822140693665,0.7015959620475769,0.424569308757782,0.5041433572769165,0.567583441734314,0.5681577920913696,0.6622524857521057,0.5888423919677734,0.7390811443328857,0.5928691029548645,0.41498762369155884,0.5082836747169495,0.5578111410140991,0.5815098881721497,0.6051585674285889,0.6348451375961304,0.6347541809082031,0.660330057144165,0.3911736011505127,0.5396777987480164,0.5402197241783142,0.5953048467636108,0.6114956736564636,0.6238518953323364,0.6631907224655151,0.6327072381973267,0.366773396730423,0.5965778231620789,0.4765281081199646,0.6257525086402893,0.5414512157440186,0.643143892288208,0.5937741994857788,0.6488895416259766,Stop
0.1659804731607437,0.6282683610916138,0.28779202699661255,0.6468018293380737,0.37207677960395813,0.6383680105209351,0.431618869304657,0.6509135365486145,0.48573023080825806,0.675849199295044,0.44083061814308167,0.5078016519546509,0.5572816133499146,0.5816988945007324,0.6379241943359375,0.6080442070960999,0.6957213878631592,0.628786027431488,0.42791107296943665,0.5209471583366394,0.5801348686218262,0.5831827521324158,0.6553266048431396,0.6238126158714294,0.7125027179718018,0.638649582862854,0.4064309000968933,0.5563971400260925,0.5639768242835999,0.5943259000778198,0.649657130241394,0.6128695607185364,0.7146448493003845,0.6127345561981201,0.3884022831916809,0.612007737159729,0.502519428730011,0.6228721737861633,0.5788029432296753,0.6220258474349976,0.6428340673446655,0.6135228872299194,Stop
0.1703469306230545,0.6296074986457825,0.28077852725982666,0.6423836350440979,0.3727584183216095,0.6330441832542419,0.4392684996128082,0.6472762823104858,0.49348771572113037,0.6725477576255798,0.4322960078716278,0.5043030381202698,0.5572564005851746,0.5723696947097778,0.6436466574668884,0.5924891233444214,0.7125132083892822,0.601620078086853,0.4218803346157074,0.5095295906066895,0.5821677446365356,0.5737483501434326,0.6762635707855225,0.5987613797187805,0.753165602684021,0.6027479767799377,0.40071409940719604,0.5382151007652283,0.5608067512512207,0.5933637022972107,0.6494847536087036,0.6093800663948059,0.7166937589645386,0.6065106987953186,0.3774678707122803,0.5942708253860474,0.49072563648223877,0.6209242343902588,0.5607354044914246,0.6268535256385803,0.6173935532569885,0.6236826777458191,Stop
0.16187989711761475,0.6207436919212341,0.26974624395370483,0.6241351366043091,0.36393555998802185,0.6202471852302551,0.42907652258872986,0.6370127201080322,0.48358461260795593,0.6719934344291687,0.4274999499320984,0.5050356388092041,0.563368558883667,0.5654585361480713,0.6570339798927307,0.5810643434524536,0.731891393661499,0.5863012671470642,0.41557592153549194,0.5103217959403992,0.5763505101203918,0.576313316822052,0.6516038179397583,0.6146966814994812,0.7083511352539062,0.6253944039344788,0.3905424475669861,0.5409278273582458,0.5514031648635864,0.5984604358673096,0.6292041540145874,0.6199353933334351,0.6857256889343262,0.6201660633087158,0.36508044600486755,0.5941124558448792,0.4776439070701599,0.623555064201355,0.5458798408508301,0.6335352063179016,0.6012553572654724,0.6329866647720337,Stop
0.15374255180358887,0.6309996247291565,0.2680981159210205,0.6465374827384949,0.352486789226532,0.6391669511795044,0.4101720452308655,0.6530146598815918,0.4628819525241852,0.6876339912414551,0.4319653809070587,0.5035188794136047,0.5515663623809814,0.5723556280136108,0.6404625773429871,0.5960935950279236,0.7055784463882446,0.6155975461006165,0.42147302627563477,0.5157200694084167,0.5771742463111877,0.5742596387863159,0.6673760414123535,0.6071778535842896,0.7379344701766968,0.6182116866111755,0.40246352553367615,0.5486932396888733,0.5594416856765747,0.5889538526535034,0.6499433517456055,0.605756402015686,0.7188067436218262,0.6063390970230103,0.3850646913051605,0.6048577427864075,0.49937185645103455,0.621672511100769,0.5740373134613037,0.6227868795394897,0.6347782611846924,0.6161366701126099,Stop
0.14977693557739258,0.6332012414932251,0.26745668053627014,0.6531344652175903,0.35644659399986267,0.6428349018096924,0.4210813641548157,0.6548252701759338,0.4757848381996155,0.685471773147583,0.4333280920982361,0.5017511248588562,0.552898108959198,0.5795772671699524,0.6384338140487671,0.6055788993835449,0.7004576921463013,0.620795726776123,0.4180881381034851,0.512220561504364,0.570655345916748,0.58745938539505,0.642031729221344,0.6266603469848633,0.696532130241394,0.6346116662025452,0.3925137221813202,0.5478329658508301,0.5471189618110657,0.6064778566360474,0.6210259199142456,0.6321592330932617,0.6737991571426392,0.6343850493431091,0.3670794367790222,0.605009138584137,0.4785228967666626,0.6387158036231995,0.5410110950469971,0.6493239998817444,0.5896684527397156,0.645152747631073,Stop
0.14102941751480103,0.6299252510070801,0.2632107436656952,0.6470030546188354,0.3546289801597595,0.6390128135681152,0.4187820851802826,0.6542302966117859,0.4774729609489441,0.6834349632263184,0.42413273453712463,0.5046000480651855,0.5456560254096985,0.5769140124320984,0.6348333954811096,0.601768970489502,0.7017664909362793,0.6193335056304932,0.411842405796051,0.5170809030532837,0.5738852024078369,0.5771780610084534,0.6632258892059326,0.6138801574707031,0.7317438125610352,0.6239231824874878,0.39141908288002014,0.5523631572723389,0.5560615062713623,0.5951264500617981,0.6464076638221741,0.6146136522293091,0.7133198976516724,0.6130531430244446,0.37264904379844666,0.6084759831428528,0.49199339747428894,0.6295413374900818,0.5715628266334534,0.6350463032722473,0.6359037160873413,0.6311960816383362,Stop
0.1347343623638153,0.6369600296020508,0.2553483247756958,0.6573684811592102,0.3424031138420105,0.6533961892127991,0.4018076956272125,0.6686847805976868,0.4542445242404938,0.705124020576477,0.42045384645462036,0.5113632678985596,0.5274971127510071,0.6148930191993713,0.561738133430481,0.6736916899681091,0.5807243585586548,0.71037358045578,0.41338449716567993,0.5239635109901428,0.5749030709266663,0.5887020230293274,0.6620330810546875,0.6176332235336304,0.7244402170181274,0.6185073852539062,0.39277493953704834,0.5563552975654602,0.5648639798164368,0.5988003015518188,0.6593451499938965,0.6095515489578247,0.7279325723648071,0.5984122157096863,0.3751447796821594,0.6091567277908325,0.4972914457321167,0.6322041153907776,0.5783923864364624,0.6323869824409485,0.643887996673584,0.6210365295410156,Stop
0.12673282623291016,0.6327458620071411,0.24843476712703705,0.6581370830535889,0.33473411202430725,0.660123884677887,0.3913656175136566,0.6826810240745544,0.4387072026729584,0.7282110452651978,0.41901895403862,0.5120552778244019,0.5277804136276245,0.60930335521698,0.5771100521087646,0.6632034778594971,0.6085488796234131,0.7023959159851074,0.4115288257598877,0.527594804763794,0.571297287940979,0.588699221611023,0.6638836860656738,0.616695761680603,0.7344456911087036,0.6200841069221497,0.3910132050514221,0.5613358020782471,0.5574690103530884,0.5969219207763672,0.6571040153503418,0.6047220826148987,0.7316156029701233,0.5940158367156982,0.37296754121780396,0.6159250736236572,0.4926794171333313,0.6364204287528992,0.5731357932090759,0.6368165016174316,0.6375185251235962,0.6266269683837891,Stop
0.1226385235786438,0.6355472803115845,0.2534652352333069,0.6739137768745422,0.3326627314090729,0.6852734684944153,0.38296616077423096,0.7170267105102539,0.4272440969944,0.770102858543396,0.4248781204223633,0.5284668803215027,0.522136390209198,0.6298131942749023,0.5271906852722168,0.710976243019104,0.5168596506118774,0.7771382331848145,0.4176473617553711,0.541352391242981,0.5803630352020264,0.5999090671539307,0.6761236190795898,0.6167477369308472,0.7458219528198242,0.6113341450691223,0.3937176764011383,0.5731552243232727,0.5631492137908936,0.6068706512451172,0.6635071039199829,0.6112043857574463,0.7364228963851929,0.5956631302833557,0.3729137182235718,0.6214359998703003,0.4910781681537628,0.6370506286621094,0.5758864879608154,0.6334443092346191,0.6445422172546387,0.6201680898666382,Stop
0.14240172505378723,0.6391762495040894,0.2612919211387634,0.6564493179321289,0.35031232237815857,0.6624072790145874,0.416906476020813,0.6788080930709839,0.4650934934616089,0.7246338129043579,0.4333876371383667,0.5194227695465088,0.5475025177001953,0.6488825678825378,0.5412658452987671,0.7233090996742249,0.5161924362182617,0.7638450860977173,0.4226323664188385,0.533423662185669,0.589206337928772,0.6471893787384033,0.5917351245880127,0.7135799527168274,0.5567327737808228,0.7378736138343811,0.4003722369670868,0.5677101016044617,0.5665460824966431,0.6551822423934937,0.5922063589096069,0.700179934501648,0.5797358155250549,0.7122392654418945,0.38665491342544556,0.6135237812995911,0.5207133293151855,0.6294252872467041,0.6017516851425171,0.6311702132225037,0.6569164991378784,0.6214370727539062,Stop
0.14421796798706055,0.6379528641700745,0.27860790491104126,0.653593897819519,0.3635978698730469,0.6544672846794128,0.4244079887866974,0.6705290079116821,0.4816843271255493,0.7034292817115784,0.4303639233112335,0.5249143838882446,0.5318189859390259,0.6436140537261963,0.532878577709198,0.7248249650001526,0.516141414642334,0.7800921201705933,0.41973602771759033,0.5387610197067261,0.5905050039291382,0.6094813346862793,0.6871879696846008,0.620511531829834,0.7504204511642456,0.6044362783432007,0.3950178325176239,0.569719672203064,0.5738633275032043,0.6181705594062805,0.6673328876495361,0.621458888053894,0.7272782325744629,0.600859522819519,0.37682175636291504,0.6145804524421692,0.5001339316368103,0.6400715708732605,0.5853559970855713,0.6366778612136841,0.6521012783050537,0.6199289560317993,Stop
0.1536688208580017,0.6366032361984253,0.2744482159614563,0.6349678635597229,0.3689073324203491,0.6360418796539307,0.4387431740760803,0.652418851852417,0.4954216480255127,0.6946913003921509,0.43085548281669617,0.5089451670646667,0.5560970306396484,0.6061393022537231,0.6268603205680847,0.6390007138252258,0.6776686906814575,0.6504727005958557,0.4159313440322876,0.5167008638381958,0.5775244832038879,0.6212988495826721,0.6409670114517212,0.6618756055831909,0.6774783134460449,0.6605933308601379,0.3917708694934845,0.5491365790367126,0.564238429069519,0.6335777044296265,0.6378443837165833,0.6594225168228149,0.6808258295059204,0.6516491770744324,0.3751276433467865,0.596903920173645,0.5011796355247498,0.6462552547454834,0.5811251401901245,0.6600605249404907,0.6433720588684082,0.6557956337928772,Stop
0.135280579328537,0.6295724511146545,0.261623352766037,0.6312721967697144,0.35702937841415405,0.6152607798576355,0.4220535457134247,0.6250884532928467,0.48044443130493164,0.6535061597824097,0.4192093014717102,0.4979008436203003,0.535938560962677,0.5956480503082275,0.6117360591888428,0.6311435103416443,0.6682908535003662,0.6543595790863037,0.4063006639480591,0.5155007839202881,0.569820761680603,0.5838743448257446,0.6714252233505249,0.6090864539146423,0.7480859160423279,0.607389509677887,0.38419610261917114,0.5519943237304688,0.5540295243263245,0.5998451709747314,0.6527001261711121,0.6151559352874756,0.7286272048950195,0.6058987975120544,0.36530035734176636,0.610966145992279,0.48882758617401123,0.6425268650054932,0.5694369077682495,0.6523634195327759,0.6348028182983398,0.6493409872055054,Stop
0.1426035463809967,0.6417291760444641,0.26624876260757446,0.6607547402381897,0.3457818925380707,0.6572123169898987,0.4031957983970642,0.6757335662841797,0.46241605281829834,0.7118253111839294,0.42396068572998047,0.5223209261894226,0.5205261707305908,0.6156058311462402,0.5498676896095276,0.6854159235954285,0.5650051236152649,0.744056761264801,0.4195532202720642,0.5392118692398071,0.5801534652709961,0.5885562896728516,0.681092381477356,0.6112669706344604,0.7587110996246338,0.6109660863876343,0.4023275375366211,0.576198935508728,0.5702694654464722,0.6038075685501099,0.665623664855957,0.6111020445823669,0.7364791631698608,0.5977281332015991,0.3881552219390869,0.6283432245254517,0.5018935203552246,0.6433111429214478,0.5833781957626343,0.6368806958198547,0.6513468623161316,0.6211037039756775,Stop
0.12108638882637024,0.6422028541564941,0.25134414434432983,0.6697385907173157,0.330645889043808,0.676963746547699,0.38066375255584717,0.7081114649772644,0.4283476173877716,0.7598890066146851,0.4259135127067566,0.5331541895866394,0.5239996910095215,0.6349045634269714,0.5403879880905151,0.7108989357948303,0.5439453721046448,0.775280237197876,0.4178066849708557,0.5451517105102539,0.5811829566955566,0.5973140597343445,0.6854954957962036,0.6094968318939209,0.7697507739067078,0.6031452417373657,0.39672398567199707,0.5777773261070251,0.5691970586776733,0.6101976633071899,0.6651038527488708,0.6181113123893738,0.7376923561096191,0.6039307117462158,0.3793008327484131,0.6271373629570007,0.49859026074409485,0.647154688835144,0.5792784690856934,0.6434260010719299,0.6452415585517883,0.6272751092910767,Stop
0.12321695685386658,0.6557585597038269,0.24738243222236633,0.6703880429267883,0.33410510420799255,0.6708986163139343,0.39643871784210205,0.6921848058700562,0.45559024810791016,0.7343078851699829,0.4268699586391449,0.5303032994270325,0.5264648199081421,0.6269028186798096,0.541804313659668,0.7083891034126282,0.5357867479324341,0.7751582860946655,0.42576780915260315,0.5495262742042542,0.5819217562675476,0.6087655425071716,0.6694463491439819,0.6339735984802246,0.7235645055770874,0.6338006854057312,0.4078006446361542,0.5855998992919922,0.5701765418052673,0.6185750365257263,0.6661467552185059,0.6218917369842529,0.7255698442459106,0.6033698320388794,0.39215514063835144,0.6310362219810486,0.5140985250473022,0.6459505558013916,0.6047121286392212,0.6353254914283752,0.6726152896881104,0.6156919002532959,Stop
0.13178429007530212,0.646077573299408,0.25138258934020996,0.6643213033676147,0.338230162858963,0.6647202968597412,0.40021052956581116,0.6859994530677795,0.45738035440444946,0.7359285354614258,0.43280327320098877,0.5220584869384766,0.5355722308158875,0.6187756657600403,0.5492263436317444,0.7024803161621094,0.5444380640983582,0.7725769281387329,0.4305848777294159,0.5415991544723511,0.5803163051605225,0.6189041137695312,0.6285625100135803,0.6868417263031006,0.6481040120124817,0.7186154127120972,0.41182050108909607,0.5805190205574036,0.5765597820281982,0.6203351020812988,0.6589374542236328,0.6397802829742432,0.7077164649963379,0.6295294165611267,0.3971575200557709,0.6241036057472229,0.5198362469673157,0.6395187377929688,0.6115860939025879,0.634969174861908,0.6828502416610718,0.6161760687828064,Stop
0.12070003151893616,0.6470105051994324,0.25422096252441406,0.6691212058067322,0.3417934775352478,0.6704472303390503,0.40205755829811096,0.6926783323287964,0.45783230662345886,0.7362918257713318,0.4260901212692261,0.528535008430481,0.5282869338989258,0.628964364528656,0.5472676753997803,0.7061672210693359,0.5503989458084106,0.7701058387756348,0.4181457757949829,0.54203861951828,0.5835554599761963,0.6003926396369934,0.6828248500823975,0.6241734027862549,0.7543796300888062,0.6261404752731323,0.39388489723205566,0.575215756893158,0.5677286982536316,0.6085733771324158,0.6669811010360718,0.6171557903289795,0.7370651364326477,0.6041439771652222,0.37257716059684753,0.624830424785614,0.4962180554866791,0.6444389820098877,0.5834910273551941,0.6429106593132019,0.6522397994995117,0.6314111351966858,Stop
0.12372663617134094,0.6500880718231201,0.24617774784564972,0.6652986407279968,0.335555762052536,0.6630561947822571,0.39929336309432983,0.6830382347106934,0.4593822956085205,0.7291845083236694,0.4309937059879303,0.522813081741333,0.5339066386222839,0.6235560178756714,0.5455686450004578,0.7085972428321838,0.5374412536621094,0.7768970727920532,0.42860230803489685,0.5430148839950562,0.5754491686820984,0.6283694505691528,0.619512677192688,0.6994293332099915,0.6340969800949097,0.7305810451507568,0.41047534346580505,0.5827483534812927,0.5751289129257202,0.6233826279640198,0.658645510673523,0.6355055570602417,0.7073186635971069,0.6170154213905334,0.3969767689704895,0.6269391179084778,0.5224201679229736,0.64179927110672,0.6151708364486694,0.6357666254043579,0.6856347322463989,0.6146978735923767,Stop
0.6332737803459167,0.9810672998428345,0.5655510425567627,0.9432543516159058,0.5141550302505493,0.8602501749992371,0.4798600673675537,0.7859398722648621,0.4454078674316406,0.7321272492408752,0.5708909630775452,0.7266703844070435,0.5533674359321594,0.6288927793502808,0.5428503155708313,0.5641003847122192,0.5342974662780762,0.5088419914245605,0.620101273059845,0.7145156264305115,0.6310123205184937,0.600193440914154,0.6365047097206116,0.5270103216171265,0.639644980430603,0.4692229628562927,0.6641752123832703,0.7256749868392944,0.6805505752563477,0.6228200197219849,0.6871529221534729,0.554164469242096,0.6912726759910583,0.49611228704452515,0.702972412109375,0.756218671798706,0.7388914823532104,0.6810004711151123,0.7653082013130188,0.631191074848175,0.7879273891448975,0.5883588790893555,Stop
0.6391724348068237,0.9606813788414001,0.5644996166229248,0.9259292483329773,0.5025870203971863,0.834010660648346,0.46324148774147034,0.7524117231369019,0.4269101023674011,0.6929404735565186,0.5574862957000732,0.6982102394104004,0.5378900170326233,0.5985873937606812,0.5260651707649231,0.5324404835700989,0.5183090567588806,0.4775288999080658,0.6074932813644409,0.6827647089958191,0.6086300611495972,0.5663492679595947,0.6100892424583435,0.49183782935142517,0.6115537285804749,0.4326533079147339,0.6540254354476929,0.6908040046691895,0.663231372833252,0.5840431451797485,0.668121337890625,0.5153742432594299,0.6709623336791992,0.4574219584465027,0.6975184679031372,0.7171646356582642,0.7279350757598877,0.6406077742576599,0.7510894536972046,0.5891035795211792,0.7707878947257996,0.5427518486976624,Stop
0.6351114511489868,0.9341421723365784,0.5585667490959167,0.8983017802238464,0.49748894572257996,0.8100490570068359,0.4583720266819,0.7293385863304138,0.4195554852485657,0.6755148768424988,0.5496689081192017,0.6687860488891602,0.5261825919151306,0.5694400072097778,0.5124425292015076,0.506562352180481,0.5036672949790955,0.45428404211997986,0.601757287979126,0.6534271240234375,0.6025099158287048,0.5359334945678711,0.6030815243721008,0.46529701352119446,0.603688657283783,0.40874382853507996,0.6499311923980713,0.6597110629081726,0.658789873123169,0.5484755039215088,0.6617972254753113,0.4826737940311432,0.6626191735267639,0.4265940189361572,0.6950283646583557,0.6834129095077515,0.7249177098274231,0.6023401021957397,0.7471780776977539,0.551345944404602,0.7656439542770386,0.5061355829238892,Stop
0.6333349943161011,0.9082186222076416,0.5546502470970154,0.8735625743865967,0.4909099340438843,0.7851047515869141,0.4507603049278259,0.7064184546470642,0.41142648458480835,0.6570967435836792,0.5437954664230347,0.6425824165344238,0.5187271237373352,0.5412641167640686,0.5052028894424438,0.47823548316955566,0.49743396043777466,0.42637890577316284,0.5976250767707825,0.6252314448356628,0.5966233611106873,0.5072118639945984,0.5954981446266174,0.4360291063785553,0.5947718024253845,0.379350483417511,0.6470022201538086,0.6291833519935608,0.6553942561149597,0.5169640779495239,0.6588590145111084,0.45048487186431885,0.659903883934021,0.394186407327652,0.6925147771835327,0.6504024863243103,0.7197432518005371,0.5698111057281494,0.7393879890441895,0.5195283889770508,0.7554281949996948,0.4753050208091736,Stop
0.6299660205841064,0.8771678805351257,0.5493114590644836,0.8418041467666626,0.4838228225708008,0.7523108720779419,0.44286537170410156,0.6740565896034241,0.4028109312057495,0.6261275410652161,0.5387408137321472,0.6137545108795166,0.5106923580169678,0.5133801698684692,0.4965565800666809,0.4511250853538513,0.4888306260108948,0.399271696805954,0.5908357501029968,0.5954356789588928,0.5871850252151489,0.4749666452407837,0.584541380405426,0.4026392996311188,0.582973062992096,0.3458881080150604,0.6393861770629883,0.5993010997772217,0.6471874713897705,0.486466646194458,0.6499835252761841,0.41954612731933594,0.6503683924674988,0.363818496465683,0.6851015090942383,0.6213804483413696,0.7143656611442566,0.5401173830032349,0.7346030473709106,0.48732927441596985,0.7503846883773804,0.4404992461204529,Stop
0.6285415887832642,0.8434158563613892,0.5443593263626099,0.8117578029632568,0.47702470421791077,0.7227912545204163,0.4341420531272888,0.6438556909561157,0.39222151041030884,0.5957440137863159,0.5360631346702576,0.5857077836990356,0.5071010589599609,0.4953140616416931,0.4936251640319824,0.4369865655899048,0.48704856634140015,0.3880201280117035,0.5883703827857971,0.5635608434677124,0.5828620195388794,0.44441455602645874,0.5785326361656189,0.37092775106430054,0.575439453125,0.313233882188797,0.6371747255325317,0.5657429099082947,0.6411980390548706,0.45249754190444946,0.6408130526542664,0.38488391041755676,0.6386964321136475,0.3278200328350067,0.6827861666679382,0.5877501964569092,0.7120149731636047,0.5047838091850281,0.731860876083374,0.45199114084243774,0.7469556331634521,0.4063374400138855,Stop
0.6200951933860779,0.7695177793502808,0.5295425057411194,0.728511393070221,0.45564141869544983,0.6337348222732544,0.4067642092704773,0.5524272322654724,0.36250489950180054,0.5047832727432251,0.5092735886573792,0.4917495846748352,0.48066845536231995,0.3958149254322052,0.4652353823184967,0.3309011161327362,0.4564935863018036,0.27323246002197266,0.5617569088935852,0.4613335430622101,0.5553764700889587,0.3538148105144501,0.5531346797943115,0.281033992767334,0.5534982085227966,0.22051286697387695,0.6104376316070557,0.45626965165138245,0.6155220866203308,0.3556666970252991,0.6168539524078369,0.28791719675064087,0.6170334815979004,0.22999730706214905,0.6553720235824585,0.47404441237449646,0.6871631145477295,0.4035164713859558,0.7106323838233948,0.3544453978538513,0.7311460971832275,0.30827343463897705,Stop
0.6053411960601807,0.7358494400978088,0.5179300904273987,0.7108923196792603,0.4437018036842346,0.6204679012298584,0.3948562443256378,0.5419188737869263,0.3509621024131775,0.49789348244667053,0.5012177228927612,0.46979451179504395,0.4712752103805542,0.3705129623413086,0.45509856939315796,0.3097708523273468,0.4445197582244873,0.25739750266075134,0.5528570413589478,0.4470599889755249,0.5460362434387207,0.327939510345459,0.542411208152771,0.2538675367832184,0.5417451858520508,0.1954422891139984,0.6016673445701599,0.44793862104415894,0.6035997271537781,0.3391590118408203,0.6018842458724976,0.27343764901161194,0.6012201905250549,0.21759679913520813,0.648604691028595,0.4668115973472595,0.6789894700050354,0.38962042331695557,0.7023405432701111,0.33948567509651184,0.7236897945404053,0.29473766684532166,Stop
0.5969215035438538,0.7310177087783813,0.5117626190185547,0.7132439017295837,0.435192346572876,0.6200200915336609,0.3885023295879364,0.5388268828392029,0.34634947776794434,0.49522706866264343,0.49327802658081055,0.4709036350250244,0.4627283215522766,0.3717769384384155,0.4458950161933899,0.30964532494544983,0.4349862039089203,0.25587791204452515,0.5423731207847595,0.4450645446777344,0.5358539819717407,0.3254221975803375,0.5318150520324707,0.24960476160049438,0.5301356315612793,0.19051805138587952,0.5890151858329773,0.4427596628665924,0.5920535922050476,0.3343631625175476,0.5906993746757507,0.2679738402366638,0.5894145369529724,0.21279823780059814,0.6333845257759094,0.4593559205532074,0.6661678552627563,0.38691139221191406,0.6894502639770508,0.3367545008659363,0.7102829217910767,0.2912740707397461,Stop
0.5868710875511169,0.7330923676490784,0.5030426979064941,0.7113377451896667,0.43004417419433594,0.6207718849182129,0.38444003462791443,0.5426716804504395,0.34218913316726685,0.49808961153030396,0.48630985617637634,0.472583532333374,0.45650166273117065,0.37475618720054626,0.43878373503685,0.3143733739852905,0.4256974458694458,0.26265278458595276,0.5353845357894897,0.4490946829319,0.5286473035812378,0.33103787899017334,0.5232614874839783,0.2560410797595978,0.5194048881530762,0.19721940159797668,0.5826336145401001,0.4479612410068512,0.5854411125183105,0.34060409665107727,0.5842463970184326,0.2720036506652832,0.582571804523468,0.21455278992652893,0.627947211265564,0.46503740549087524,0.6608434915542603,0.38979417085647583,0.6835421919822693,0.3381068706512451,0.7034963369369507,0.2921941876411438,Stop
0.5846877694129944,0.7390645146369934,0.4986167848110199,0.7197548747062683,0.4268060326576233,0.6340909004211426,0.3813459575176239,0.557651698589325,0.3400186598300934,0.5093290209770203,0.48307809233665466,0.4873754680156708,0.45163148641586304,0.3905399739742279,0.43419209122657776,0.32927656173706055,0.4221898913383484,0.27742987871170044,0.5324768424034119,0.4607958197593689,0.5245132446289062,0.34323227405548096,0.5193751454353333,0.2681446075439453,0.5162412524223328,0.21083533763885498,0.5789617300033569,0.4568164348602295,0.5813135504722595,0.3507939875125885,0.580190122127533,0.28272831439971924,0.5780877470970154,0.2272297441959381,0.6233950257301331,0.4710579514503479,0.6568273901939392,0.3970129191875458,0.6790207028388977,0.34553372859954834,0.6977387070655823,0.3004266619682312,Stop
0.5820600390434265,0.7510618567466736,0.49709728360176086,0.7316763997077942,0.4260171949863434,0.6475731134414673,0.37979793548583984,0.5740811228752136,0.3370509743690491,0.5287935733795166,0.4791812598705292,0.5010380148887634,0.44850918650627136,0.4043111205101013,0.4308818578720093,0.34345167875289917,0.4180411994457245,0.29309579730033875,0.5284270644187927,0.4744737148284912,0.5187358856201172,0.35851454734802246,0.5132563710212708,0.2848830223083496,0.5099304914474487,0.22820115089416504,0.5753352046012878,0.4710886478424072,0.5756338238716125,0.3667435646057129,0.5743942260742188,0.2991984486579895,0.5721949338912964,0.24358785152435303,0.6202815771102905,0.4859842360019684,0.6512904167175293,0.41085413098335266,0.6731603145599365,0.35919225215911865,0.6915249824523926,0.31378602981567383,Stop
0.5761169195175171,0.7668087482452393,0.4942818880081177,0.7484710812568665,0.42275211215019226,0.6658235192298889,0.3774254620075226,0.5933319926261902,0.33552491664886475,0.5476388931274414,0.4739566445350647,0.5176490545272827,0.4446755349636078,0.4227466583251953,0.42913857102394104,0.36239081621170044,0.4186742603778839,0.31310564279556274,0.5243915319442749,0.4912847876548767,0.5158648490905762,0.37710076570510864,0.5109299421310425,0.30479419231414795,0.5076454281806946,0.2486516535282135,0.5726808905601501,0.4866718649864197,0.5724031925201416,0.38348788022994995,0.5705084204673767,0.3172444701194763,0.5674010515213013,0.2633642554283142,0.6182098984718323,0.5001874566078186,0.6472464799880981,0.4229811131954193,0.6681917905807495,0.3716176748275757,0.685248851776123,0.3278847336769104,Stop
0.5789549350738525,0.7846772074699402,0.4961966276168823,0.7654721736907959,0.42436152696609497,0.6825572848320007,0.37794554233551025,0.6115058064460754,0.3360711336135864,0.564979612827301,0.4768652617931366,0.535088837146759,0.4459981620311737,0.4433463215827942,0.4315226674079895,0.38368529081344604,0.4228173494338989,0.3349478244781494,0.5267828106880188,0.5074242353439331,0.5156063437461853,0.39469027519226074,0.5100783705711365,0.3227778673171997,0.5068543553352356,0.26792633533477783,0.5751159191131592,0.5029945373535156,0.5706689953804016,0.4013647437095642,0.5680479407310486,0.3369293212890625,0.5645659565925598,0.2850295603275299,0.6206717491149902,0.5169832706451416,0.6455590724945068,0.44142162799835205,0.6639137268066406,0.39121943712234497,0.6790730953216553,0.3485952317714691,Stop
0.5801311135292053,0.8001804947853088,0.49812111258506775,0.7822330594062805,0.4265381395816803,0.699570894241333,0.380462646484375,0.6267737150192261,0.3374466896057129,0.5805749297142029,0.4802086651325226,0.5521180033683777,0.4469078779220581,0.4630981683731079,0.42947110533714294,0.40446195006370544,0.4181770980358124,0.3557925820350647,0.5289947390556335,0.5239053964614868,0.5166985392570496,0.41146552562713623,0.5097132325172424,0.33914658427238464,0.5053026676177979,0.28417783975601196,0.5762201547622681,0.519600510597229,0.5727242827415466,0.4171066880226135,0.5700932741165161,0.3526774048805237,0.5661742687225342,0.3003399968147278,0.6209273338317871,0.5339478254318237,0.6462647914886475,0.4574250876903534,0.6643387675285339,0.4066582918167114,0.6786363124847412,0.36331281065940857,Stop
0.580903172492981,0.8135669231414795,0.49853798747062683,0.798076868057251,0.425496369600296,0.713609516620636,0.38077598810195923,0.6396262645721436,0.33945751190185547,0.5940242409706116,0.47682321071624756,0.5637293457984924,0.4457249343395233,0.4710920453071594,0.4293100833892822,0.41063669323921204,0.41846370697021484,0.36059069633483887,0.5259565711021423,0.5366681218147278,0.5164713859558105,0.42218607664108276,0.510093092918396,0.3482210040092468,0.505143940448761,0.2920125126838684,0.5733392834663391,0.5323854684829712,0.5725910663604736,0.4283194839954376,0.5704612731933594,0.3617132604122162,0.5664539337158203,0.30781468749046326,0.6182106137275696,0.5465908646583557,0.6471614837646484,0.4691344201564789,0.6682654619216919,0.4178208112716675,0.6851875185966492,0.3745797276496887,Stop
0.5808079838752747,0.8156974911689758,0.49975359439849854,0.7995210886001587,0.42518335580825806,0.7146220207214355,0.38192570209503174,0.6411112546920776,0.343539834022522,0.5943364500999451,0.47582805156707764,0.5652153491973877,0.44522351026535034,0.47219157218933105,0.42821192741394043,0.4130328297615051,0.4162231385707855,0.364213764667511,0.5249800086021423,0.538445770740509,0.5167514681816101,0.42287981510162354,0.5109432935714722,0.3493844270706177,0.5057855248451233,0.2933330237865448,0.5726196765899658,0.5347437262535095,0.5716378688812256,0.4299885928630829,0.5693938732147217,0.3636079430580139,0.5651247501373291,0.308849573135376,0.617328405380249,0.5499821901321411,0.6462960243225098,0.47117042541503906,0.6682498455047607,0.419000506401062,0.6864405870437622,0.37440598011016846,Stop
0.5948460698127747,0.8154327273368835,0.5134406089782715,0.8000504970550537,0.4393047094345093,0.7174800634384155,0.39432239532470703,0.6416046023368835,0.35246750712394714,0.5945702195167542,0.4834310710430145,0.5706012845039368,0.4483315050601959,0.4764774739742279,0.4277765154838562,0.41612565517425537,0.41240355372428894,0.3641589879989624,0.5321866273880005,0.5405074954032898,0.5189709663391113,0.4215700924396515,0.5094352960586548,0.3451889157295227,0.500625729560852,0.2866634130477905,0.5813925862312317,0.5340586304664612,0.5743796825408936,0.4282206892967224,0.5679274797439575,0.3593343496322632,0.5604636669158936,0.3023096024990082,0.6295867562294006,0.5467020869255066,0.6553376317024231,0.46398213505744934,0.6744998097419739,0.4081468880176544,0.6901041269302368,0.360534131526947,Stop
0.6046332716941833,0.8113834261894226,0.522050142288208,0.796230673789978,0.44685521721839905,0.7097419500350952,0.39863812923431396,0.6327572464942932,0.3536384403705597,0.5875291228294373,0.4903123676776886,0.5616501569747925,0.45429426431655884,0.4701722264289856,0.43381667137145996,0.4110340476036072,0.4188762903213501,0.3599996566772461,0.5387932658195496,0.5306529402732849,0.5267435908317566,0.4115665555000305,0.517610490322113,0.3345992863178253,0.5094683766365051,0.27543190121650696,0.5872967839241028,0.5243447422981262,0.581082820892334,0.4198566675186157,0.5743116736412048,0.35094404220581055,0.5674151182174683,0.2936547100543976,0.6343377828598022,0.5380370020866394,0.661766529083252,0.45598435401916504,0.6821332573890686,0.40009018778800964,0.6992684006690979,0.35173165798187256,Stop
0.615338146686554,0.7998166680335999,0.5319461822509766,0.7820055484771729,0.4558923542499542,0.6931198835372925,0.40979713201522827,0.612395703792572,0.3665122985839844,0.5676246881484985,0.503054141998291,0.5490278005599976,0.46583715081214905,0.4521081745624542,0.445476233959198,0.3894541263580322,0.43201568722724915,0.3343198895454407,0.551659345626831,0.517157793045044,0.541641116142273,0.39126700162887573,0.5328721404075623,0.3113490045070648,0.5260964035987854,0.2493053376674652,0.6003778576850891,0.5107120275497437,0.5993990898132324,0.39756399393081665,0.594879150390625,0.32553189992904663,0.5906392335891724,0.26563704013824463,0.647983729839325,0.5269949436187744,0.679845929145813,0.44296979904174805,0.7020353078842163,0.38563376665115356,0.7204529643058777,0.33622875809669495,Stop
0.6217579245567322,0.7985283732414246,0.5378215909004211,0.7785813808441162,0.4622969627380371,0.6874101758003235,0.4137614071369171,0.6057814955711365,0.3687860071659088,0.5589544773101807,0.5107558369636536,0.5393847227096558,0.4733142852783203,0.43939754366874695,0.4526911973953247,0.3750820755958557,0.4391261637210846,0.318001925945282,0.5604766011238098,0.5077747702598572,0.5501985549926758,0.38212162256240845,0.5410065054893494,0.30006223917007446,0.5335626602172852,0.23647457361221313,0.6095564961433411,0.5013319253921509,0.6080390810966492,0.38882875442504883,0.6019153594970703,0.31624412536621094,0.5955178141593933,0.2562732398509979,0.656225860118866,0.5164065957069397,0.688141405582428,0.43402189016342163,0.7101519703865051,0.3765091598033905,0.7289168834686279,0.32661542296409607,Stop
0.6294547319412231,0.7906687259674072,0.5436275601387024,0.7724542617797852,0.4668542742729187,0.6813376545906067,0.4188631772994995,0.5986604690551758,0.3737695813179016,0.5512035489082336,0.513831377029419,0.5306949615478516,0.4763876497745514,0.4283462166786194,0.4574344754219055,0.36277711391448975,0.44557052850723267,0.3045192062854767,0.5654321908950806,0.4987030029296875,0.557036817073822,0.36971649527549744,0.5488346815109253,0.2865254878997803,0.541973352432251,0.22271683812141418,0.6149256825447083,0.4927724003791809,0.6157529950141907,0.3796173334121704,0.6100633144378662,0.3074466586112976,0.6039623022079468,0.2481881082057953,0.6612709164619446,0.5085212588310242,0.6944054365158081,0.4258260130882263,0.7169827818870544,0.36758944392204285,0.7361527681350708,0.3165307939052582,Stop
0.6323204040527344,0.7879486083984375,0.5469092726707458,0.7657971978187561,0.47206762433052063,0.672379732131958,0.4234130382537842,0.5874358415603638,0.37717199325561523,0.5390303730964661,0.518792450428009,0.5210667848587036,0.4837646782398224,0.4158915877342224,0.46485400199890137,0.349862664937973,0.4525946378707886,0.29106470942497253,0.570219874382019,0.49025586247444153,0.5622103214263916,0.36097508668899536,0.5550180077552795,0.2777697443962097,0.5487749576568604,0.2124154269695282,0.620006263256073,0.485626220703125,0.6224319934844971,0.36905354261398315,0.6182212233543396,0.2943081855773926,0.6130430102348328,0.2321813404560089,0.6671246290206909,0.5027795433998108,0.7014871835708618,0.4174075722694397,0.725308895111084,0.35800766944885254,0.7456003427505493,0.30576735734939575,Stop
0.6374323964118958,0.7809529900550842,0.5519502758979797,0.755551278591156,0.47671937942504883,0.659636914730072,0.4286242127418518,0.5755911469459534,0.383175253868103,0.5289897918701172,0.5267429947853088,0.5113736391067505,0.4899609088897705,0.4059072732925415,0.4705447852611542,0.3390653729438782,0.4581732451915741,0.27995383739471436,0.5779656767845154,0.48193228244781494,0.5689129829406738,0.35202085971832275,0.5617542266845703,0.2680211663246155,0.5562713742256165,0.2015770971775055,0.6272661685943604,0.47795724868774414,0.6289235353469849,0.36076682806015015,0.6246439814567566,0.2855723202228546,0.6198389530181885,0.22245553135871887,0.6738929152488708,0.49491554498672485,0.7068556547164917,0.408690869808197,0.7310479283332825,0.3489287495613098,0.752138614654541,0.296021044254303,Stop
0.6363747715950012,0.7825719714164734,0.5517980456352234,0.7581648230552673,0.47683626413345337,0.664169192314148,0.429691880941391,0.5808810591697693,0.38676536083221436,0.5279546976089478,0.5270038843154907,0.5116311311721802,0.49286606907844543,0.40555089712142944,0.4722263514995575,0.3382342457771301,0.4575611352920532,0.27823054790496826,0.5778341293334961,0.48262301087379456,0.5688116550445557,0.35276103019714355,0.5608508586883545,0.2691735625267029,0.5539087653160095,0.20217061042785645,0.6268348693847656,0.47912201285362244,0.6278245449066162,0.36320728063583374,0.6236944198608398,0.28766128420829773,0.6189952492713928,0.2240212857723236,0.6728875041007996,0.4962465167045593,0.7057769298553467,0.411655068397522,0.7295676469802856,0.35217952728271484,0.7503795623779297,0.2994184195995331,Stop
0.6557446122169495,0.7661827802658081,0.5687955617904663,0.7382347583770752,0.4934845566749573,0.6417829990386963,0.45006802678108215,0.5452125668525696,0.4055038094520569,0.49029651284217834,0.5434883832931519,0.4926469027996063,0.5131527781486511,0.38109827041625977,0.4967946708202362,0.31263241171836853,0.4844086468219757,0.2504778206348419,0.5956047773361206,0.46434566378593445,0.5903105735778809,0.3313465118408203,0.5852407813072205,0.24712058901786804,0.5797838568687439,0.1772180199623108,0.645245373249054,0.4626840651035309,0.6495320796966553,0.34369903802871704,0.6469235420227051,0.2659395933151245,0.643261730670929,0.19891244173049927,0.6933311223983765,0.4818238317966461,0.7255895733833313,0.39106184244155884,0.7486029267311096,0.3288474678993225,0.7682614922523499,0.274052232503891,Stop
0.6595619916915894,0.7638309001922607,0.5728718042373657,0.7337244749069214,0.5008311867713928,0.6338372230529785,0.4584435522556305,0.5416545867919922,0.4176897704601288,0.48512738943099976,0.5532128214836121,0.4910494089126587,0.5274583101272583,0.3864881098270416,0.5087999105453491,0.32239437103271484,0.49229326844215393,0.2648327946662903,0.6015408039093018,0.4658847153186798,0.5924850106239319,0.3376178741455078,0.5841064453125,0.25692692399024963,0.5755216479301453,0.18843501806259155,0.6484094262123108,0.46562862396240234,0.6475293040275574,0.3435320258140564,0.6440758109092712,0.2677639424800873,0.6391502022743225,0.20003417134284973,0.6952696442604065,0.4835101366043091,0.7199013233184814,0.3889850974082947,0.7401572465896606,0.32704398036003113,0.7576586604118347,0.26985421776771545,Stop
0.6636300086975098,0.7671104669570923,0.5766573548316956,0.7294222116470337,0.5077943205833435,0.6319658756256104,0.4689498841762543,0.5423504114151001,0.4326309561729431,0.48366641998291016,0.5603296160697937,0.49950844049453735,0.5392297506332397,0.4019821286201477,0.5215872526168823,0.3444482684135437,0.5037217736244202,0.2933240532875061,0.6063541173934937,0.47654247283935547,0.5964292287826538,0.35776054859161377,0.5822412967681885,0.28531888127326965,0.5665838718414307,0.2247772216796875,0.6515638828277588,0.47444987297058105,0.6497637629508972,0.358066201210022,0.6409774422645569,0.2851911783218384,0.6302110552787781,0.22109895944595337,0.6964720487594604,0.4882190525531769,0.712638795375824,0.39070823788642883,0.7235048413276672,0.32523226737976074,0.7312090396881104,0.2643992304801941,Stop
0.6702193021774292,0.7757509350776672,0.5909029841423035,0.7332658767700195,0.5319132804870605,0.6408030390739441,0.4994167685508728,0.5550878643989563,0.46804457902908325,0.49262693524360657,0.5742945671081543,0.5215809941291809,0.559958279132843,0.41158172488212585,0.5368727445602417,0.430247038602829,0.5348713397979736,0.47366347908973694,0.6141966581344604,0.5070779919624329,0.5970182418823242,0.3875741958618164,0.570111095905304,0.4238373637199402,0.5672023296356201,0.47826051712036133,0.6540459394454956,0.5030333995819092,0.6422970294952393,0.38716238737106323,0.6112675070762634,0.4212939143180847,0.6031776070594788,0.47405683994293213,0.6967016458511353,0.5106418132781982,0.6852872967720032,0.4132176637649536,0.655297040939331,0.42231887578964233,0.6393343210220337,0.45958212018013,Stop
0.6717045903205872,0.7820165157318115,0.5904671549797058,0.7305930852890015,0.5388582944869995,0.6423559188842773,0.5120508670806885,0.5618712902069092,0.4852948486804962,0.5006617307662964,0.5749588012695312,0.540023684501648,0.550001859664917,0.43649694323539734,0.5227494239807129,0.47418782114982605,0.5192161798477173,0.5282490849494934,0.6125578284263611,0.5304564833641052,0.5850077271461487,0.42326676845550537,0.5544664859771729,0.4769122302532196,0.5522040724754333,0.5372371673583984,0.6512723565101624,0.5307762026786804,0.6282031536102295,0.428864985704422,0.5933316349983215,0.4812944531440735,0.586042582988739,0.543308675289154,0.6933426856994629,0.5396283864974976,0.6670029759407043,0.4623306095600128,0.6323383450508118,0.488059401512146,0.6175611019134521,0.5322232842445374,Stop
0.6711175441741943,0.7923575639724731,0.5914533734321594,0.7329062819480896,0.5440108776092529,0.65335613489151,0.5171943306922913,0.5759365558624268,0.49414050579071045,0.5084013342857361,0.5828143358230591,0.5589801073074341,0.5625314712524414,0.4845775365829468,0.5455133318901062,0.5450335144996643,0.5473164916038513,0.6040932536125183,0.6176061034202576,0.551205039024353,0.5903503894805908,0.4667254388332367,0.5684480667114258,0.5362725853919983,0.5695720314979553,0.6019996404647827,0.656183660030365,0.5522494316101074,0.6285831332206726,0.4674023985862732,0.6002523303031921,0.5289679765701294,0.5939692258834839,0.5928962230682373,0.700705885887146,0.5622114539146423,0.6660946607589722,0.5086961388587952,0.6299425363540649,0.5401183366775513,0.609533965587616,0.5804470777511597,Stop
0.6704077124595642,0.7975545525550842,0.5932317972183228,0.7492294311523438,0.5491040349006653,0.6712777018547058,0.5267326235771179,0.5933322906494141,0.5027284622192383,0.5284331440925598,0.5860027074813843,0.582128643989563,0.5665128827095032,0.5106837749481201,0.5450099110603333,0.559170663356781,0.5408633947372437,0.6146142482757568,0.6180722117424011,0.5734927654266357,0.5905712842941284,0.4984901547431946,0.5685721635818481,0.5599582195281982,0.5680334568023682,0.6208264231681824,0.6548409461975098,0.5722920298576355,0.6227720975875854,0.49964168667793274,0.5995463728904724,0.5627356171607971,0.5977871417999268,0.6253705024719238,0.6982752680778503,0.5786693096160889,0.6608895063400269,0.5309340357780457,0.6319721937179565,0.5698489546775818,0.6209123730659485,0.617301344871521,Stop
0.6670086979866028,0.8064536452293396,0.5949961543083191,0.7599905729293823,0.5556197166442871,0.6876401901245117,0.5343409180641174,0.6198121309280396,0.5153478980064392,0.556438148021698,0.5920590758323669,0.595523476600647,0.5673770308494568,0.5389804840087891,0.5487470030784607,0.5957466959953308,0.5497190952301025,0.6524034738540649,0.6206278204917908,0.58716881275177,0.5892748236656189,0.5255741477012634,0.5693331360816956,0.5954305529594421,0.5729265213012695,0.6578066349029541,0.6552186012268066,0.5848894715309143,0.6186243295669556,0.5236634612083435,0.5982834696769714,0.5949656367301941,0.6027507781982422,0.6596914529800415,0.6963157653808594,0.5897154808044434,0.6548348069190979,0.545570969581604,0.6291666030883789,0.5906831622123718,0.6255248188972473,0.6424658894538879,Stop
0.665414571762085,0.8175625801086426,0.5954403281211853,0.7756643295288086,0.5606457591056824,0.7061928510665894,0.5429190397262573,0.6417564153671265,0.5230776071548462,0.5810468196868896,0.5937046408653259,0.6199870705604553,0.5676895380020142,0.566673219203949,0.551901638507843,0.6228107213973999,0.5558912754058838,0.6767297983169556,0.6184585094451904,0.6107366681098938,0.5871875286102295,0.5521711111068726,0.570250928401947,0.6239789724349976,0.5780937671661377,0.6835483312606812,0.6504706740379333,0.6065425872802734,0.6136438250541687,0.547527551651001,0.5962553024291992,0.6204639673233032,0.6054224967956543,0.6828890442848206,0.6894083619117737,0.6094439625740051,0.6467190384864807,0.5660456418991089,0.6240159273147583,0.6141494512557983,0.6262040734291077,0.666490912437439,Stop
0.6596112847328186,0.8102506995201111,0.5944957733154297,0.7700823545455933,0.5593233108520508,0.7020084261894226,0.5415249466896057,0.6395461559295654,0.5217546820640564,0.5816986560821533,0.5951712131500244,0.6177536845207214,0.5700427889823914,0.5644010901451111,0.5532500147819519,0.6214446425437927,0.5553762316703796,0.6780744194984436,0.6211906671524048,0.6089673638343811,0.5895497798919678,0.5512269139289856,0.5719793438911438,0.6246511936187744,0.5785547494888306,0.6858016848564148,0.653224527835846,0.6055202484130859,0.6161485910415649,0.5455139875411987,0.5972388982772827,0.6198127865791321,0.6044088006019592,0.683992326259613,0.6912086606025696,0.6090327501296997,0.646497905254364,0.5658541917800903,0.62354975938797,0.6144806742668152,0.6244900822639465,0.6668661832809448,Stop
0.6580125093460083,0.8219711184501648,0.5955286622047424,0.7867550849914551,0.5622780323028564,0.7226957082748413,0.5453377366065979,0.6614407300949097,0.5290354490280151,0.6053521633148193,0.5931724905967712,0.6388833522796631,0.5722591280937195,0.5874748229980469,0.5524113774299622,0.6343873739242554,0.5502919554710388,0.6859017610549927,0.6172046661376953,0.6295591592788696,0.588019847869873,0.5764703750610352,0.5703375935554504,0.641508936882019,0.5752676129341125,0.7022640109062195,0.6478707790374756,0.6234921813011169,0.6103942394256592,0.5764803886413574,0.5955307483673096,0.6455187201499939,0.6050180196762085,0.7092225551605225,0.6852054595947266,0.6228832602500916,0.6418390274047852,0.5876960754394531,0.6200692057609558,0.6328971982002258,0.6213428974151611,0.685512900352478,Stop
0.644134521484375,0.8787728548049927,0.5843959450721741,0.8506830930709839,0.5551738739013672,0.7990838289260864,0.5388451814651489,0.7455417513847351,0.5224435329437256,0.700345516204834,0.5846020579338074,0.7189298868179321,0.5624536871910095,0.6683096885681152,0.5465948581695557,0.7162752747535706,0.5468333959579468,0.7697387933731079,0.6055095791816711,0.7079369425773621,0.5707943439483643,0.6576288938522339,0.5558926463127136,0.7213658094406128,0.562134861946106,0.7783017158508301,0.633224368095398,0.6988903880119324,0.5894839763641357,0.6579279899597168,0.5788182020187378,0.724675178527832,0.590884804725647,0.7812018990516663,0.6667256355285645,0.6958646178245544,0.6190577745437622,0.6705501675605774,0.6041011214256287,0.7192555665969849,0.6123358607292175,0.7669174671173096,Stop
0.642361044883728,0.8991408944129944,0.5822373628616333,0.8797123432159424,0.5503047108650208,0.8357957601547241,0.5339502096176147,0.7828383445739746,0.5199723243713379,0.7409981489181519,0.5763458609580994,0.7662613987922668,0.5546087026596069,0.7291707992553711,0.5427303314208984,0.7667602300643921,0.5455458760261536,0.8102312684059143,0.5939433574676514,0.7496122121810913,0.5639603734016418,0.7017539143562317,0.5521745085716248,0.7540035843849182,0.5592403411865234,0.8064264059066772,0.6187918186187744,0.734376847743988,0.5813555121421814,0.692260205745697,0.5741268396377563,0.7500972151756287,0.5884268879890442,0.8039685487747192,0.6505930423736572,0.722262978553772,0.6099263429641724,0.6955471634864807,0.5979588627815247,0.7366089820861816,0.6078808903694153,0.7819808721542358,Stop
0.6369665265083313,0.8972328305244446,0.5809947848320007,0.888850212097168,0.5491551160812378,0.8489871621131897,0.5326328277587891,0.7992709279060364,0.5202242732048035,0.757686972618103,0.574261486530304,0.7774538397789001,0.5526075959205627,0.7482025027275085,0.5417581796646118,0.7848849892616272,0.5439501404762268,0.8259631395339966,0.59018874168396,0.759849488735199,0.5632148385047913,0.7153905630111694,0.5492842197418213,0.7605807781219482,0.5516558885574341,0.8111671805381775,0.6144891977310181,0.7436979413032532,0.5793811678886414,0.7029249668121338,0.5707802176475525,0.7583274245262146,0.5810671448707581,0.8121076226234436,0.6462129354476929,0.7298082709312439,0.6067513823509216,0.7062576413154602,0.5959558486938477,0.7468164563179016,0.603183925151825,0.7926356196403503,Stop
0.6366592049598694,0.8944453001022339,0.5817895531654358,0.8939002156257629,0.5508872270584106,0.8555314540863037,0.5353362560272217,0.8073366284370422,0.521264910697937,0.7669472694396973,0.5769354104995728,0.7863606214523315,0.5534527897834778,0.7576045393943787,0.5438896417617798,0.7905959486961365,0.5499419569969177,0.8282923698425293,0.5918713808059692,0.76753830909729,0.5636186599731445,0.7222926616668701,0.5515761375427246,0.7650049328804016,0.5589571595191956,0.8128655552864075,0.6143407821655273,0.7493715882301331,0.5794068574905396,0.7099486589431763,0.5716969966888428,0.7631039023399353,0.5863419771194458,0.8137754201889038,0.6439143419265747,0.732637345790863,0.6056177616119385,0.711228609085083,0.5935500860214233,0.7493159770965576,0.6023719310760498,0.7931203842163086,Stop
0.6348711848258972,0.8927752375602722,0.5818778276443481,0.8964617252349854,0.550512433052063,0.8600377440452576,0.5343174934387207,0.8135374188423157,0.5228812098503113,0.7733721137046814,0.5764442086219788,0.7871037125587463,0.5530807375907898,0.7616110444068909,0.5452757477760315,0.7928699851036072,0.5539060831069946,0.8282565474510193,0.5911628007888794,0.7683851718902588,0.5639880895614624,0.7294611930847168,0.5567782521247864,0.7739490270614624,0.5681332349777222,0.8217766880989075,0.6133792400360107,0.7499500513076782,0.5788268446922302,0.714646577835083,0.5744708180427551,0.7672848105430603,0.5917491316795349,0.8177554607391357,0.6421032547950745,0.7321485280990601,0.6037505269050598,0.7116132974624634,0.5921812653541565,0.7510465383529663,0.6020915508270264,0.7965183854103088,Stop
0.6345640420913696,0.8874562382698059,0.5810061693191528,0.8947080969810486,0.5503393411636353,0.8618835806846619,0.5343308448791504,0.8171688318252563,0.5250128507614136,0.7772846817970276,0.5791230797767639,0.7895559668540955,0.5571459531784058,0.7613335847854614,0.5451567769050598,0.7903883457183838,0.5493318438529968,0.8253272771835327,0.5926300287246704,0.7706436514854431,0.5645034313201904,0.730070948600769,0.5540952682495117,0.7754231691360474,0.5640038847923279,0.8235059976577759,0.6136813163757324,0.7512906193733215,0.5774844884872437,0.7185133099555969,0.5719879269599915,0.7739983201026917,0.5897475481033325,0.8244242072105408,0.6416239142417908,0.7313535809516907,0.60199373960495,0.7102706432342529,0.5900198221206665,0.7490941286087036,0.6011158227920532,0.7932761907577515,Stop
0.6343579292297363,0.882612407207489,0.5837041735649109,0.8945945501327515,0.553106427192688,0.8638478517532349,0.5366159677505493,0.8209326267242432,0.5262264013290405,0.7826433777809143,0.5811983346939087,0.7938805222511292,0.5592949986457825,0.7694019079208374,0.5453844666481018,0.7902654409408569,0.5471251606941223,0.8179669976234436,0.5939888954162598,0.7734476327896118,0.5658315420150757,0.7346090078353882,0.5555728673934937,0.7744973301887512,0.5643659234046936,0.8191016316413879,0.6139695644378662,0.7525787949562073,0.5784266591072083,0.7187573909759521,0.573232114315033,0.7701787352561951,0.5901219248771667,0.8190327882766724,0.6403792500495911,0.7304845452308655,0.601067304611206,0.7111954092979431,0.5894750356674194,0.7491551637649536,0.6002560257911682,0.7933327555656433,Stop
0.6437355279922485,0.8774584531784058,0.5896221995353699,0.890784502029419,0.5589907169342041,0.8619368076324463,0.5418809652328491,0.820205569267273,0.5337924361228943,0.7816740274429321,0.5850878357887268,0.8011308908462524,0.56239914894104,0.776667058467865,0.551824152469635,0.7947105765342712,0.5571444034576416,0.8182697296142578,0.596911609172821,0.7783976197242737,0.5695878267288208,0.7397404313087463,0.5633801817893982,0.7759850025177002,0.5756469964981079,0.8149409890174866,0.6157625317573547,0.7545896768569946,0.583393394947052,0.7184613347053528,0.5795637965202332,0.7631409764289856,0.5977690815925598,0.805880069732666,0.6411498785018921,0.7292520403862,0.6066785454750061,0.7088939547538757,0.5937173962593079,0.7432928085327148,0.6031187772750854,0.7845363020896912,Stop
0.6451590657234192,0.8721811175346375,0.5934427976608276,0.8839960098266602,0.5630165338516235,0.8579578399658203,0.5439896583557129,0.8145239949226379,0.53607577085495,0.7754616141319275,0.5934949517250061,0.789210855960846,0.5731154680252075,0.7613668441772461,0.5587074756622314,0.7805050015449524,0.560249388217926,0.8058367967605591,0.6060385704040527,0.7682007551193237,0.5793223977088928,0.7296932339668274,0.5660409927368164,0.7645682692527771,0.5722998976707458,0.8057687282562256,0.6246868371963501,0.7478529810905457,0.5911231637001038,0.7114971876144409,0.5811787843704224,0.7566131353378296,0.5937513113021851,0.8022159337997437,0.650029182434082,0.726898193359375,0.6148110032081604,0.7046635746955872,0.6001286506652832,0.740642786026001,0.6071246862411499,0.7845333218574524,Stop
0.6471318006515503,0.8631342053413391,0.5953055620193481,0.8772497177124023,0.5623115301132202,0.8502646684646606,0.5420066714286804,0.8096238374710083,0.5364988446235657,0.7702693939208984,0.6013126373291016,0.7858371138572693,0.5838639140129089,0.7578257322311401,0.5637111663818359,0.7652199268341064,0.5565667152404785,0.7845633625984192,0.6139410734176636,0.7648818492889404,0.5907434225082397,0.7243958115577698,0.5696603059768677,0.7457060217857361,0.564544677734375,0.7800124287605286,0.6331555843353271,0.7440870404243469,0.5998170971870422,0.7052011489868164,0.5845758318901062,0.7414528131484985,0.589774489402771,0.7845972180366516,0.6581152677536011,0.7221997976303101,0.6227754354476929,0.6968464255332947,0.6062883138656616,0.728553831577301,0.6098594069480896,0.7743116021156311,Stop
0.6721658706665039,0.8344871401786804,0.6218718886375427,0.8481859564781189,0.5822310447692871,0.8296314477920532,0.5527735948562622,0.7943660020828247,0.5347629189491272,0.759314239025116,0.6102216243743896,0.7692131400108337,0.5880823135375977,0.7450265288352966,0.5711986422538757,0.7520809769630432,0.5649530291557312,0.7695932984352112,0.623279333114624,0.7443253993988037,0.5992027521133423,0.7143608331680298,0.5844510197639465,0.7306949496269226,0.5805007219314575,0.7534314393997192,0.6428750157356262,0.7206000685691833,0.6143144369125366,0.6869388222694397,0.600712239742279,0.7104412913322449,0.6009292602539062,0.7395119071006775,0.669061005115509,0.6981374621391296,0.639367938041687,0.6722217798233032,0.6245341897010803,0.6963725090026855,0.6246823668479919,0.7321040630340576,Stop
0.6972450613975525,0.8052816987037659,0.6549578309059143,0.8199246525764465,0.6209676265716553,0.8200702667236328,0.5952998399734497,0.8077794313430786,0.5799879431724548,0.7965669631958008,0.6297972202301025,0.7529869079589844,0.6066088676452637,0.7357889413833618,0.5839470624923706,0.7399159669876099,0.5658826231956482,0.74921715259552,0.64192134141922,0.7226922512054443,0.6168562173843384,0.7011964321136475,0.5944900512695312,0.7109020948410034,0.5761173963546753,0.7261132001876831,0.6590394377708435,0.6966882348060608,0.6330694556236267,0.6713092923164368,0.608755350112915,0.6828369498252869,0.5909250974655151,0.7031950354576111,0.6828607320785522,0.6734189391136169,0.6544023156166077,0.6540303230285645,0.6312969923019409,0.6665984988212585,0.6127775311470032,0.6866812705993652,Stop
0.8027271628379822,0.767279326915741,0.8119864463806152,0.7239293456077576,0.7932813167572021,0.6807464957237244,0.744771420955658,0.6624347567558289,0.7039764523506165,0.6643264293670654,0.7805187106132507,0.5836246609687805,0.7574625611305237,0.5457080006599426,0.7490713596343994,0.5753610134124756,0.745147705078125,0.6035934686660767,0.7501088976860046,0.5858900547027588,0.7304716110229492,0.5514065027236938,0.7304030656814575,0.5827589631080627,0.7320676445960999,0.611842930316925,0.7260156273841858,0.5995064377784729,0.7086252570152283,0.5626070499420166,0.7151864767074585,0.5931417942047119,0.720306932926178,0.6197307109832764,0.7069595456123352,0.6222115755081177,0.6941872835159302,0.5888651013374329,0.6992502212524414,0.606481671333313,0.705039381980896,0.62399822473526,Stop
0.5648208856582642,0.7646258473396301,0.5331849455833435,0.6839293241500854,0.47664687037467957,0.636580228805542,0.4291819930076599,0.5984411239624023,0.404278039932251,0.5566962957382202,0.42800092697143555,0.6569149494171143,0.3448224663734436,0.6906819939613342,0.30373939871788025,0.7097612023353577,0.2812443971633911,0.7197425961494446,0.4271503686904907,0.7245916128158569,0.3424816429615021,0.7545588612556458,0.3175943195819855,0.7510992288589478,0.3128740191459656,0.7389470934867859,0.431364506483078,0.7879250645637512,0.3520353436470032,0.805238664150238,0.3253284990787506,0.7921739220619202,0.3151702880859375,0.7731822729110718,0.43964633345603943,0.8421475291252136,0.37005987763404846,0.8505719900131226,0.34281373023986816,0.8409241437911987,0.32840171456336975,0.8265226483345032,Stop
0.5643408298492432,0.7852982878684998,0.5251082181930542,0.7149399518966675,0.45861077308654785,0.676831066608429,0.4051465690135956,0.6488078832626343,0.3774663507938385,0.6150683760643005,0.4180980324745178,0.680329442024231,0.3146803379058838,0.7168994545936584,0.2493678629398346,0.7376493215560913,0.2006218135356903,0.7497411966323853,0.4256933629512787,0.7410101294517517,0.3064670264720917,0.7709559202194214,0.22961807250976562,0.7729302644729614,0.17429673671722412,0.7636324763298035,0.43053966760635376,0.8044556379318237,0.31640625,0.8294577598571777,0.24444538354873657,0.825164794921875,0.19498877227306366,0.8090977668762207,0.43893152475357056,0.8660392165184021,0.33969295024871826,0.8709404468536377,0.28396105766296387,0.8638010621070862,0.2446213662624359,0.8478838205337524,Stop
0.5863488912582397,0.776742696762085,0.538820743560791,0.7126782536506653,0.4685501456260681,0.6811400651931763,0.41106340289115906,0.6566839218139648,0.3807542622089386,0.6249555945396423,0.40837347507476807,0.6767762303352356,0.3032764494419098,0.7176560759544373,0.23373647034168243,0.7398862838745117,0.18021833896636963,0.7512965202331543,0.4124773144721985,0.7155023813247681,0.29105129837989807,0.7487421631813049,0.21029452979564667,0.7539041638374329,0.14848032593727112,0.7459580302238464,0.41951534152030945,0.7736691236495972,0.30239877104759216,0.7994704842567444,0.2275673896074295,0.7988479137420654,0.16999416053295135,0.7861197590827942,0.43456244468688965,0.8470885753631592,0.33299022912979126,0.8539237380027771,0.27616754174232483,0.8508425951004028,0.23130236566066742,0.8400816917419434,Stop
0.6166972517967224,0.7966222167015076,0.5527430176734924,0.7302528619766235,0.47376567125320435,0.701015293598175,0.4167996942996979,0.6897098422050476,0.3751370310783386,0.6921519637107849,0.4078518748283386,0.684694766998291,0.2960548400878906,0.7276986837387085,0.22153566777706146,0.7445250153541565,0.1631913185119629,0.7523921132087708,0.40988507866859436,0.7191683053970337,0.2841201722621918,0.7487824559211731,0.20087724924087524,0.7502283453941345,0.1351742148399353,0.7428786754608154,0.41542214155197144,0.7777491807937622,0.2946733236312866,0.7983701229095459,0.2159770131111145,0.7942619323730469,0.1529354453086853,0.7811819314956665,0.4270530939102173,0.8530041575431824,0.3236994445323944,0.8512228727340698,0.26034826040267944,0.8429420590400696,0.20775406062602997,0.8303377628326416,Stop
0.6327348947525024,0.8141943216323853,0.5593279600143433,0.7362073659896851,0.4786674678325653,0.705750584602356,0.4170103073120117,0.6988890767097473,0.3682255148887634,0.7073264122009277,0.41233327984809875,0.7019619345664978,0.30376532673835754,0.7434290647506714,0.23100358247756958,0.767223060131073,0.17340920865535736,0.7775343656539917,0.40642261505126953,0.732888400554657,0.27063971757888794,0.7606915831565857,0.18189063668251038,0.7605910897254944,0.11205476522445679,0.751209020614624,0.40667885541915894,0.7878115773200989,0.2791391611099243,0.800962507724762,0.19676196575164795,0.7907588481903076,0.13028204441070557,0.7728391289710999,0.4123648405075073,0.8565196394920349,0.3091026246547699,0.8537276983261108,0.24494634568691254,0.8410599231719971,0.19132371246814728,0.8235654830932617,Stop
0.6341612935066223,0.837486982345581,0.5560905337333679,0.7542233467102051,0.47839847207069397,0.721365749835968,0.4171695113182068,0.7076144218444824,0.36941292881965637,0.707127571105957,0.40639644861221313,0.7019039392471313,0.29752272367477417,0.758355438709259,0.23570553958415985,0.7986770868301392,0.19151584804058075,0.8168467283248901,0.39814406633377075,0.7324562668800354,0.25711846351623535,0.763881266117096,0.16825297474861145,0.7633450627326965,0.0999409556388855,0.7539507746696472,0.3981090188026428,0.7881262302398682,0.2618398368358612,0.8066214323043823,0.18012753129005432,0.7965684533119202,0.11429828405380249,0.7770745754241943,0.4022205173969269,0.8571683764457703,0.29650506377220154,0.8597174286842346,0.2307630181312561,0.8446812629699707,0.17420634627342224,0.8227165341377258,Stop
0.6354953646659851,0.8409289121627808,0.5484512448310852,0.7569305896759033,0.4641047716140747,0.7330604791641235,0.40089499950408936,0.7290834784507751,0.35496893525123596,0.7438392043113708,0.3988395631313324,0.7023478150367737,0.29329144954681396,0.7584054470062256,0.2418525665998459,0.803813099861145,0.21036583185195923,0.8227639198303223,0.3891313374042511,0.7334855198860168,0.25144657492637634,0.7652339935302734,0.1645445078611374,0.7700033783912659,0.0982043445110321,0.7620676755905151,0.3895576596260071,0.7887855172157288,0.2548397183418274,0.8058039546012878,0.1737261712551117,0.7979224324226379,0.10774052143096924,0.7756566405296326,0.3962816298007965,0.8573562502861023,0.28861159086227417,0.8666959404945374,0.22394220530986786,0.8565810322761536,0.1682223230600357,0.8356213569641113,Stop
0.6377276182174683,0.8538208603858948,0.554323673248291,0.7633889317512512,0.46511489152908325,0.7386291027069092,0.3996838927268982,0.732870876789093,0.35285302996635437,0.7425014972686768,0.3957403898239136,0.711965799331665,0.2902258634567261,0.7621787786483765,0.23021671175956726,0.7991370558738708,0.18748845160007477,0.8122518062591553,0.38714349269866943,0.741938591003418,0.25194019079208374,0.7741577625274658,0.16654041409492493,0.7791635394096375,0.09985196590423584,0.7708601355552673,0.3871334493160248,0.7952905893325806,0.2540174722671509,0.8139634728431702,0.17465698719024658,0.8066089153289795,0.1081354022026062,0.7848984003067017,0.3924568295478821,0.8608590960502625,0.28655362129211426,0.8694229125976562,0.22207285463809967,0.8590448498725891,0.16484175622463226,0.8368817567825317,Stop
0.627968966960907,0.8600443601608276,0.5392112135887146,0.7690721154212952,0.4486946761608124,0.7471799850463867,0.38116323947906494,0.7447524666786194,0.3319106101989746,0.7596046328544617,0.3851444125175476,0.7206317782402039,0.27626878023147583,0.7663041353225708,0.2092573493719101,0.795545220375061,0.15635690093040466,0.805052638053894,0.37953150272369385,0.7458688616752625,0.24440740048885345,0.7765235304832458,0.1619279384613037,0.7816447615623474,0.09679999947547913,0.7736802101135254,0.3811878561973572,0.7955788969993591,0.24858713150024414,0.8141677975654602,0.17027531564235687,0.8090333342552185,0.10592862963676453,0.7887271046638489,0.3864199221134186,0.8598152995109558,0.2812407612800598,0.8691576719284058,0.21710707247257233,0.8601803183555603,0.1605682075023651,0.8379672169685364,Stop
0.6265194416046143,0.8652157783508301,0.5384764075279236,0.7833060026168823,0.44718050956726074,0.7641677260398865,0.3823314309120178,0.766930341720581,0.3349655568599701,0.7886773347854614,0.3809788227081299,0.7209745049476624,0.27688974142074585,0.7760573029518127,0.21300549805164337,0.8097862601280212,0.1636175662279129,0.819638729095459,0.37495118379592896,0.7443788051605225,0.24540457129478455,0.7834828495979309,0.1645071655511856,0.7898465394973755,0.0989910364151001,0.7815218567848206,0.37761107087135315,0.7937657833099365,0.24928933382034302,0.817021369934082,0.17265193164348602,0.8124989867210388,0.10713747143745422,0.7911679148674011,0.38558268547058105,0.8592939972877502,0.283142626285553,0.8686419129371643,0.21926337480545044,0.8593214750289917,0.1613551527261734,0.8365124464035034,Stop
0.6259992718696594,0.8718216419219971,0.536023736000061,0.7886971831321716,0.4402139186859131,0.773591935634613,0.37156280875205994,0.7771555781364441,0.32021287083625793,0.7959175109863281,0.3773419260978699,0.7324090600013733,0.26970410346984863,0.7831600904464722,0.201364204287529,0.8076406121253967,0.14730776846408844,0.8079004287719727,0.37494096159935,0.7517170310020447,0.24710623919963837,0.7961827516555786,0.16688355803489685,0.7993815541267395,0.10203751921653748,0.7857729196548462,0.3789431154727936,0.795487642288208,0.25245025753974915,0.8268102407455444,0.17568914592266083,0.8193871378898621,0.1111551821231842,0.7948253750801086,0.3863604664802551,0.853272020816803,0.28333085775375366,0.8650425672531128,0.21965613961219788,0.8553110957145691,0.16294483840465546,0.8309222459793091,Stop
0.6181693077087402,0.8666979074478149,0.5318043231964111,0.782404899597168,0.4399821162223816,0.7655645608901978,0.37422966957092285,0.7686249017715454,0.3253692388534546,0.7930182218551636,0.3782086968421936,0.7213666439056396,0.27581578493118286,0.7758232951164246,0.21409565210342407,0.8096581101417542,0.16691932082176208,0.8225173354148865,0.3704430162906647,0.7456135153770447,0.24791261553764343,0.7943316102027893,0.17552553117275238,0.8057766556739807,0.11782708764076233,0.8038985133171082,0.37077078223228455,0.7908996343612671,0.24465608596801758,0.8236439228057861,0.1754353642463684,0.8247732520103455,0.116758793592453,0.8094487190246582,0.37541601061820984,0.8471999764442444,0.26969271898269653,0.8582033514976501,0.20935013890266418,0.8490959405899048,0.15536676347255707,0.8277087807655334,Stop
0.6162338256835938,0.8681626915931702,0.5310036540031433,0.7891634702682495,0.4379936456680298,0.7721859216690063,0.37288710474967957,0.7753748893737793,0.3238646984100342,0.7987885475158691,0.37420853972435,0.7227813601493835,0.2729490101337433,0.780620813369751,0.2098764181137085,0.8106727004051208,0.15936726331710815,0.8183017373085022,0.37097030878067017,0.7441186904907227,0.2531289756298065,0.7973350882530212,0.18150202929973602,0.8072585463523865,0.1233777403831482,0.8017077445983887,0.37507882714271545,0.7877065539360046,0.2557796537876129,0.8231531977653503,0.1872691959142685,0.8245883584022522,0.12815380096435547,0.808575451374054,0.3843270242214203,0.8431612849235535,0.2845686376094818,0.8549885749816895,0.22641697525978088,0.8469968438148499,0.17310203611850739,0.8271579146385193,Stop
0.6120799779891968,0.869082510471344,0.5273818373680115,0.7932953238487244,0.4397345185279846,0.7763819694519043,0.3786010146141052,0.7784979939460754,0.3322983682155609,0.8001068830490112,0.378452330827713,0.7228286266326904,0.2796592712402344,0.7825567722320557,0.21976140141487122,0.8182089924812317,0.17419444024562836,0.8283485770225525,0.3749406039714813,0.7422688603401184,0.2531374394893646,0.7930548191070557,0.17888273298740387,0.8032528758049011,0.12057167291641235,0.7983769774436951,0.3792385160923004,0.7847344875335693,0.2553825378417969,0.8185131549835205,0.1856686770915985,0.8221249580383301,0.12746208906173706,0.8089234828948975,0.3885604739189148,0.8399665355682373,0.287183552980423,0.8535844087600708,0.2278837263584137,0.8474951982498169,0.17425264418125153,0.8301761150360107,Stop
0.6145458221435547,0.8655678629875183,0.5316961407661438,0.7894042730331421,0.4443092346191406,0.7701997756958008,0.38367581367492676,0.7737811803817749,0.3371686041355133,0.7979741096496582,0.3813572824001312,0.718958854675293,0.28263309597969055,0.7818006873130798,0.22121623158454895,0.8186037540435791,0.17377132177352905,0.8305948972702026,0.3760949671268463,0.7391937971115112,0.2569364905357361,0.7902453541755676,0.18357738852500916,0.8019950985908508,0.12598317861557007,0.7996823787689209,0.37845924496650696,0.7823458909988403,0.2589595913887024,0.8156214356422424,0.18896347284317017,0.821143388748169,0.1305805742740631,0.8103825449943542,0.3861710727214813,0.8374051451683044,0.28654271364212036,0.8508109450340271,0.22792626917362213,0.845943808555603,0.17539821565151215,0.8304551839828491,Stop
0.6138989329338074,0.8670752048492432,0.533074140548706,0.7882291078567505,0.4463267922401428,0.7684065699577332,0.3859894871711731,0.7717504501342773,0.3406795561313629,0.7963167428970337,0.38417133688926697,0.717522144317627,0.2868036925792694,0.7787795066833496,0.22491900622844696,0.8145608901977539,0.17711280286312103,0.8259321451187134,0.3782118558883667,0.737790048122406,0.2602502107620239,0.7877317667007446,0.18608370423316956,0.7995579838752747,0.12705424427986145,0.7975839972496033,0.38014310598373413,0.7811272144317627,0.2630198001861572,0.8149519562721252,0.19221115112304688,0.8208633661270142,0.1325644552707672,0.8110742568969727,0.38708892464637756,0.8368492126464844,0.28834816813468933,0.8504809737205505,0.22967499494552612,0.8466230034828186,0.17695759236812592,0.8322550654411316,Stop
0.6198769211769104,0.8649632334709167,0.5396579504013062,0.7873260974884033,0.45325592160224915,0.7656542658805847,0.3944423496723175,0.7688902616500854,0.3497322201728821,0.7926347255706787,0.389037162065506,0.7122747302055359,0.29638946056365967,0.7739266157150269,0.24022534489631653,0.8142579197883606,0.2014319896697998,0.826301097869873,0.38129642605781555,0.733866810798645,0.264407753944397,0.7853725552558899,0.18907597661018372,0.7983790040016174,0.1303156018257141,0.7966427206993103,0.3828270137310028,0.7780693173408508,0.26644110679626465,0.8138200044631958,0.1941518634557724,0.8193573355674744,0.13285166025161743,0.8090975284576416,0.3909396231174469,0.8320212364196777,0.29230570793151855,0.8438625931739807,0.23343490064144135,0.8388308882713318,0.18088433146476746,0.8248565196990967,Stop
0.6168404817581177,0.8627480268478394,0.5351015329360962,0.7881064414978027,0.45092466473579407,0.7694289088249207,0.39201319217681885,0.7739472389221191,0.3468382954597473,0.7969767451286316,0.39134088158607483,0.7125273942947388,0.29380953311920166,0.781067967414856,0.23604163527488708,0.82582688331604,0.19706939160823822,0.8412911295890808,0.3839340806007385,0.7336831092834473,0.2616325616836548,0.7904683351516724,0.1860530823469162,0.8046873807907104,0.12788662314414978,0.8033635020256042,0.38576972484588623,0.7773208618164062,0.2617075443267822,0.8161640167236328,0.188076913356781,0.82173752784729,0.1266413927078247,0.8097243309020996,0.39361533522605896,0.8309022784233093,0.288509726524353,0.8427606821060181,0.22784915566444397,0.8368425369262695,0.17489054799079895,0.820593535900116,Stop
0.6205310821533203,0.8598095774650574,0.5387175679206848,0.7839563488960266,0.4532066881656647,0.7638260126113892,0.393670916557312,0.7683104276657104,0.3491666913032532,0.7923840284347534,0.39172232151031494,0.7100523710250854,0.2975812554359436,0.776957631111145,0.24676384031772614,0.8208316564559937,0.21547715365886688,0.8323119282722473,0.3845977187156677,0.7332996129989624,0.2633395791053772,0.7915741205215454,0.18771792948246002,0.8049650192260742,0.12965762615203857,0.8003634810447693,0.38780829310417175,0.7782542705535889,0.2650875449180603,0.8188328742980957,0.19245438277721405,0.8254600167274475,0.13251402974128723,0.8137650489807129,0.39751914143562317,0.8315708041191101,0.29712963104248047,0.8421063423156738,0.23814624547958374,0.8358248472213745,0.1860828995704651,0.8198193907737732,Stop
0.6172170042991638,0.8574296236038208,0.5329892039299011,0.7801657915115356,0.44983115792274475,0.7601132392883301,0.39206069707870483,0.7640324831008911,0.34767255187034607,0.7869685888290405,0.38980498909950256,0.7073262333869934,0.29711705446243286,0.7773270010948181,0.2533314824104309,0.8229137659072876,0.22982226312160492,0.8344324827194214,0.38182470202445984,0.7326419949531555,0.2622022032737732,0.7942818403244019,0.190696120262146,0.8095618486404419,0.1362687051296234,0.8044041991233826,0.3851076066493988,0.7778167724609375,0.2616017460823059,0.8205312490463257,0.1895015984773636,0.8262616395950317,0.12984585762023926,0.8114392757415771,0.3951343894004822,0.8296557068824768,0.2925078868865967,0.8418595790863037,0.23380005359649658,0.8348363637924194,0.1831619143486023,0.8170490264892578,Stop
0.6187530159950256,0.8526581525802612,0.5358721613883972,0.7790773510932922,0.4526505172252655,0.7587966322898865,0.3954521417617798,0.763178288936615,0.35158538818359375,0.7869819402694702,0.39098992943763733,0.7032109498977661,0.2967597246170044,0.7702832818031311,0.24811653792858124,0.816420316696167,0.2185967117547989,0.8311383724212646,0.3829123377799988,0.7276567220687866,0.2651953101158142,0.7871899604797363,0.19361178576946259,0.8047958612442017,0.13788393139839172,0.8049284219741821,0.3852241039276123,0.7733971476554871,0.2638280987739563,0.8137068152427673,0.1923285871744156,0.8198765516281128,0.1312047839164734,0.807583749294281,0.3938905894756317,0.8278073668479919,0.2919113039970398,0.840007483959198,0.23331063985824585,0.8330179452896118,0.18161152303218842,0.8158192038536072,Stop
0.6206075549125671,0.8503991365432739,0.5388442277908325,0.7789201140403748,0.4542682468891144,0.7611055970191956,0.3963722288608551,0.76694256067276,0.35193175077438354,0.7893515825271606,0.3947145640850067,0.7028220295906067,0.2992516756057739,0.7686932682991028,0.24500228464603424,0.8135814666748047,0.20991571247577667,0.8296769261360168,0.3855929672718048,0.7263960242271423,0.26682448387145996,0.7817908525466919,0.1947946399450302,0.7991426587104797,0.13860678672790527,0.800204336643219,0.38545742630958557,0.7717564105987549,0.26489561796188354,0.8095868229866028,0.1930101364850998,0.8165542483329773,0.13185086846351624,0.8056499361991882,0.39070257544517517,0.8270004391670227,0.28761470317840576,0.8392113447189331,0.22774825990200043,0.8323508501052856,0.17492076754570007,0.8149749040603638,Stop
0.6207255125045776,0.8489922881126404,0.5382161736488342,0.7725210785865784,0.4541930556297302,0.7555323243141174,0.395592600107193,0.7621351480484009,0.35279905796051025,0.7902330756187439,0.3929999768733978,0.7034484148025513,0.29334747791290283,0.7725998163223267,0.23326893150806427,0.8115582466125488,0.18820250034332275,0.8217096924781799,0.3879636228084564,0.7237080931663513,0.26580810546875,0.7850484848022461,0.193380668759346,0.8001400828361511,0.1376202404499054,0.7989912033081055,0.3921748697757721,0.768362283706665,0.26731398701667786,0.8106234669685364,0.19533073902130127,0.8175325989723206,0.13476291298866272,0.8062543869018555,0.4018745720386505,0.8252351880073547,0.2976159453392029,0.8378757834434509,0.2365555763244629,0.8317584991455078,0.18292517960071564,0.8157103657722473,Stop
0.6231039762496948,0.8528054356575012,0.5397776365280151,0.7830517292022705,0.45465290546417236,0.7664716839790344,0.3962245285511017,0.7714661359786987,0.3511100113391876,0.7943911552429199,0.39237916469573975,0.7061861157417297,0.2922729253768921,0.7757828235626221,0.2311498522758484,0.8161817789077759,0.1867399960756302,0.8278843760490417,0.3866460621356964,0.7257488369941711,0.2666265368461609,0.7865485548973083,0.19439014792442322,0.8038660287857056,0.13839203119277954,0.8037940859794617,0.3894985020160675,0.7688732147216797,0.26695236563682556,0.8109498620033264,0.19540712237358093,0.8191270232200623,0.1350148320198059,0.8076371550559998,0.3979502320289612,0.8247852921485901,0.2923574447631836,0.8362665176391602,0.23177377879619598,0.8297780752182007,0.17913666367530823,0.8124163746833801,Stop
0.6198100447654724,0.8478123545646667,0.5369277000427246,0.7671644687652588,0.4530029296875,0.7508352994918823,0.3946131467819214,0.7573204636573792,0.35123467445373535,0.7832949161529541,0.3941282629966736,0.7045769095420837,0.29420366883277893,0.7734030485153198,0.23278439044952393,0.8105760812759399,0.18575158715248108,0.8192924857139587,0.38820260763168335,0.725578784942627,0.26688849925994873,0.7844511866569519,0.19394677877426147,0.7979551553726196,0.138236403465271,0.7947887778282166,0.3917827010154724,0.7697182893753052,0.268799364566803,0.8086764812469482,0.19768725335597992,0.81516033411026,0.13818660378456116,0.8029236793518066,0.4016166925430298,0.8245627284049988,0.3006715178489685,0.837334394454956,0.24047307670116425,0.8325788974761963,0.18749649822711945,0.8174517750740051,Stop
0.6255196928977966,0.8466383814811707,0.5418840050697327,0.7771601676940918,0.45789358019828796,0.7625356316566467,0.40070807933807373,0.7701480984687805,0.35694414377212524,0.7956641316413879,0.39410677552223206,0.7034451961517334,0.2980751395225525,0.7710633277893066,0.24135439097881317,0.8149401545524597,0.20346947014331818,0.8319565653800964,0.3862146735191345,0.72358238697052,0.2706194519996643,0.7838932871818542,0.2012861967086792,0.80487060546875,0.14721769094467163,0.8103703260421753,0.3885526955127716,0.7674976587295532,0.2682743966579437,0.8078387379646301,0.19774320721626282,0.8173068165779114,0.13690873980522156,0.8084802627563477,0.3969246745109558,0.8247926831245422,0.29190120100975037,0.8358038663864136,0.23146186769008636,0.8286131024360657,0.17835119366645813,0.8111002445220947,Stop
0.624260663986206,0.8495247960090637,0.5422719120979309,0.7672298550605774,0.4575306475162506,0.7499682307243347,0.3991604447364807,0.7576165795326233,0.35683032870292664,0.7848250865936279,0.39591723680496216,0.7030503749847412,0.29608154296875,0.7712027430534363,0.23600147664546967,0.8087804317474365,0.18890804052352905,0.8184612393379211,0.3909440040588379,0.7237474322319031,0.270010769367218,0.7832493782043457,0.19616484642028809,0.7962526082992554,0.1388680338859558,0.7938823103904724,0.39544543623924255,0.7689366340637207,0.27268069982528687,0.8073261380195618,0.20170122385025024,0.8125799894332886,0.14196667075157166,0.800766110420227,0.405827134847641,0.8250347971916199,0.30552974343299866,0.836484968662262,0.24588645994663239,0.8309167623519897,0.19327382743358612,0.8160333037376404,Stop
0.6270260214805603,0.8498321771621704,0.5433335900306702,0.7797748446464539,0.4569801688194275,0.7652580738067627,0.39819562435150146,0.7719231843948364,0.3524780869483948,0.7952288389205933,0.39471644163131714,0.7047057151794434,0.29380181431770325,0.7733991146087646,0.23418773710727692,0.8155468106269836,0.19253353774547577,0.8286963105201721,0.38840287923812866,0.7235126495361328,0.2695094645023346,0.7883266806602478,0.2003726363182068,0.8088326454162598,0.1486668586730957,0.8117225170135498,0.39115962386131287,0.7660943865776062,0.2687451243400574,0.8113211989402771,0.1995159238576889,0.8228086829185486,0.14105835556983948,0.8149357438087463,0.39980825781822205,0.8206942677497864,0.2956089973449707,0.8351153135299683,0.2359175831079483,0.8301807641983032,0.1839853674173355,0.8147545456886292,Stop
0.6252036094665527,0.8493973016738892,0.5424833297729492,0.7684766054153442,0.4561377763748169,0.7507688999176025,0.39645272493362427,0.7568768262863159,0.3534051179885864,0.7836884260177612,0.3956868052482605,0.7023704051971436,0.2916422486305237,0.7695205211639404,0.22924292087554932,0.804968535900116,0.18046168982982635,0.8126699924468994,0.39226678013801575,0.7229129076004028,0.26886436343193054,0.7861727476119995,0.1961655616760254,0.80104660987854,0.13970184326171875,0.7990047335624695,0.39807769656181335,0.7674276232719421,0.2718737721443176,0.8100135922431946,0.20076587796211243,0.8181329965591431,0.14063256978988647,0.8076098561286926,0.4100073277950287,0.8228132724761963,0.30745983123779297,0.8365120887756348,0.24680586159229279,0.8324621319770813,0.19342145323753357,0.8181245923042297,Stop
0.6264508366584778,0.8444538116455078,0.5440812110900879,0.7716720104217529,0.4562666416168213,0.7576017379760742,0.39497336745262146,0.765485942363739,0.34922394156455994,0.7928612232208252,0.3992750644683838,0.7000824809074402,0.29772520065307617,0.7630059123039246,0.23610498011112213,0.8040425181388855,0.19186389446258545,0.8203782439231873,0.3914848864078522,0.7203585505485535,0.2729891538619995,0.7803482413291931,0.20327667891979218,0.8022003173828125,0.14895614981651306,0.8088534474372864,0.3924381732940674,0.764359712600708,0.27130237221717834,0.8059546947479248,0.20172657072544098,0.818446695804596,0.14123281836509705,0.8131685853004456,0.3987967371940613,0.8211756348609924,0.29477667808532715,0.8350027799606323,0.23504962027072906,0.830173671245575,0.18188458681106567,0.814068078994751,Stop
0.6240295171737671,0.8394771814346313,0.5411453247070312,0.7691675424575806,0.4549381136894226,0.754300594329834,0.39509472250938416,0.7621586322784424,0.3504578471183777,0.7892627120018005,0.3954960107803345,0.6964371800422668,0.29487738013267517,0.7678498029708862,0.236069917678833,0.8132627010345459,0.19601181149482727,0.8311948776245117,0.3895590305328369,0.7191454768180847,0.26973700523376465,0.7859118580818176,0.20173369348049164,0.810571014881134,0.14976227283477783,0.8177484273910522,0.3927747905254364,0.7643751502037048,0.2679187059402466,0.8097606301307678,0.19699884951114655,0.822745680809021,0.1367870569229126,0.8157569766044617,0.40102455019950867,0.821392297744751,0.2924402356147766,0.8359295129776001,0.23019607365131378,0.8310134410858154,0.175889790058136,0.814111053943634,Stop
0.6263586282730103,0.8386017680168152,0.5444962382316589,0.7645021080970764,0.4592841863632202,0.7479511499404907,0.40071725845336914,0.7558180093765259,0.3582746982574463,0.7848587036132812,0.3980042040348053,0.6936914920806885,0.3017718493938446,0.7608129978179932,0.24715691804885864,0.8056704998016357,0.21185638010501862,0.8237999081611633,0.39095190167427063,0.7177467942237854,0.2714235782623291,0.7779504656791687,0.20076918601989746,0.7991360425949097,0.1460798978805542,0.8060581684112549,0.39473968744277954,0.7638804912567139,0.2702794671058655,0.8065200448036194,0.19935913383960724,0.8181752562522888,0.13884088397026062,0.8120668530464172,0.4046408534049988,0.8220149278640747,0.2965586483478546,0.8365320563316345,0.23504894971847534,0.8311450481414795,0.1815311759710312,0.8155026435852051,Stop
0.6289776563644409,0.8336068987846375,0.547105610370636,0.7542661428451538,0.4615875482559204,0.734147310256958,0.4006422460079193,0.7406749725341797,0.35699570178985596,0.7695544362068176,0.3997460603713989,0.6865461468696594,0.3004096448421478,0.7489738464355469,0.24334605038166046,0.7912981510162354,0.20738275349140167,0.8095828890800476,0.3930004835128784,0.7127640843391418,0.2764244079589844,0.777195930480957,0.21181422472000122,0.803683876991272,0.16406044363975525,0.8134163618087769,0.3970196843147278,0.7603399753570557,0.27460792660713196,0.8048810958862305,0.20532755553722382,0.8204573392868042,0.14716818928718567,0.8162500858306885,0.4067230522632599,0.8191719055175781,0.2990076541900635,0.8324159979820251,0.237478569149971,0.8261798620223999,0.1845434308052063,0.8084445595741272,Stop
0.6282580494880676,0.8333069086074829,0.5470153093338013,0.7595345973968506,0.46358489990234375,0.7406724691390991,0.40315577387809753,0.7478299140930176,0.3594292402267456,0.7757011651992798,0.4038446545600891,0.6832379698753357,0.3058215081691742,0.7506260871887207,0.2596297562122345,0.8026301860809326,0.23788149654865265,0.8255234956741333,0.39441952109336853,0.7094765901565552,0.2827489972114563,0.7785704135894775,0.22466130554676056,0.8119065165519714,0.1815873235464096,0.8222270607948303,0.39602476358413696,0.7564211487770081,0.2755776047706604,0.8017837405204773,0.20741765201091766,0.8213395476341248,0.1499093770980835,0.8171377182006836,0.40302157402038574,0.8154482841491699,0.29697757959365845,0.8269492387771606,0.23631535470485687,0.8211542367935181,0.1837892234325409,0.8026299476623535,Stop
0.6237611770629883,0.8307303786277771,0.5468922853469849,0.7538785934448242,0.46577808260917664,0.7359187602996826,0.40561187267303467,0.7413065433502197,0.3612780272960663,0.7657007575035095,0.40548059344291687,0.6856357455253601,0.30803611874580383,0.7477279901504517,0.2466174066066742,0.7899123430252075,0.20546157658100128,0.8085761666297913,0.39728423953056335,0.7092357873916626,0.2807978391647339,0.7733493447303772,0.20916865766048431,0.7969786524772644,0.15573382377624512,0.8033716082572937,0.3975193500518799,0.7547616362571716,0.2786344885826111,0.7957074642181396,0.20713725686073303,0.8065769076347351,0.14840218424797058,0.8001015782356262,0.4038639962673187,0.8122214078903198,0.30408504605293274,0.8250386714935303,0.24466346204280853,0.8213132619857788,0.1934663951396942,0.8074827194213867,Stop
0.6283252239227295,0.832870602607727,0.5509893894195557,0.7544339895248413,0.4679655432701111,0.7349432110786438,0.40824243426322937,0.7420631647109985,0.3656391203403473,0.7698491811752319,0.40588614344596863,0.6837243437767029,0.3115384876728058,0.7455989122390747,0.2568216323852539,0.792056143283844,0.22526264190673828,0.8135210871696472,0.3961349129676819,0.7083608508110046,0.283841609954834,0.7716870903968811,0.21505646407604218,0.7986477017402649,0.164271742105484,0.8073711395263672,0.39711397886276245,0.7538366913795471,0.280572772026062,0.796254575252533,0.21155092120170593,0.8106093406677246,0.1544148325920105,0.8050581216812134,0.40565937757492065,0.8113092184066772,0.30377185344696045,0.8235856294631958,0.2446969747543335,0.8213568925857544,0.1949499249458313,0.8092591166496277,Stop
0.6280630230903625,0.8343933820724487,0.5511575937271118,0.7607038617134094,0.4681853652000427,0.742815375328064,0.4079515039920807,0.7478247880935669,0.3644130229949951,0.7705434560775757,0.4055365324020386,0.6856315732002258,0.3110191822052002,0.7517334818840027,0.25449833273887634,0.7984031438827515,0.22064435482025146,0.8178313374519348,0.3967149555683136,0.709686815738678,0.284717857837677,0.7758634686470032,0.21634206175804138,0.8010497093200684,0.16593098640441895,0.8063178062438965,0.39769110083580017,0.7543558478355408,0.2816982567310333,0.799343466758728,0.21234367787837982,0.8116741180419922,0.15533021092414856,0.8035707473754883,0.40578344464302063,0.8106825351715088,0.3046953082084656,0.8235549330711365,0.24478629231452942,0.8218833208084106,0.19429561495780945,0.8099657297134399,Stop
0.628108024597168,0.832262396812439,0.5527468919754028,0.7572845220565796,0.4697502851486206,0.7387969493865967,0.40812453627586365,0.7421493530273438,0.3639928996562958,0.7630527019500732,0.40836113691329956,0.6851993799209595,0.31130704283714294,0.7474378347396851,0.2505340576171875,0.7889339923858643,0.21015623211860657,0.8069755434989929,0.4002491533756256,0.7079795598983765,0.28430700302124023,0.7729047536849976,0.21141871809959412,0.795344889163971,0.15639552474021912,0.8015328645706177,0.4005208909511566,0.7526437044143677,0.28265172243118286,0.7965248227119446,0.21083813905715942,0.8072176575660706,0.15118035674095154,0.8012107014656067,0.40696534514427185,0.8099377751350403,0.3065716028213501,0.8249321579933167,0.2469872385263443,0.8235803842544556,0.19577556848526,0.8127294182777405,Stop
0.6297135353088379,0.8320629596710205,0.5518170595169067,0.7606622576713562,0.468847393989563,0.7432354688644409,0.4089946448802948,0.7486913800239563,0.3655690848827362,0.7714005708694458,0.4042874276638031,0.6852224469184875,0.3079984188079834,0.7549734115600586,0.25074905157089233,0.8003294467926025,0.2148529589176178,0.819055438041687,0.39628884196281433,0.7076589465141296,0.28489193320274353,0.7768869400024414,0.21832439303398132,0.804273247718811,0.16984030604362488,0.8125115036964417,0.39771005511283875,0.7522862553596497,0.28143954277038574,0.797886073589325,0.21143724024295807,0.8114122152328491,0.15386393666267395,0.8042947053909302,0.4057895243167877,0.8107796311378479,0.30283012986183167,0.8227742910385132,0.24185439944267273,0.8206497430801392,0.19105079770088196,0.8084569573402405,Stop
0.6301000714302063,0.8285378217697144,0.5510714650154114,0.7560513019561768,0.4663068950176239,0.736874520778656,0.40582185983657837,0.7397051453590393,0.3617643117904663,0.761644721031189,0.4063131809234619,0.6855394840240479,0.3078058362007141,0.7462123036384583,0.24524034559726715,0.7847521305084229,0.20034320652484894,0.8014992475509644,0.3997381627559662,0.7055713534355164,0.2838607430458069,0.7700505256652832,0.21193836629390717,0.7937224507331848,0.15700894594192505,0.8017544746398926,0.40153011679649353,0.7481613159179688,0.28352513909339905,0.7912131547927856,0.2119360864162445,0.8045790791511536,0.15166398882865906,0.8002912402153015,0.4097156524658203,0.8051116466522217,0.3093857765197754,0.8207542300224304,0.25032955408096313,0.8206630945205688,0.19940130412578583,0.8107594847679138,Stop
0.6268167495727539,0.8266370296478271,0.5481879711151123,0.7491298913955688,0.4644909203052521,0.7289688587188721,0.40497398376464844,0.7331956624984741,0.3626868724822998,0.7601232528686523,0.40681037306785583,0.6769313812255859,0.3121531307697296,0.7354161739349365,0.26304301619529724,0.784342885017395,0.2363295555114746,0.8090399503707886,0.39782267808914185,0.7006579041481018,0.29239732027053833,0.7642990946769714,0.236048623919487,0.7992144227027893,0.1966516524553299,0.8142074942588806,0.3993862271308899,0.7461519241333008,0.28730469942092896,0.788953959941864,0.22152675688266754,0.8117117285728455,0.16687875986099243,0.8116627931594849,0.4069277346134186,0.8048180341720581,0.3053799271583557,0.8170232772827148,0.24638411402702332,0.8166664242744446,0.19638581573963165,0.8046540021896362,Stop
0.6243139505386353,0.8233491778373718,0.5442327857017517,0.7544724345207214,0.4595368802547455,0.7377547025680542,0.3999375104904175,0.7421745657920837,0.35709694027900696,0.7661625742912292,0.4015533924102783,0.6822792887687683,0.3063763678073883,0.7511184811592102,0.25078284740448,0.796687662601471,0.2144353985786438,0.8172609210014343,0.39806023240089417,0.702782928943634,0.28978288173675537,0.7720587849617004,0.2252562791109085,0.8024654984474182,0.1784445196390152,0.8157811164855957,0.4033943712711334,0.7457340955734253,0.28993499279022217,0.7911862730979919,0.22058507800102234,0.8100605607032776,0.16348397731781006,0.8093670606613159,0.41463223099708557,0.802882969379425,0.3171177804470062,0.8173121809959412,0.25774189829826355,0.8188042640686035,0.20749299228191376,0.8111774921417236,Stop
0.6253480315208435,0.8232038617134094,0.5474966168403625,0.7548020482063293,0.464800626039505,0.7366947531700134,0.4073650538921356,0.7395288348197937,0.3659331798553467,0.7612067461013794,0.4044126868247986,0.6818711757659912,0.31149566173553467,0.7426003813743591,0.25399911403656006,0.7828853130340576,0.2138727605342865,0.8016237020492554,0.4006217420101166,0.7027106881141663,0.2940753698348999,0.7672949433326721,0.2284940481185913,0.7947227954864502,0.1811305582523346,0.8073998689651489,0.40537649393081665,0.7465570569038391,0.2957612872123718,0.7893821597099304,0.22564762830734253,0.8062270283699036,0.16755497455596924,0.8050940036773682,0.4165676236152649,0.8045815229415894,0.32145607471466064,0.818263053894043,0.26283788681030273,0.8197600841522217,0.21267147362232208,0.8126339316368103,Stop
0.6243954300880432,0.8222610950469971,0.5463661551475525,0.7527813911437988,0.4652658700942993,0.7342113256454468,0.40859508514404297,0.7377595901489258,0.3682762384414673,0.7611472606658936,0.4049864709377289,0.6789567470550537,0.31273603439331055,0.7418962121009827,0.26124346256256104,0.7875904440879822,0.2292146235704422,0.809869647026062,0.39999449253082275,0.7012300491333008,0.29509079456329346,0.7662829756736755,0.2338334321975708,0.796991765499115,0.18977366387844086,0.8113542199134827,0.40524205565452576,0.7457048296928406,0.2936471104621887,0.7885681986808777,0.22614248096942902,0.8079795837402344,0.16967833042144775,0.8076522946357727,0.4174997806549072,0.8039992451667786,0.3211354911327362,0.8170039057731628,0.2634158730506897,0.818324089050293,0.21437372267246246,0.8106023073196411,Stop
0.6243218183517456,0.820732831954956,0.5465229153633118,0.7507960796356201,0.46584904193878174,0.7337340116500854,0.40987688302993774,0.7390971183776855,0.37004923820495605,0.7614780068397522,0.4052044749259949,0.6795584559440613,0.3121527433395386,0.7449980974197388,0.2584204077720642,0.7890956401824951,0.22332853078842163,0.8093780279159546,0.4008490741252899,0.7017029523849487,0.29576361179351807,0.7680673003196716,0.23530563712120056,0.7974622845649719,0.19180122017860413,0.8091254830360413,0.40554651618003845,0.7458260655403137,0.2950724959373474,0.7900664806365967,0.22857259213924408,0.8082616329193115,0.1731281578540802,0.8057326078414917,0.41711926460266113,0.8031213283538818,0.32108187675476074,0.8159024715423584,0.26314300298690796,0.8177250027656555,0.21420206129550934,0.8104457259178162,Stop
0.6212347149848938,0.820215106010437,0.5460922718048096,0.7469862103462219,0.4669090211391449,0.7289897203445435,0.41188308596611023,0.735443115234375,0.37349191308021545,0.7580815553665161,0.4088876247406006,0.6766297817230225,0.31679674983024597,0.7381918430328369,0.2618705630302429,0.7826553583145142,0.22703629732131958,0.8037846088409424,0.4031001925468445,0.7011260986328125,0.2998037338256836,0.7658810019493103,0.2423216700553894,0.7940422892570496,0.20128411054611206,0.802886962890625,0.4060666263103485,0.7465782165527344,0.2969819903373718,0.7906205654144287,0.232883021235466,0.8052566051483154,0.17921727895736694,0.7983188629150391,0.41574904322624207,0.8031765818595886,0.3183179795742035,0.815538227558136,0.2601187229156494,0.8157238960266113,0.21121156215667725,0.8058587908744812,Stop
0.6174483299255371,0.8178216218948364,0.5439838171005249,0.7436751127243042,0.466420441865921,0.7232213020324707,0.4128916561603546,0.7268310189247131,0.37574508786201477,0.7469865083694458,0.4108860492706299,0.6745835542678833,0.32043272256851196,0.7317113876342773,0.2638462483882904,0.772194504737854,0.22473089396953583,0.7925363183021545,0.4046873152256012,0.6987917423248291,0.2981225550174713,0.7561038732528687,0.2316923886537552,0.7805471420288086,0.18190400302410126,0.7902656197547913,0.4065791368484497,0.7441147565841675,0.2978081703186035,0.7831800580024719,0.2327529937028885,0.7971389293670654,0.17816513776779175,0.7940090298652649,0.41633498668670654,0.8006690740585327,0.3249177932739258,0.8141834139823914,0.27073681354522705,0.8184809684753418,0.22492629289627075,0.8162917494773865,Stop
0.6216959357261658,0.8103189468383789,0.5468167066574097,0.7304364442825317,0.4690113067626953,0.7110512256622314,0.4159846901893616,0.7166870832443237,0.3786475956439972,0.7398424744606018,0.4144236445426941,0.6695328950881958,0.323840856552124,0.718220591545105,0.2677348852157593,0.7546699047088623,0.22726574540138245,0.773347795009613,0.4073531925678253,0.6925594210624695,0.30151093006134033,0.7465886473655701,0.2378711700439453,0.7719995975494385,0.1926647275686264,0.7845280170440674,0.4076322317123413,0.7364015579223633,0.30131179094314575,0.7774993181228638,0.23694466054439545,0.7947161197662354,0.18423506617546082,0.7940575480461121,0.41413992643356323,0.7923073172569275,0.321634978055954,0.8065062165260315,0.26587697863578796,0.8106589317321777,0.21988987922668457,0.8075276017189026,Stop
0.6214787364006042,0.813500702381134,0.5474948883056641,0.7377679347991943,0.4719908833503723,0.7176213264465332,0.4179273843765259,0.7227346301078796,0.382291316986084,0.7482666969299316,0.4132409393787384,0.6697695255279541,0.3211438059806824,0.7218928337097168,0.2711273431777954,0.7654655575752258,0.2403140366077423,0.7873190641403198,0.40906479954719543,0.6924355626106262,0.3125641345977783,0.7546842098236084,0.2783586382865906,0.7852193713188171,0.2590303421020508,0.7945313453674316,0.41291114687919617,0.7376281023025513,0.3112829923629761,0.7857521176338196,0.2686929702758789,0.8091831207275391,0.2357657253742218,0.8097546100616455,0.4202934801578522,0.7946648597717285,0.32352495193481445,0.8050925135612488,0.2664346396923065,0.8086187839508057,0.21983681619167328,0.8053953647613525,Stop
0.6171686053276062,0.8074847459793091,0.5454943776130676,0.7321857810020447,0.4722398817539215,0.7128651738166809,0.4194338321685791,0.7177879214286804,0.3846726715564728,0.7445480823516846,0.4149070084095001,0.6680281758308411,0.32384398579597473,0.7252522110939026,0.2821827530860901,0.7714224457740784,0.2606535255908966,0.7938560247421265,0.4107646644115448,0.6923573017120361,0.315585732460022,0.7546107769012451,0.28348860144615173,0.7825198173522949,0.2638344168663025,0.786866307258606,0.4151519536972046,0.7389271855354309,0.30846452713012695,0.7839691638946533,0.2599217891693115,0.8024033308029175,0.2208918333053589,0.7969567775726318,0.4239448606967926,0.7969669103622437,0.3267858922481537,0.8110654950141907,0.27241238951683044,0.8152127861976624,0.22788842022418976,0.8113146424293518,Stop
0.6117681860923767,0.8032647967338562,0.5418184399604797,0.7289459705352783,0.46895790100097656,0.7089338302612305,0.41798585653305054,0.7145068645477295,0.3837054371833801,0.739782989025116,0.41413095593452454,0.6702888011932373,0.3257606029510498,0.7266690135002136,0.2746610939502716,0.7647960186004639,0.23793940246105194,0.7830241918563843,0.40907418727874756,0.6938126683235168,0.30139440298080444,0.7478842735290527,0.23540747165679932,0.7698941826820374,0.18452686071395874,0.7770388126373291,0.4119100868701935,0.7384766936302185,0.301615446805954,0.778523325920105,0.23818345367908478,0.7910391092300415,0.18454509973526,0.7850505113601685,0.4221271872520447,0.7953178882598877,0.32940155267715454,0.8128418326377869,0.27874237298965454,0.818423867225647,0.23658549785614014,0.8162316679954529,Stop
0.6149696111679077,0.807166337966919,0.542570173740387,0.7322587370872498,0.4705585837364197,0.7144574522972107,0.42030367255210876,0.7198257446289062,0.3858412206172943,0.7416558861732483,0.41608840227127075,0.6683093905448914,0.3270224630832672,0.7197323441505432,0.2780938744544983,0.7600467801094055,0.24701671302318573,0.7795082330703735,0.40961605310440063,0.6898488998413086,0.3107542097568512,0.7495482563972473,0.2641853094100952,0.7750964164733887,0.23398788273334503,0.7819696664810181,0.41142532229423523,0.7335061430931091,0.3055741488933563,0.7790914177894592,0.2472449243068695,0.794629693031311,0.19988974928855896,0.7889814376831055,0.418416827917099,0.7894338369369507,0.3233833909034729,0.801741361618042,0.2673678398132324,0.8020720481872559,0.22151441872119904,0.7943001985549927,Stop
0.6096231937408447,0.8029123544692993,0.5394960641860962,0.7224907279014587,0.4681203067302704,0.7023172378540039,0.41712135076522827,0.7085583806037903,0.3819112777709961,0.7341024875640869,0.417558878660202,0.6671482920646667,0.32827430963516235,0.719970166683197,0.27405455708503723,0.7590693235397339,0.23717926442623138,0.7788611650466919,0.4107479751110077,0.6935397982597351,0.30714842677116394,0.7473766803741455,0.2471754550933838,0.7703101634979248,0.20353008806705475,0.7773845791816711,0.41152822971343994,0.7392181158065796,0.3052681088447571,0.7792855501174927,0.24266202747821808,0.7920951247215271,0.1910269409418106,0.7856714725494385,0.41869932413101196,0.7941707372665405,0.3281317353248596,0.804716944694519,0.27331966161727905,0.8058484196662903,0.22757966816425323,0.7996476888656616,Stop
0.6144941449165344,0.8036755323410034,0.5458132028579712,0.7302740216255188,0.47471365332603455,0.712722659111023,0.42484503984451294,0.7187905311584473,0.39254021644592285,0.7434173226356506,0.41919970512390137,0.664699912071228,0.3305149972438812,0.715472400188446,0.288856565952301,0.7621623277664185,0.2668646574020386,0.7844676375389099,0.4141257107257843,0.6867917776107788,0.32595324516296387,0.7526525259017944,0.30888813734054565,0.7848932147026062,0.30448025465011597,0.7919440269470215,0.41737842559814453,0.7318379878997803,0.3184574246406555,0.7829268574714661,0.286900132894516,0.8050373196601868,0.2628313899040222,0.8016963601112366,0.4233100712299347,0.7879241108894348,0.3288068175315857,0.79649817943573,0.272316038608551,0.7972908020019531,0.22490820288658142,0.7907817959785461,Stop
0.6097878217697144,0.798612654209137,0.541425347328186,0.7286959290504456,0.4712657928466797,0.7094768285751343,0.42183396220207214,0.7148028612136841,0.38791006803512573,0.7403169870376587,0.41707491874694824,0.6692265272140503,0.3261082172393799,0.7276499271392822,0.27293485403060913,0.7673252820968628,0.23525287210941315,0.7850818634033203,0.4132820963859558,0.6909739375114441,0.31591010093688965,0.7548457980155945,0.2716355323791504,0.7776275873184204,0.23993219435214996,0.7782400846481323,0.41623184084892273,0.7353389859199524,0.3091586232185364,0.7824101448059082,0.24758900701999664,0.7928826212882996,0.1961444765329361,0.7809640765190125,0.4239013195037842,0.7894797921180725,0.33021867275238037,0.803684651851654,0.27696681022644043,0.8050081729888916,0.23332326114177704,0.7982283234596252,Stop
0.6121698021888733,0.803074836730957,0.547946572303772,0.7284289002418518,0.47634580731391907,0.7086983919143677,0.4259459376335144,0.7144409418106079,0.3927977979183197,0.7410582304000854,0.41861048340797424,0.6666280031204224,0.33117204904556274,0.719893753528595,0.2853606939315796,0.761773943901062,0.2578224837779999,0.7814005017280579,0.41500967741012573,0.6891392469406128,0.31457486748695374,0.7484365701675415,0.266254723072052,0.7731805443763733,0.23072408139705658,0.7811765670776367,0.41805288195610046,0.7331382632255554,0.31603550910949707,0.7836825251579285,0.27632707357406616,0.7981997728347778,0.2444593608379364,0.7919201850891113,0.42462536692619324,0.7889728546142578,0.33036714792251587,0.8000682592391968,0.2738373875617981,0.8006207346916199,0.22717781364917755,0.7954983115196228,Stop
0.6126996874809265,0.8019894361495972,0.544480562210083,0.7231734395027161,0.47457799315452576,0.7024869322776794,0.4248849153518677,0.7076537609100342,0.39020800590515137,0.7324451208114624,0.4192579984664917,0.6676514148712158,0.32694095373153687,0.7195814251899719,0.27036529779434204,0.7551584839820862,0.22876006364822388,0.7720411419868469,0.41549742221832275,0.6907206773757935,0.30518680810928345,0.7477660775184631,0.23908765614032745,0.769851565361023,0.19060340523719788,0.776704728603363,0.41898882389068604,0.7347303032875061,0.3077705502510071,0.7771894335746765,0.24403125047683716,0.787869930267334,0.19228486716747284,0.7800987958908081,0.42896994948387146,0.7900988459587097,0.3359566628932953,0.8015488386154175,0.28057217597961426,0.8031933903694153,0.23532505333423615,0.7987501621246338,Stop
0.6177261471748352,0.8036691546440125,0.5486985445022583,0.726340651512146,0.47959449887275696,0.7055429220199585,0.4294959306716919,0.7111505270004272,0.3967961370944977,0.7345991730690002,0.4242412745952606,0.6618817448616028,0.3355831801891327,0.7051945328712463,0.28542590141296387,0.7431946396827698,0.25186389684677124,0.7626066207885742,0.4184434413909912,0.6840457320213318,0.3276395797729492,0.7398084402084351,0.29868191480636597,0.77166348695755,0.2831380367279053,0.7833035588264465,0.4210108816623688,0.7291703224182129,0.3309957981109619,0.7797804474830627,0.3053918480873108,0.8069477677345276,0.2864055931568146,0.8106392621994019,0.4275962710380554,0.7864065766334534,0.3398425579071045,0.7945505976676941,0.2896994948387146,0.8004477024078369,0.24805903434753418,0.8004930019378662,Stop
0.6131221055984497,0.7992130517959595,0.5458743572235107,0.7272079586982727,0.4737122356891632,0.7080428600311279,0.4206819534301758,0.7114391326904297,0.38613903522491455,0.7372090220451355,0.42349836230278015,0.663933277130127,0.33308035135269165,0.7127323746681213,0.2809878885746002,0.7514073252677917,0.24503052234649658,0.7733373045921326,0.4207037687301636,0.6859611868858337,0.32830238342285156,0.7498456835746765,0.29464203119277954,0.7812299728393555,0.27450647950172424,0.7913322448730469,0.42397189140319824,0.7295274138450623,0.3272930681705475,0.7782793045043945,0.2828308939933777,0.8016776442527771,0.2479458600282669,0.80299311876297,0.4316854774951935,0.7844120264053345,0.3453688621520996,0.7991762161254883,0.2959967255592346,0.8080758452415466,0.25480031967163086,0.8101586699485779,Stop
0.6129171848297119,0.7945237755775452,0.5476248860359192,0.7210176587104797,0.4766024351119995,0.7030332088470459,0.4240071773529053,0.7086336612701416,0.3903409242630005,0.736127495765686,0.4259084165096283,0.6625869870185852,0.33746138215065,0.7089889645576477,0.2917235195636749,0.7501850724220276,0.2623550295829773,0.7704097032546997,0.4233621060848236,0.6838231682777405,0.3410360515117645,0.7534571886062622,0.3276541233062744,0.7851816415786743,0.3258295953273773,0.7893097400665283,0.4273824989795685,0.7276630401611328,0.3348953127861023,0.7794185280799866,0.29989755153656006,0.7989873886108398,0.2729397416114807,0.7919295430183411,0.4341704249382019,0.7818204164505005,0.3469792604446411,0.7974229454994202,0.29916784167289734,0.8049423098564148,0.25945472717285156,0.8041134476661682,Stop
0.6162683963775635,0.7944830656051636,0.5515108704566956,0.7227809429168701,0.4826502501964569,0.7058111429214478,0.4304888844490051,0.7103232145309448,0.3965378403663635,0.7347657680511475,0.426334947347641,0.6600436568260193,0.33919915556907654,0.7137594819068909,0.30595827102661133,0.7590024471282959,0.2923015356063843,0.7815017104148865,0.42520225048065186,0.6814587712287903,0.35358989238739014,0.7574113607406616,0.3718412220478058,0.7948609590530396,0.39538490772247314,0.8054757118225098,0.43001478910446167,0.7260544896125793,0.3589937090873718,0.7893354296684265,0.382596492767334,0.8202885985374451,0.4067346453666687,0.8244125247001648,0.43471911549568176,0.7823001146316528,0.34762561321258545,0.7946106791496277,0.30134159326553345,0.8027318120002747,0.26294752955436707,0.8056839108467102,Stop
0.6199694275856018,0.7943155765533447,0.5531167387962341,0.7261063456535339,0.4847131073474884,0.7095686793327332,0.4343371093273163,0.7153089046478271,0.4012172222137451,0.7408750653266907,0.4261622726917267,0.6596368551254272,0.33906352519989014,0.7152715921401978,0.32618099451065063,0.7631107568740845,0.332446426153183,0.7825221419334412,0.4251866042613983,0.6826054453849792,0.35238438844680786,0.7585159540176392,0.3773970305919647,0.7954028844833374,0.40618985891342163,0.8048972487449646,0.43039998412132263,0.7288364768028259,0.35937049984931946,0.7929719686508179,0.38829347491264343,0.823196530342102,0.4169822931289673,0.826288104057312,0.43399912118911743,0.7857313752174377,0.3428576588630676,0.7933367490768433,0.2908400893211365,0.7952598333358765,0.2479105293750763,0.7917252779006958,Stop
0.6242064237594604,0.7959092855453491,0.5566176772117615,0.7245747447013855,0.4857780933380127,0.7075240612030029,0.4333897829055786,0.7117652297019958,0.39959025382995605,0.7366621494293213,0.42547398805618286,0.6584984064102173,0.3402464985847473,0.7121951580047607,0.31957370042800903,0.7610072493553162,0.31857866048812866,0.783409833908081,0.4261692464351654,0.6805329322814941,0.35550642013549805,0.7568021416664124,0.3735121190547943,0.7960684895515442,0.3970569372177124,0.8087378144264221,0.4330039322376251,0.7253370881080627,0.3649573028087616,0.7918968200683594,0.3890720307826996,0.8254015445709229,0.41327911615371704,0.8323907256126404,0.4392749071121216,0.7816691398620605,0.353886216878891,0.7942054271697998,0.30883803963661194,0.8012363314628601,0.27127528190612793,0.803668737411499,Stop
0.6290082335472107,0.7957544922828674,0.5576968193054199,0.7262380123138428,0.48629477620124817,0.709900975227356,0.43421655893325806,0.7157423496246338,0.40036192536354065,0.7408983111381531,0.42672038078308105,0.6589929461479187,0.3403095006942749,0.7147447466850281,0.32123979926109314,0.7638165354728699,0.3210006356239319,0.7837888598442078,0.42820942401885986,0.6822527647018433,0.35687020421028137,0.7595975995063782,0.3788147270679474,0.7990769147872925,0.40462395548820496,0.8096124529838562,0.4361133873462677,0.7275227308273315,0.368330717086792,0.7934470772743225,0.3971084952354431,0.8276187777519226,0.42460736632347107,0.8333559036254883,0.44347667694091797,0.7827574014663696,0.35658544301986694,0.7918304800987244,0.31034207344055176,0.7966017127037048,0.2723160982131958,0.7957416772842407,Stop
0.6342480182647705,0.7876216769218445,0.5646098256111145,0.714264988899231,0.4939866364002228,0.6958035826683044,0.4425254762172699,0.6991685032844543,0.40767812728881836,0.7225873470306396,0.44147777557373047,0.6486073732376099,0.3546886444091797,0.7006232738494873,0.320088267326355,0.7445156574249268,0.30414456129074097,0.7627864480018616,0.43743225932121277,0.6687009334564209,0.35154545307159424,0.7334885001182556,0.3285708427429199,0.768481433391571,0.3192746639251709,0.7804284691810608,0.4401131868362427,0.7109293937683105,0.35635265707969666,0.7659786343574524,0.3318299651145935,0.7962347865104675,0.3144456148147583,0.799930989742279,0.44339093565940857,0.7656944990158081,0.3563331365585327,0.7785593867301941,0.308632493019104,0.7814669609069824,0.26867932081222534,0.7758558392524719,Stop
0.6331851482391357,0.7820605039596558,0.5617093443870544,0.7141448259353638,0.49151119589805603,0.6957036852836609,0.44239142537117004,0.6983428597450256,0.40886637568473816,0.7206935286521912,0.44202810525894165,0.6510564684867859,0.3541998267173767,0.7021567225456238,0.32277345657348633,0.7463049292564392,0.3101823925971985,0.7652317881584167,0.4388909935951233,0.6721879243850708,0.35589462518692017,0.7364228367805481,0.33730340003967285,0.7678036689758301,0.3312089145183563,0.7745476961135864,0.4418551027774811,0.7141368389129639,0.35024160146713257,0.7601172924041748,0.308571994304657,0.7839437127113342,0.2764244079589844,0.783257782459259,0.44689008593559265,0.7660492062568665,0.3618839979171753,0.7772948145866394,0.31501099467277527,0.7812802791595459,0.2764338254928589,0.7771997451782227,Stop
0.6358705759048462,0.7833663821220398,0.5662072896957397,0.7123808264732361,0.49673736095428467,0.6930480003356934,0.44599777460098267,0.6960142254829407,0.4121937155723572,0.7184823155403137,0.4424159526824951,0.6509941220283508,0.3593922257423401,0.7005012631416321,0.33494895696640015,0.7443577647209167,0.32730191946029663,0.7625741362571716,0.44042330980300903,0.671452522277832,0.36755266785621643,0.7358096241950989,0.3656902611255646,0.7740356922149658,0.37299031019210815,0.7893104553222656,0.4447215795516968,0.7124514579772949,0.37219464778900146,0.7655810713768005,0.367988258600235,0.7985283732414246,0.3676137924194336,0.806736946105957,0.4497007429599762,0.7641496062278748,0.36935412883758545,0.7744965553283691,0.3264598250389099,0.7795069217681885,0.2913479804992676,0.778815746307373,Stop
0.6376540064811707,0.7832238674163818,0.5648388266563416,0.7183017134666443,0.493287056684494,0.6990833878517151,0.44281870126724243,0.6990807056427002,0.4074704647064209,0.7180611491203308,0.44621506333351135,0.6517099738121033,0.36350399255752563,0.6977580189704895,0.3316943645477295,0.7376601696014404,0.3133605122566223,0.7549397945404053,0.44401615858078003,0.6677855849266052,0.364158570766449,0.7266265153884888,0.34395280480384827,0.7611810564994812,0.33607786893844604,0.7757084369659424,0.4468873143196106,0.7057464122772217,0.36710959672927856,0.7523349523544312,0.3367288410663605,0.7813582420349121,0.31343406438827515,0.7876315712928772,0.4506179988384247,0.7559663653373718,0.37201935052871704,0.7703662514686584,0.32920628786087036,0.7786790132522583,0.29413968324661255,0.7804968357086182,Stop
0.634907066822052,0.7842981219291687,0.5628669857978821,0.7311079502105713,0.4898652732372284,0.7087616920471191,0.43870261311531067,0.7038107514381409,0.39940759539604187,0.7168475389480591,0.44329434633255005,0.6588647365570068,0.35340583324432373,0.6997555494308472,0.29634758830070496,0.728152334690094,0.25360000133514404,0.7402415871620178,0.44071537256240845,0.6708729863166809,0.3395516872406006,0.7172340750694275,0.27601730823516846,0.7377678155899048,0.22922615706920624,0.7463898062705994,0.44264209270477295,0.7059165239334106,0.34429287910461426,0.7393965125083923,0.2800928056240082,0.7539756894111633,0.22745609283447266,0.7542741894721985,0.4492230713367462,0.7552047967910767,0.37173670530319214,0.770785927772522,0.32639676332473755,0.7807146310806274,0.28844112157821655,0.7850720286369324,Stop
0.6455682516098022,0.7945388555526733,0.5657442212104797,0.7580146193504333,0.490798681974411,0.7342891097068787,0.4389689862728119,0.7276871204376221,0.4001389443874359,0.7351500988006592,0.44447290897369385,0.6750108003616333,0.3467564582824707,0.7129316329956055,0.2814826965332031,0.7339650392532349,0.22954580187797546,0.7425243854522705,0.44456252455711365,0.6823054552078247,0.3336460590362549,0.7283231019973755,0.261746883392334,0.7447187900543213,0.20443862676620483,0.7502945065498352,0.4474833309650421,0.7151623368263245,0.3417094349861145,0.747346818447113,0.2717544138431549,0.7584447860717773,0.2147154062986374,0.757921040058136,0.45415619015693665,0.7653953433036804,0.3725277781486511,0.7726176977157593,0.32322269678115845,0.7772713303565979,0.2809749245643616,0.778315007686615,Stop
0.6501011848449707,0.8085472583770752,0.5685604214668274,0.7485478520393372,0.4933812618255615,0.7231283187866211,0.44198206067085266,0.7235929369926453,0.4033101201057434,0.7413180470466614,0.44456082582473755,0.6731226444244385,0.3466881513595581,0.7077256441116333,0.2845579981803894,0.7296937108039856,0.23477314412593842,0.7405346035957336,0.44200649857521057,0.6851706504821777,0.331258624792099,0.7279413938522339,0.26215630769729614,0.7466638684272766,0.2076815962791443,0.7565021514892578,0.4446195363998413,0.7223471999168396,0.3358564078807831,0.7524001598358154,0.2673149108886719,0.7662128806114197,0.20971466600894928,0.767228364944458,0.4517757296562195,0.7753413319587708,0.3636474013328552,0.781643807888031,0.31261613965034485,0.7850039601325989,0.26895391941070557,0.7849094271659851,Stop
0.6559528708457947,0.8193243741989136,0.5787891149520874,0.7576888203620911,0.5034420490264893,0.732644259929657,0.45007431507110596,0.7337864637374878,0.4116007685661316,0.7573625445365906,0.45248401165008545,0.6801638007164001,0.35438302159309387,0.7108546495437622,0.291384756565094,0.7285323143005371,0.2406405210494995,0.7390474677085876,0.4454804062843323,0.6937911510467529,0.3341042399406433,0.7304196953773499,0.2646369934082031,0.7474290132522583,0.20973153412342072,0.7588437795639038,0.44326379895210266,0.7302550673484802,0.33617764711380005,0.7577089667320251,0.26877591013908386,0.7715128064155579,0.21248984336853027,0.7749541401863098,0.44497185945510864,0.7805953025817871,0.36011481285095215,0.786270022392273,0.3086254596710205,0.7903014421463013,0.2630884647369385,0.7915488481521606,Stop
0.6607808470726013,0.8303643465042114,0.5822343826293945,0.7660649418830872,0.5027686953544617,0.7397801876068115,0.44448620080947876,0.7402310371398926,0.4046221673488617,0.7666666507720947,0.4549121856689453,0.6940101385116577,0.3577844500541687,0.7234652638435364,0.2955169081687927,0.7412981390953064,0.2456963062286377,0.7514789700508118,0.4480317234992981,0.7080652117729187,0.3396700322628021,0.7444174289703369,0.2741053104400635,0.7616789937019348,0.221562922000885,0.7720255851745605,0.44783130288124084,0.7430736422538757,0.3434101939201355,0.771291971206665,0.2804688513278961,0.7861952781677246,0.22771288454532623,0.7906703352928162,0.45257046818733215,0.7906422019004822,0.3739790618419647,0.7980182766914368,0.3284345865249634,0.8046727180480957,0.2881457209587097,0.8091158866882324,Stop
0.6653756499290466,0.8597531318664551,0.580217182636261,0.8954153656959534,0.5094459652900696,0.8696542978286743,0.45618000626564026,0.841029703617096,0.4117138683795929,0.830188512802124,0.4513760507106781,0.731531023979187,0.3568892776966095,0.7742564082145691,0.2948603332042694,0.8026397228240967,0.2439318299293518,0.8180977702140808,0.44972363114356995,0.730293869972229,0.3388943672180176,0.7910373210906982,0.27228251099586487,0.8219780921936035,0.21991728246212006,0.8392240405082703,0.4519869387149811,0.7590433955192566,0.34174981713294983,0.8077996969223022,0.27311044931411743,0.831270694732666,0.21870213747024536,0.8420736193656921,0.45496809482574463,0.8101741671562195,0.36914169788360596,0.8283013701438904,0.31963592767715454,0.8412531614303589,0.2770735025405884,0.8480857610702515,Stop
0.6668658256530762,0.856478750705719,0.5741636753082275,0.8598644733428955,0.49833983182907104,0.8252556324005127,0.44389116764068604,0.7993687987327576,0.39985042810440063,0.7920123934745789,0.45809367299079895,0.7195219993591309,0.3625734746456146,0.7593688368797302,0.3013359308242798,0.787384033203125,0.25005486607551575,0.8050196170806885,0.45458802580833435,0.7218528985977173,0.34149736166000366,0.7723410129547119,0.27498510479927063,0.8019947409629822,0.2209114283323288,0.8206825852394104,0.4545690715312958,0.7523516416549683,0.34245622158050537,0.7945048213005066,0.2733103632926941,0.8192479610443115,0.216422438621521,0.8302468061447144,0.45396122336387634,0.8039042949676514,0.36092591285705566,0.8227573037147522,0.30641648173332214,0.8321569561958313,0.2580670118331909,0.8334144353866577,Stop
0.668571949005127,0.8584624528884888,0.5743317008018494,0.8858097195625305,0.5018372535705566,0.8535969257354736,0.449353963136673,0.8249325752258301,0.40688884258270264,0.8105014562606812,0.4615720510482788,0.719679057598114,0.3655150532722473,0.7581770420074463,0.30325445532798767,0.7824660539627075,0.25049158930778503,0.7955395579338074,0.46007874608039856,0.7186707258224487,0.3448002338409424,0.7737094163894653,0.2773151397705078,0.8017865419387817,0.22259104251861572,0.8168414235115051,0.4612218737602234,0.7465418577194214,0.3483177721500397,0.7940524816513062,0.2781065106391907,0.8156408071517944,0.22105059027671814,0.8226913809776306,0.4614306092262268,0.7948676347732544,0.3695690929889679,0.8149685859680176,0.31515830755233765,0.8237655758857727,0.2671828269958496,0.8239061236381531,Stop
0.672048032283783,0.8397742509841919,0.5811794996261597,0.8081607222557068,0.5030772686004639,0.7782805562019348,0.4461774230003357,0.7682403922080994,0.3991318941116333,0.7789525389671326,0.4599607288837433,0.7035730481147766,0.3614625036716461,0.7464344501495361,0.30046170949935913,0.7757807374000549,0.250044047832489,0.7914620041847229,0.45527130365371704,0.7130630612373352,0.34200143814086914,0.7686510682106018,0.27653247117996216,0.7972991466522217,0.22332605719566345,0.8135711550712585,0.4553747773170471,0.7468842267990112,0.3461965322494507,0.7925336956977844,0.27915358543395996,0.813887894153595,0.22316813468933105,0.8215480446815491,0.4580749273300171,0.7968104481697083,0.36897313594818115,0.8158133029937744,0.3175310790538788,0.82500159740448,0.2719523310661316,0.8294623494148254,Stop
0.672570526599884,0.8503543734550476,0.5757156610488892,0.8691613078117371,0.5038179755210876,0.8348236680030823,0.4523531198501587,0.8078883290290833,0.40957358479499817,0.7991921901702881,0.4599984884262085,0.7131454348564148,0.361064076423645,0.7566388249397278,0.3009369373321533,0.78145831823349,0.248667374253273,0.793741762638092,0.45879682898521423,0.7139923572540283,0.3441316485404968,0.7689623832702637,0.28008654713630676,0.7962363362312317,0.22552163898944855,0.8104959726333618,0.46041339635849,0.7425949573516846,0.3483322262763977,0.7906093001365662,0.28140389919281006,0.8116835355758667,0.2245669960975647,0.8169717192649841,0.4605647325515747,0.7910774350166321,0.36665257811546326,0.8122285008430481,0.3146279752254486,0.8191605806350708,0.26845312118530273,0.8158340454101562,Stop
0.6794289350509644,0.8442080020904541,0.5838662981987,0.8619644641876221,0.5094003677368164,0.8319469690322876,0.457163542509079,0.8075368404388428,0.4135127067565918,0.7991096377372742,0.4637972116470337,0.7039217948913574,0.36840367317199707,0.7434679269790649,0.3098162114620209,0.771558403968811,0.25998127460479736,0.7881546020507812,0.461997926235199,0.7035876512527466,0.3469603955745697,0.7583440542221069,0.28189724683761597,0.7882152795791626,0.22905167937278748,0.8066511750221252,0.4631238281726837,0.7343614101409912,0.3485315442085266,0.7837759852409363,0.2811780869960785,0.807061493396759,0.224712073802948,0.8148328065872192,0.4624859690666199,0.7858073115348816,0.36637699604034424,0.8076659440994263,0.31331509351730347,0.8143261075019836,0.26620274782180786,0.8105053901672363,Stop
0.6774580478668213,0.8365768790245056,0.5839531421661377,0.80906742811203,0.5055456757545471,0.7810111045837402,0.447165846824646,0.7670657634735107,0.39889100193977356,0.7726444602012634,0.4635449945926666,0.6945645213127136,0.36575692892074585,0.7309893369674683,0.3081197738647461,0.7589590549468994,0.25813907384872437,0.7757651805877686,0.4613669216632843,0.6994819641113281,0.3456900417804718,0.7511314153671265,0.28101271390914917,0.7792983055114746,0.22909969091415405,0.7985830307006836,0.46346360445022583,0.7323564291000366,0.34930652379989624,0.7766891121864319,0.2822920083999634,0.7992119193077087,0.22565925121307373,0.8073056936264038,0.4650850296020508,0.7829271554946899,0.37010636925697327,0.8023539185523987,0.31499719619750977,0.808201253414154,0.2654353678226471,0.8060531616210938,Stop
0.6932569146156311,0.8355773091316223,0.5877826809883118,0.8485174179077148,0.5067790150642395,0.807110071182251,0.44876280426979065,0.7697075009346008,0.4020971953868866,0.753055989742279,0.476391077041626,0.6904150247573853,0.38262277841567993,0.7181166410446167,0.3223969340324402,0.7397241592407227,0.27029526233673096,0.7535581588745117,0.47955986857414246,0.6905409693717957,0.37122902274131775,0.7367956638336182,0.30497831106185913,0.7609950304031372,0.24809584021568298,0.7765239477157593,0.4854717552661896,0.7187435626983643,0.38076525926589966,0.7565816640853882,0.3121545910835266,0.773050844669342,0.25479835271835327,0.7793424725532532,0.49037668108940125,0.7627044320106506,0.40606895089149475,0.7816806435585022,0.35857093334198,0.7918909788131714,0.31688740849494934,0.7970319390296936,Stop
0.6896668076515198,0.8363023400306702,0.5760273337364197,0.8488374352455139,0.5025544762611389,0.8037044405937195,0.4491400122642517,0.7686900496482849,0.40399640798568726,0.7518396377563477,0.47291210293769836,0.6932343244552612,0.38460588455200195,0.7235082387924194,0.3283393979072571,0.7447265982627869,0.2760617136955261,0.7547112107276917,0.47793373465538025,0.691551923751831,0.36956608295440674,0.7395429611206055,0.30340301990509033,0.7654672265052795,0.24443474411964417,0.7801414132118225,0.486838161945343,0.7180907130241394,0.37675559520721436,0.7578622698783875,0.3076289892196655,0.7766801118850708,0.24731484055519104,0.7815805673599243,0.4946041405200958,0.7644376754760742,0.4070605933666229,0.7816894054412842,0.356405109167099,0.7874727845191956,0.31020694971084595,0.7861868739128113,Stop
0.6937580704689026,0.8336424827575684,0.5831660032272339,0.8442071080207825,0.5085252523422241,0.8000404238700867,0.456633985042572,0.7664499282836914,0.4128798246383667,0.7496455907821655,0.4740726947784424,0.6916263699531555,0.3852246403694153,0.723984956741333,0.32751452922821045,0.7453630566596985,0.2744233310222626,0.7566931247711182,0.47865742444992065,0.6896668672561646,0.37140828371047974,0.737212598323822,0.305009663105011,0.7629406452178955,0.2458212971687317,0.7788706421852112,0.48713359236717224,0.7167555093765259,0.378182590007782,0.7553963661193848,0.3086176812648773,0.7746961116790771,0.247478187084198,0.7812185287475586,0.49495571851730347,0.764799952507019,0.4086095988750458,0.7823488712310791,0.35830315947532654,0.7896674871444702,0.3122117519378662,0.790594220161438,Stop
0.6916628479957581,0.8369330167770386,0.579422652721405,0.840628981590271,0.5048565864562988,0.7961711287498474,0.45216986536979675,0.7625696659088135,0.4076063930988312,0.745971143245697,0.47422218322753906,0.6911195516586304,0.38427257537841797,0.7242535352706909,0.32716286182403564,0.7461575269699097,0.2742152214050293,0.7576500773429871,0.47898542881011963,0.6905241012573242,0.3701207935810089,0.7388745546340942,0.3036547303199768,0.7647331953048706,0.2437671720981598,0.780453622341156,0.4872353971004486,0.718238890171051,0.37699025869369507,0.7549455761909485,0.30837538838386536,0.7734141945838928,0.24761274456977844,0.7790578603744507,0.4938770532608032,0.7661446928977966,0.40540334582328796,0.7813894152641296,0.3535885214805603,0.7858786582946777,0.3055800795555115,0.7835724949836731,Stop
0.6922601461410522,0.8330775499343872,0.5837681293487549,0.843060314655304,0.5092889666557312,0.8016514182090759,0.4566205143928528,0.769698977470398,0.4121992588043213,0.7545778751373291,0.4743350148200989,0.6892573237419128,0.3836807906627655,0.7244889736175537,0.32652902603149414,0.7469539642333984,0.2742829918861389,0.7581873536109924,0.47838547825813293,0.6880809664726257,0.36909669637680054,0.7387324571609497,0.3028827905654907,0.7652004957199097,0.24464890360832214,0.7806066274642944,0.4859980046749115,0.7162073850631714,0.37566548585891724,0.7566193342208862,0.3067694902420044,0.7756216526031494,0.24634790420532227,0.7809216976165771,0.49211129546165466,0.7648093104362488,0.4023154079914093,0.7811394929885864,0.3504435420036316,0.7863008379936218,0.3023706376552582,0.7839171886444092,Stop
0.6898489594459534,0.8341370820999146,0.5833293795585632,0.8370283842086792,0.5085933804512024,0.7962331771850586,0.4560074806213379,0.7665185332298279,0.41182127594947815,0.755179226398468,0.4740094840526581,0.6907605528831482,0.38311848044395447,0.7252039909362793,0.3268917202949524,0.7475663423538208,0.2760682702064514,0.7579395174980164,0.4779374897480011,0.6906461715698242,0.36790162324905396,0.7431899309158325,0.3018084466457367,0.7686892747879028,0.2450273334980011,0.7834362387657166,0.48554614186286926,0.7184580564498901,0.3749117851257324,0.7617035508155823,0.30610984563827515,0.7793340682983398,0.24695435166358948,0.7831960320472717,0.49126705527305603,0.7646474242210388,0.4004959464073181,0.7810684442520142,0.3484395742416382,0.7855808138847351,0.300956666469574,0.782660186290741,Stop
0.6892431378364563,0.8326410055160522,0.5910382270812988,0.8243841528892517,0.5164861679077148,0.7883392572402954,0.4608263075351715,0.7650371789932251,0.4141969084739685,0.7639273405075073,0.4757908582687378,0.6879677772521973,0.3846791684627533,0.7248850464820862,0.3305303454399109,0.7466586232185364,0.28191977739334106,0.7557979226112366,0.47907137870788574,0.6900753378868103,0.3681156039237976,0.7448437213897705,0.30195140838623047,0.7702076435089111,0.24572211503982544,0.7853394150733948,0.4867466986179352,0.7198682427406311,0.3761969804763794,0.7629064321517944,0.30783382058143616,0.7799999713897705,0.2487037181854248,0.7829141020774841,0.4944990575313568,0.7673772573471069,0.4051150679588318,0.7838681936264038,0.353396475315094,0.7889478206634521,0.30630427598953247,0.7875751852989197,Stop
0.6901410222053528,0.8256024718284607,0.6052932739257812,0.7702240943908691,0.5279450416564941,0.7441802620887756,0.47268450260162354,0.7385348081588745,0.4281997084617615,0.7520669102668762,0.4799216091632843,0.6876316666603088,0.3846018314361572,0.7208899855613708,0.3248647153377533,0.7399677634239197,0.273776113986969,0.7474520802497864,0.4769741892814636,0.696402907371521,0.366473913192749,0.7460324764251709,0.2999423146247864,0.7672685384750366,0.24475017189979553,0.7781480550765991,0.4779905080795288,0.7295309901237488,0.36932262778282166,0.7711142897605896,0.29996466636657715,0.7874296307563782,0.24018877744674683,0.7900744080543518,0.48068320751190186,0.7771533727645874,0.3924834728240967,0.7894663214683533,0.33946681022644043,0.7926719188690186,0.2909831404685974,0.7909803986549377,Stop
0.6893903613090515,0.8341647386550903,0.6027958393096924,0.7832188606262207,0.5220605731010437,0.7540385127067566,0.4651962220668793,0.7415036559104919,0.4204152226448059,0.751368522644043,0.47676903009414673,0.6916624903678894,0.38145095109939575,0.7233450412750244,0.32174891233444214,0.7422664761543274,0.27049392461776733,0.7501351833343506,0.4750196933746338,0.6992809772491455,0.36289817094802856,0.7490845918655396,0.29487454891204834,0.769875168800354,0.23888647556304932,0.7807594537734985,0.4772733151912689,0.7321426868438721,0.36619800329208374,0.7734155058860779,0.29790860414505005,0.7895358800888062,0.23957675695419312,0.7926849126815796,0.4809460937976837,0.7791455984115601,0.39114314317703247,0.7945855259895325,0.33900919556617737,0.7984023690223694,0.2923099398612976,0.7974860668182373,Stop
0.691144585609436,0.8308939337730408,0.6035018563270569,0.7841663956642151,0.5241998434066772,0.7576540112495422,0.46870774030685425,0.7486734390258789,0.4244404435157776,0.7599157691001892,0.47680380940437317,0.6861457228660583,0.3854271471500397,0.7138823866844177,0.32927292585372925,0.7336645722389221,0.28059765696525574,0.7430101633071899,0.473215252161026,0.6947536468505859,0.36169302463531494,0.7453288435935974,0.2943277955055237,0.7690485119819641,0.2396601140499115,0.7822115421295166,0.47460198402404785,0.7293184995651245,0.3630646765232086,0.7724253535270691,0.2953392267227173,0.7908790111541748,0.23647668957710266,0.7943527698516846,0.47849082946777344,0.7783714532852173,0.3858104348182678,0.7927883863449097,0.3324989080429077,0.7964702844619751,0.2843436002731323,0.7945273518562317,Stop
0.694420576095581,0.8360024690628052,0.6037187576293945,0.7938668727874756,0.5222063064575195,0.7649807333946228,0.4647611081600189,0.7534074783325195,0.41915589570999146,0.7641761302947998,0.47427821159362793,0.6905050873756409,0.3793450593948364,0.7286883592605591,0.320808470249176,0.7513745427131653,0.2700706720352173,0.7613796591758728,0.4728963077068329,0.6976824402809143,0.36097103357315063,0.7531836032867432,0.293357789516449,0.7762978672981262,0.23783642053604126,0.7889263033866882,0.4763418734073639,0.7320387959480286,0.3654975891113281,0.7751123309135437,0.2969776690006256,0.7914448976516724,0.23797067999839783,0.7943181395530701,0.4810631573200226,0.7813931703567505,0.39083343744277954,0.7960543632507324,0.3377477526664734,0.7994141578674316,0.2894804775714874,0.7973808646202087,Stop
0.6937854290008545,0.8343827724456787,0.6026378870010376,0.7844715714454651,0.5219467878341675,0.7562968134880066,0.46453362703323364,0.7493320107460022,0.41849833726882935,0.7651447057723999,0.4730209708213806,0.6870264410972595,0.3754659593105316,0.7314340472221375,0.3156910538673401,0.7571017742156982,0.2647205591201782,0.7669113278388977,0.47133708000183105,0.6960979104042053,0.3567870557308197,0.7543830275535583,0.2893488109111786,0.7784010171890259,0.2345917522907257,0.7890532612800598,0.47488415241241455,0.7321730256080627,0.3619893491268158,0.7786099910736084,0.29296743869781494,0.7962328791618347,0.23436254262924194,0.797455370426178,0.4802365303039551,0.7830202579498291,0.3895924389362335,0.7963584065437317,0.33598971366882324,0.8000822067260742,0.28787052631378174,0.7975753545761108,Stop
0.6950767040252686,0.8366600275039673,0.6040006279945374,0.7963032722473145,0.5220656394958496,0.7684215307235718,0.4633365869522095,0.759986162185669,0.4163692593574524,0.7757543325424194,0.47187089920043945,0.6926562786102295,0.3741910755634308,0.7342775464057922,0.31542694568634033,0.7571557760238647,0.2649904489517212,0.7654404044151306,0.47113603353500366,0.6997041702270508,0.3568532466888428,0.7556506991386414,0.28968381881713867,0.777616024017334,0.2355543076992035,0.7885712385177612,0.4762360155582428,0.734368085861206,0.36397212743759155,0.7777089476585388,0.2958669364452362,0.793828010559082,0.2380615472793579,0.7959014177322388,0.4835257828235626,0.7838663458824158,0.39544737339019775,0.7972127199172974,0.3440935015678406,0.8015950322151184,0.29764437675476074,0.8010908365249634,Stop
0.6934640407562256,0.8337991237640381,0.6005523800849915,0.7804423570632935,0.5182656049728394,0.7529368996620178,0.4604074954986572,0.7486814260482788,0.4149071276187897,0.7679214477539062,0.47020018100738525,0.6861682534217834,0.37314221262931824,0.7321782112121582,0.31401491165161133,0.7574619650840759,0.26331183314323425,0.767884373664856,0.4681133031845093,0.6976665258407593,0.35521793365478516,0.7546466588973999,0.28925079107284546,0.778010368347168,0.23514270782470703,0.7897720336914062,0.47095102071762085,0.7345828413963318,0.3605683445930481,0.7771072387695312,0.2932031750679016,0.7935183644294739,0.2355024814605713,0.7945671677589417,0.4750075042247772,0.7854396104812622,0.3842881917953491,0.7968974709510803,0.33025598526000977,0.7986608147621155,0.28145360946655273,0.7945452332496643,Stop
0.6972110271453857,0.8354348540306091,0.6055868864059448,0.7797274589538574,0.5225160121917725,0.7484204769134521,0.4631255865097046,0.739722728729248,0.41645997762680054,0.7562255263328552,0.4730633497238159,0.6854547262191772,0.37432268261909485,0.7388429045677185,0.31427448987960815,0.764595091342926,0.2628673315048218,0.7726345658302307,0.4733889400959015,0.6961448788642883,0.3589590787887573,0.7567248940467834,0.2910796105861664,0.7799644470214844,0.23486804962158203,0.7892235517501831,0.47797974944114685,0.7316376566886902,0.3659873306751251,0.776008665561676,0.29752570390701294,0.7930963635444641,0.23967483639717102,0.7935503721237183,0.48418858647346497,0.7810868620872498,0.3938542902469635,0.7921145558357239,0.34037819504737854,0.7947830557823181,0.2928757071495056,0.7906777262687683,Stop
0.6983581781387329,0.8337225914001465,0.6032933592796326,0.7792183756828308,0.521813690662384,0.7499163150787354,0.4636887311935425,0.7403387427330017,0.4172287881374359,0.7557430267333984,0.4732019007205963,0.6833319664001465,0.3743381202220917,0.7361027002334595,0.31339284777641296,0.7645217776298523,0.26183104515075684,0.7735999822616577,0.4731626808643341,0.6920537948608398,0.3578738570213318,0.7532510757446289,0.2888970375061035,0.776870846748352,0.23311078548431396,0.7860046625137329,0.4780679941177368,0.7277727723121643,0.3630039095878601,0.7746970057487488,0.2922109365463257,0.7930982112884521,0.23255178332328796,0.7933300733566284,0.48483026027679443,0.7796364426612854,0.38851261138916016,0.7909234166145325,0.3317163586616516,0.7935072183609009,0.28162550926208496,0.7887259721755981,Stop
0.702172040939331,0.8275580406188965,0.6044586896896362,0.7761331796646118,0.5212506055831909,0.7461527585983276,0.4615951180458069,0.737357497215271,0.41458481550216675,0.7536264657974243,0.4741441011428833,0.6790632605552673,0.37232616543769836,0.7323948740959167,0.30979785323143005,0.7581709623336792,0.25633013248443604,0.7667272686958313,0.47453126311302185,0.6879937052726746,0.35750454664230347,0.7474979162216187,0.2884373068809509,0.7717697620391846,0.23170405626296997,0.781221866607666,0.47971591353416443,0.7234594821929932,0.3652873635292053,0.7679911255836487,0.2947653830051422,0.7864469289779663,0.23544186353683472,0.7860521078109741,0.4866597652435303,0.7762674689292908,0.3900092840194702,0.7879270315170288,0.3332672715187073,0.7907827496528625,0.2837701439857483,0.784839928150177,Stop
0.6994013786315918,0.8196790814399719,0.5997591018676758,0.772734522819519,0.5144723653793335,0.740676999092102,0.45329946279525757,0.7277103662490845,0.4049786329269409,0.737337589263916,0.47008058428764343,0.6689770817756653,0.37035423517227173,0.7199727892875671,0.3079657554626465,0.7464563846588135,0.25432103872299194,0.7568622827529907,0.4712708294391632,0.6764622926712036,0.35523203015327454,0.735842227935791,0.2863437533378601,0.7602804899215698,0.230380117893219,0.7715843915939331,0.47709986567497253,0.7111362218856812,0.36248913407325745,0.7596274018287659,0.2919674515724182,0.7791653275489807,0.23252350091934204,0.7801356911659241,0.48396262526512146,0.7643954753875732,0.384998083114624,0.7788059711456299,0.3267377018928528,0.7822005152702332,0.27557212114334106,0.7775838971138,Stop
0.7047868967056274,0.8159536123275757,0.6087765097618103,0.7660179138183594,0.523556649684906,0.7355725169181824,0.46222612261772156,0.7244127988815308,0.41438379883766174,0.7363219857215881,0.4718887209892273,0.6644490957260132,0.3730187714099884,0.7180951833724976,0.3103891909122467,0.7472546696662903,0.2569000720977783,0.7591754794120789,0.4731653332710266,0.6707852482795715,0.35615861415863037,0.7341544032096863,0.2864954471588135,0.7609022259712219,0.23039975762367249,0.7746700048446655,0.4793090224266052,0.7058689594268799,0.36287179589271545,0.753339409828186,0.2923218309879303,0.7723957300186157,0.2337578535079956,0.7738198637962341,0.4855862557888031,0.7595416903495789,0.3857693672180176,0.7710082530975342,0.32641005516052246,0.7729973793029785,0.2753762900829315,0.7678341865539551,Stop
0.701496422290802,0.8147023916244507,0.6052220463752747,0.7628815770149231,0.5220350623130798,0.731148898601532,0.46298280358314514,0.7173774242401123,0.4167672395706177,0.72782301902771,0.46735069155693054,0.6616313457489014,0.36823412775993347,0.7156622409820557,0.306892067193985,0.746200442314148,0.2552052140235901,0.7584987282752991,0.46881017088890076,0.6693597435951233,0.350829154253006,0.7347812056541443,0.28243619203567505,0.7633694410324097,0.22870531678199768,0.778272807598114,0.4761078655719757,0.7060315012931824,0.35935789346694946,0.7534118890762329,0.28838658332824707,0.7734302282333374,0.22982510924339294,0.7750236392021179,0.4829546809196472,0.7615346312522888,0.3825657367706299,0.7724841833114624,0.3230496346950531,0.7719388604164124,0.2716105580329895,0.762663722038269,Stop
0.7117144465446472,0.8170850872993469,0.6180264353752136,0.7561448812484741,0.534479558467865,0.7235853672027588,0.47379010915756226,0.7112458944320679,0.4266640841960907,0.7267457246780396,0.477239727973938,0.6574465036392212,0.3784007728099823,0.7136666774749756,0.3144279420375824,0.7464209794998169,0.25991517305374146,0.7616193294525146,0.4759775400161743,0.6651647686958313,0.35947346687316895,0.7282140851020813,0.28873419761657715,0.7580233216285706,0.2329479455947876,0.7754233479499817,0.4816012382507324,0.7026215195655823,0.36491692066192627,0.748760998249054,0.2913271188735962,0.769005298614502,0.2299732267856598,0.771382212638855,0.48886987566947937,0.7589165568351746,0.3867366313934326,0.7688472270965576,0.3266950845718384,0.7716315388679504,0.2755470275878906,0.7673551440238953,Stop
0.7152137756347656,0.8156914114952087,0.6139072179794312,0.768852174282074,0.5295500159263611,0.735405445098877,0.4684477746486664,0.7187216281890869,0.42077115178108215,0.7271724343299866,0.4820827543735504,0.6609451770782471,0.3826427161693573,0.7080869078636169,0.3187745213508606,0.7373324632644653,0.2638492286205292,0.7501533627510071,0.48362112045288086,0.6642361879348755,0.36647936701774597,0.7229273915290833,0.2948966324329376,0.7493945360183716,0.23698535561561584,0.7632074952125549,0.4910576343536377,0.6987040638923645,0.3742549419403076,0.743760347366333,0.30173802375793457,0.7640541791915894,0.24073731899261475,0.7672302722930908,0.4989463686943054,0.753180742263794,0.4014533758163452,0.7641937136650085,0.34310996532440186,0.7672421932220459,0.29151082038879395,0.7634547352790833,Stop
0.7175869941711426,0.8128317594528198,0.6198042035102844,0.7528130412101746,0.5358757972717285,0.7172179222106934,0.47539812326431274,0.7008576989173889,0.4285220503807068,0.7129368782043457,0.48244428634643555,0.6549296379089355,0.38369083404541016,0.7010192275047302,0.3200695514678955,0.7339599132537842,0.26784685254096985,0.7483248710632324,0.4849358797073364,0.6599077582359314,0.3666980266571045,0.7205158472061157,0.293559730052948,0.7473140358924866,0.23683971166610718,0.7619475722312927,0.4934442937374115,0.6953888535499573,0.3738350570201874,0.7393266558647156,0.3012070059776306,0.7600805163383484,0.2416299283504486,0.764643132686615,0.5033867955207825,0.7490154504776001,0.40844112634658813,0.7592896223068237,0.3498985767364502,0.7622888684272766,0.2983052730560303,0.7606943845748901,Stop
0.7259232401847839,0.8073481321334839,0.6355596780776978,0.7336223125457764,0.549088716506958,0.6988405585289001,0.48694470524787903,0.6829283237457275,0.4399479627609253,0.6927047967910767,0.4994954764842987,0.6400558948516846,0.39863327145576477,0.6651939749717712,0.3348746597766876,0.6919325590133667,0.28299471735954285,0.7080166935920715,0.5003876686096191,0.6472227573394775,0.3807715177536011,0.691623866558075,0.30577903985977173,0.7174578905105591,0.24432742595672607,0.7345916032791138,0.5070226192474365,0.6840450763702393,0.38517871499061584,0.7194936871528625,0.3123168349266052,0.7401397228240967,0.24950426816940308,0.7467629313468933,0.5159489512443542,0.7381666302680969,0.4176355302333832,0.749089777469635,0.3611224293708801,0.751701295375824,0.31113719940185547,0.7483720779418945,Stop
0.7245014309883118,0.808735728263855,0.6281174421310425,0.7437184453010559,0.5425192713737488,0.7044315338134766,0.48052307963371277,0.6788942217826843,0.43160027265548706,0.6801679134368896,0.49576300382614136,0.6349500417709351,0.39533060789108276,0.6712183952331543,0.33319729566574097,0.7012501955032349,0.2820982336997986,0.716745913028717,0.5000331997871399,0.6434467434883118,0.38108527660369873,0.6929420232772827,0.3074248135089874,0.7172272205352783,0.24753570556640625,0.7317418456077576,0.5099624991416931,0.6817927956581116,0.38865774869918823,0.7168211340904236,0.314567506313324,0.7356843948364258,0.2516857087612152,0.740515947341919,0.5219727754592896,0.7368744611740112,0.4271709620952606,0.7455295920372009,0.36953285336494446,0.7488825917243958,0.3178635537624359,0.7468743920326233,Stop
0.7291429042816162,0.8046444058418274,0.6333715319633484,0.741274893283844,0.5508388876914978,0.7054154872894287,0.4912005662918091,0.6833006143569946,0.4429797828197479,0.684760332107544,0.4967085123062134,0.6396072506904602,0.3970179557800293,0.6732169985771179,0.33637887239456177,0.7014963626861572,0.2872617244720459,0.7141585946083069,0.5002391338348389,0.646162211894989,0.37960004806518555,0.6973210573196411,0.3056982755661011,0.7205899357795715,0.246845543384552,0.7337227463722229,0.5097557902336121,0.683020293712616,0.3873947262763977,0.7205432057380676,0.312475323677063,0.7393637299537659,0.24985021352767944,0.7439236640930176,0.5213316679000854,0.7367567420005798,0.4266580641269684,0.7454478740692139,0.36976760625839233,0.7483361959457397,0.3192843198776245,0.7461742162704468,Stop
0.7285593748092651,0.8044886589050293,0.6307407021522522,0.739068865776062,0.5477230548858643,0.7027599811553955,0.4879862070083618,0.6804186105728149,0.43985867500305176,0.6812511086463928,0.49599024653434753,0.6379143595695496,0.39459919929504395,0.6757659912109375,0.33374035358428955,0.7041453719139099,0.2829127907752991,0.717074990272522,0.49935096502304077,0.643731951713562,0.3778984546661377,0.696151852607727,0.3035755753517151,0.718992292881012,0.2434101104736328,0.7314045429229736,0.5081807971000671,0.6805024147033691,0.3847197890281677,0.7173088192939758,0.3101251423358917,0.7352893352508545,0.24776414036750793,0.7388781905174255,0.5181665420532227,0.7348622679710388,0.42246106266975403,0.7441973090171814,0.3654831349849701,0.7458705902099609,0.314667284488678,0.7414321303367615,Stop
0.7275631427764893,0.8036353588104248,0.6319647431373596,0.7338317632675171,0.5488794445991516,0.6984284520149231,0.4893375337123871,0.6773126721382141,0.44104209542274475,0.6779264807701111,0.4965328276157379,0.6357736587524414,0.39398956298828125,0.6675958037376404,0.33110201358795166,0.6971539258956909,0.2797275185585022,0.7129674553871155,0.4983411133289337,0.6422382593154907,0.37655094265937805,0.6942194700241089,0.30168837308883667,0.718884289264679,0.2428705096244812,0.7342814803123474,0.5056556463241577,0.679736316204071,0.3803732395172119,0.7183791995048523,0.30469536781311035,0.7358622550964355,0.24234208464622498,0.7399517893791199,0.5141749382019043,0.7334789037704468,0.41306018829345703,0.7447632551193237,0.3533232808113098,0.7468701601028442,0.3010042905807495,0.7432829141616821,Stop
0.7265741229057312,0.8024442791938782,0.6324541568756104,0.7331116795539856,0.5491902232170105,0.6982001662254333,0.4880625307559967,0.6773071885108948,0.43871596455574036,0.6795240640640259,0.4961296319961548,0.6366114616394043,0.3939804434776306,0.66776442527771,0.33140379190444946,0.6988728642463684,0.28056007623672485,0.7150082588195801,0.4987483322620392,0.6425436735153198,0.3765621781349182,0.6951716542243958,0.30173271894454956,0.7205125689506531,0.24236053228378296,0.7357641458511353,0.5071362257003784,0.6792715787887573,0.38090771436691284,0.7192801833152771,0.3046228885650635,0.7374553084373474,0.24143999814987183,0.7417505383491516,0.5168970823287964,0.7326325178146362,0.4157297611236572,0.7449718713760376,0.3557821810245514,0.747587263584137,0.30329617857933044,0.7444095015525818,Stop
0.7262779474258423,0.8013225793838501,0.6331309080123901,0.7319297194480896,0.5500730872154236,0.6972271203994751,0.4893602132797241,0.6766639947891235,0.44018957018852234,0.678996205329895,0.49586623907089233,0.6361460089683533,0.3940092623233795,0.6678813695907593,0.33157357573509216,0.6990610361099243,0.2812953591346741,0.714881956577301,0.4985964298248291,0.6426042318344116,0.3764728009700775,0.6953833103179932,0.3015165328979492,0.72038733959198,0.2424742579460144,0.7352440357208252,0.5071980953216553,0.6796234846115112,0.3810119032859802,0.7200231552124023,0.3045799136161804,0.7379378080368042,0.2414093315601349,0.7417808771133423,0.5173936486244202,0.7330760359764099,0.41594651341438293,0.7455995678901672,0.35569047927856445,0.748611330986023,0.30296891927719116,0.7456510663032532,Stop
0.7283695340156555,0.8064449429512024,0.6342124938964844,0.7382482290267944,0.5520511865615845,0.7043548226356506,0.49348732829093933,0.683661162853241,0.44685083627700806,0.6851274371147156,0.49334830045700073,0.6424556374549866,0.3946022391319275,0.6754850149154663,0.33495891094207764,0.7053762674331665,0.286354660987854,0.7195441722869873,0.49656954407691956,0.6477012038230896,0.37639516592025757,0.7042272686958313,0.3019077181816101,0.7276484966278076,0.24287530779838562,0.7407109141349792,0.5070496797561646,0.6834986209869385,0.38407570123672485,0.725445568561554,0.31023815274238586,0.7432642579078674,0.24879634380340576,0.7465754151344299,0.5193209648132324,0.735967755317688,0.4248161315917969,0.7499817609786987,0.36795926094055176,0.7527215480804443,0.3175548017024994,0.7491785287857056,Stop
0.7308570146560669,0.8066914677619934,0.6334801316261292,0.7399356365203857,0.547581672668457,0.703768789768219,0.485759437084198,0.680543839931488,0.4365190863609314,0.6822689175605774,0.4957519769668579,0.6381223797798157,0.39417362213134766,0.6799266934394836,0.33193594217300415,0.7093420028686523,0.27978450059890747,0.7223910689353943,0.5008152723312378,0.6439195275306702,0.3802202343940735,0.7010195851325989,0.30487826466560364,0.7250487804412842,0.24292415380477905,0.7377618551254272,0.511210024356842,0.6805896759033203,0.38849079608917236,0.7209199666976929,0.31353241205215454,0.7402740716934204,0.2495707869529724,0.7440561652183533,0.5232380628585815,0.7358747720718384,0.4271356165409088,0.7482646703720093,0.3698683977127075,0.7504494190216064,0.31876182556152344,0.7456843852996826,Stop
0.7262682914733887,0.8036433458328247,0.6307376027107239,0.738240659236908,0.547874927520752,0.7027199864387512,0.4885227680206299,0.6806080341339111,0.4400847554206848,0.6816509962081909,0.4940633475780487,0.634951114654541,0.39065617322921753,0.6774212718009949,0.32749098539352417,0.7110052108764648,0.2753206491470337,0.7273077368736267,0.4987279176712036,0.6412848234176636,0.37489181756973267,0.7004858255386353,0.29890793561935425,0.7269973158836365,0.23876336216926575,0.7420921325683594,0.509541928768158,0.6794574856758118,0.3822880983352661,0.721405029296875,0.3066195845603943,0.7410300970077515,0.24412322044372559,0.7456156611442566,0.5219762921333313,0.7349013090133667,0.4233880043029785,0.7470508813858032,0.36499887704849243,0.7502889633178711,0.3132026791572571,0.7468845248222351,Stop
0.7305476665496826,0.8018380999565125,0.6380125284194946,0.7263771891593933,0.5550597310066223,0.6918699145317078,0.4954698085784912,0.6739209890365601,0.4484160840511322,0.6778210401535034,0.497517853975296,0.6323251724243164,0.39710068702697754,0.6692793965339661,0.33898627758026123,0.702415406703949,0.29255566000938416,0.7192893624305725,0.500735878944397,0.6418204307556152,0.3793860673904419,0.7009690999984741,0.3052822947502136,0.7275312542915344,0.24562346935272217,0.7433153986930847,0.5110706090927124,0.6803710460662842,0.3869451880455017,0.7218515872955322,0.31364256143569946,0.7407928109169006,0.2517346739768982,0.744953453540802,0.5234372019767761,0.7338809967041016,0.42489123344421387,0.747594952583313,0.3673861026763916,0.749022901058197,0.31659823656082153,0.7435890436172485,Stop
0.7303223609924316,0.8046582937240601,0.6324113607406616,0.7383322715759277,0.5483691692352295,0.7014315724372864,0.4872591197490692,0.6784570813179016,0.4380117654800415,0.6789818406105042,0.4952872097492218,0.6350814700126648,0.39200952649116516,0.6764510869979858,0.3285396695137024,0.7088489532470703,0.27695003151893616,0.7240606546401978,0.5010716319084167,0.6423853635787964,0.37846243381500244,0.7004542946815491,0.30310186743736267,0.7246302962303162,0.2433541715145111,0.7389096617698669,0.5139091610908508,0.67951899766922,0.3880876898765564,0.7209630012512207,0.3137240409851074,0.7394059300422668,0.25176382064819336,0.7438867092132568,0.5298061966896057,0.7329078912734985,0.43514102697372437,0.7463614344596863,0.37831103801727295,0.7505225539207458,0.32791608572006226,0.749180793762207,Stop
0.7351487874984741,0.8033401966094971,0.6431668400764465,0.7332435250282288,0.5595483183860779,0.6969433426856995,0.4982548654079437,0.677067220211029,0.4480593204498291,0.680907130241394,0.5039321780204773,0.6324462890625,0.40170326828956604,0.6715543270111084,0.33915048837661743,0.7034305930137634,0.2886165380477905,0.7188853621482849,0.5073584914207458,0.6390082240104675,0.383586585521698,0.6969601511955261,0.30682438611984253,0.7221401929855347,0.24554523825645447,0.7370610237121582,0.5167205929756165,0.6768509745597839,0.3886287808418274,0.7173405885696411,0.3123701810836792,0.7357040643692017,0.2485135793685913,0.7392850518226624,0.5272508263587952,0.7312871813774109,0.4270029366016388,0.7414699196815491,0.3675006628036499,0.741439163684845,0.31468498706817627,0.7345938086509705,Stop
0.7343479990959167,0.8008028268814087,0.6403421759605408,0.7347984910011292,0.5561519861221313,0.6976312398910522,0.49531105160713196,0.6757219433784485,0.4454679787158966,0.6765332818031311,0.5004345774650574,0.6338752508163452,0.3967084288597107,0.6721473932266235,0.3314141631126404,0.7023090124130249,0.2778819501399994,0.7176592350006104,0.5047516822814941,0.639671266078949,0.38064640760421753,0.6962764859199524,0.3039358854293823,0.7210322618484497,0.242743581533432,0.735999584197998,0.514903724193573,0.676509439945221,0.3882712721824646,0.7192214131355286,0.31193941831588745,0.7380950450897217,0.2482939064502716,0.7428226470947266,0.5265964865684509,0.7304465174674988,0.4286719858646393,0.7439212799072266,0.3702234625816345,0.7467727065086365,0.31812646985054016,0.7429744601249695,Stop
0.7336859703063965,0.8015869855880737,0.6374300122261047,0.7341378927230835,0.5536385774612427,0.6957058906555176,0.49225860834121704,0.6732226014137268,0.44155585765838623,0.6749929785728455,0.5002153515815735,0.6308708190917969,0.3975079655647278,0.6707027554512024,0.33542174100875854,0.7017601132392883,0.28403419256210327,0.7164602875709534,0.505191445350647,0.6361090540885925,0.3809279501438141,0.6958721280097961,0.3048776388168335,0.7216506600379944,0.24386712908744812,0.7364609241485596,0.5162042379379272,0.6728790402412415,0.3883972764015198,0.7170014977455139,0.3121732473373413,0.736808717250824,0.24868494272232056,0.7410696744918823,0.5278620719909668,0.727783739566803,0.4270615577697754,0.7414843440055847,0.3671282231807709,0.7426143884658813,0.3142596483230591,0.7365776896476746,Stop
0.740979790687561,0.800740122795105,0.6459023356437683,0.7341851592063904,0.5605878829956055,0.6977721452713013,0.49804091453552246,0.6759326457977295,0.4480196237564087,0.6806282997131348,0.5042546391487122,0.6299220323562622,0.40131884813308716,0.673649787902832,0.3378129005432129,0.7055402398109436,0.286307692527771,0.7196670770645142,0.5096567869186401,0.6357961297035217,0.38547587394714355,0.694111704826355,0.30768829584121704,0.719057023525238,0.24509605765342712,0.7343431115150452,0.5213805437088013,0.6729198098182678,0.39426231384277344,0.713808000087738,0.317316472530365,0.7332382798194885,0.25213631987571716,0.7379165291786194,0.5350068211555481,0.7285995483398438,0.4357522130012512,0.7413207292556763,0.3767237961292267,0.7432065010070801,0.32434362173080444,0.7382655143737793,Stop
0.7393248081207275,0.8034123182296753,0.6402856707572937,0.7431204319000244,0.5577220916748047,0.7029942870140076,0.4960058629512787,0.6768613457679749,0.44643303751945496,0.6763159036636353,0.5038405060768127,0.6302703022956848,0.401502788066864,0.6734521389007568,0.33834946155548096,0.7051083445549011,0.2861461341381073,0.7194311618804932,0.5091908574104309,0.6350661516189575,0.3860939145088196,0.6925371885299683,0.3091922700405121,0.7181717753410339,0.24649766087532043,0.7333129644393921,0.5203362107276917,0.6719406247138977,0.3945586681365967,0.7135775089263916,0.3178742825984955,0.7327703237533569,0.25313127040863037,0.7369898557662964,0.5319451093673706,0.7282676100730896,0.43270349502563477,0.7408272624015808,0.37362009286880493,0.7420088052749634,0.32057833671569824,0.736044704914093,Stop
0.7463305592536926,0.8043757081031799,0.6481455564498901,0.741318941116333,0.5626306533813477,0.7019705772399902,0.5003949999809265,0.6780550479888916,0.450187087059021,0.6787716746330261,0.5072900652885437,0.6284921169281006,0.4047445058822632,0.6736627221107483,0.3415868878364563,0.7044360041618347,0.2893983721733093,0.7169721126556396,0.5122278928756714,0.6336336135864258,0.38904184103012085,0.6914029121398926,0.31171685457229614,0.7157952189445496,0.24889588356018066,0.7299498915672302,0.52274489402771,0.6705976724624634,0.3975203037261963,0.7117123007774353,0.3204968571662903,0.730598509311676,0.25520941615104675,0.7347182631492615,0.534047544002533,0.7267530560493469,0.4339883327484131,0.7386760115623474,0.3745798170566559,0.7397348880767822,0.32177865505218506,0.7338844537734985,Stop
0.7456433176994324,0.8026742339134216,0.6459822058677673,0.7409173250198364,0.562635600566864,0.7007173895835876,0.5017685294151306,0.6770401000976562,0.45157620310783386,0.6796554923057556,0.5089965462684631,0.6276508569717407,0.40446949005126953,0.6690682768821716,0.34184950590133667,0.6979415416717529,0.28988194465637207,0.7092446684837341,0.5139520168304443,0.6321915984153748,0.3875964879989624,0.6888649463653564,0.3109920024871826,0.7124556303024292,0.24936982989311218,0.7252805829048157,0.5247326493263245,0.669399082660675,0.39496344327926636,0.7113519906997681,0.3178819715976715,0.7297440767288208,0.2536877393722534,0.7322148084640503,0.5359447598457336,0.7270321249961853,0.4306239187717438,0.7397484183311462,0.3701516389846802,0.7402611970901489,0.3173817992210388,0.7323499917984009,Stop
0.7450340390205383,0.8024644255638123,0.6438928842544556,0.7387768030166626,0.5578122138977051,0.6987511515617371,0.4943402409553528,0.6740583181381226,0.4429735541343689,0.6762863397598267,0.5059479475021362,0.6258719563484192,0.40000811219215393,0.6715759038925171,0.3360275626182556,0.7025426030158997,0.2820049524307251,0.7155019640922546,0.5123050808906555,0.6304600834846497,0.38625895977020264,0.6885085105895996,0.3091636300086975,0.7143594026565552,0.2467173933982849,0.7296814322471619,0.5241644382476807,0.6683856248855591,0.3958728611469269,0.7098886370658875,0.31846919655799866,0.7302317023277283,0.25329354405403137,0.735073983669281,0.5361455082893372,0.7269487380981445,0.4338773488998413,0.7386579513549805,0.3735828399658203,0.7401125431060791,0.32000333070755005,0.7338632941246033,Stop
0.7437387704849243,0.8014227747917175,0.6410543918609619,0.7399919033050537,0.5555943846702576,0.7023336887359619,0.4926794767379761,0.6784438490867615,0.4413718283176422,0.6796848177909851,0.5048062205314636,0.6272575259208679,0.39898011088371277,0.668999195098877,0.3367267847061157,0.7007872462272644,0.2848982810974121,0.7142422199249268,0.5102769136428833,0.6323866844177246,0.38564079999923706,0.6897884011268616,0.31084752082824707,0.7157242298126221,0.2506607174873352,0.7313207387924194,0.5216142535209656,0.6698257923126221,0.3950214684009552,0.7106370329856873,0.31980299949645996,0.7301985621452332,0.25630223751068115,0.7346816062927246,0.5333384275436401,0.7268113493919373,0.4350607395172119,0.7393157482147217,0.37618863582611084,0.7411309480667114,0.3230665922164917,0.7357717156410217,Stop
0.7405829429626465,0.8032745718955994,0.6386445760726929,0.743793785572052,0.5546351671218872,0.7060452699661255,0.4917008876800537,0.6809889078140259,0.440805584192276,0.6815476417541504,0.5038689970970154,0.6294947266578674,0.3977017402648926,0.6746628880500793,0.3347993493080139,0.7072882056236267,0.2825251519680023,0.7212645411491394,0.5098898410797119,0.6350406408309937,0.38332003355026245,0.6943434476852417,0.30677223205566406,0.7198858857154846,0.24460476636886597,0.734714686870575,0.5217798352241516,0.6728258728981018,0.39247965812683105,0.7152817249298096,0.31566667556762695,0.7341974973678589,0.25090399384498596,0.7378184795379639,0.5338088870048523,0.7302466034889221,0.43284764885902405,0.7427233457565308,0.3730476498603821,0.7436949610710144,0.3191893994808197,0.7367299199104309,Stop
0.7448787093162537,0.8001630902290344,0.6458241939544678,0.7360748052597046,0.5560824275016785,0.6997148990631104,0.4907194674015045,0.6772793531417847,0.43761372566223145,0.6796494722366333,0.5029104948043823,0.6296846866607666,0.3974050283432007,0.6762791275978088,0.33198273181915283,0.7077203392982483,0.2772749662399292,0.7219135761260986,0.509955644607544,0.634071946144104,0.38526973128318787,0.694817066192627,0.3078298270702362,0.7208425402641296,0.2448406219482422,0.7370461225509644,0.5222703814506531,0.6704846024513245,0.39555543661117554,0.7153849601745605,0.31920599937438965,0.7359810471534729,0.2537470757961273,0.7414794564247131,0.5359694957733154,0.726086437702179,0.4366220235824585,0.7410316467285156,0.37702181935310364,0.7443937659263611,0.32324886322021484,0.7408508062362671,Stop
0.7410234808921814,0.8013710975646973,0.6384854912757874,0.7453739047050476,0.5524516701698303,0.7058640718460083,0.48783937096595764,0.6804593801498413,0.43544530868530273,0.6814249157905579,0.502273440361023,0.6302345395088196,0.395113080739975,0.6777102947235107,0.33038800954818726,0.7091506719589233,0.2753642201423645,0.722927451133728,0.5098944306373596,0.6333286166191101,0.3824654221534729,0.6942960023880005,0.30533260107040405,0.7212410569190979,0.24251234531402588,0.7380236983299255,0.5223146677017212,0.6696685552597046,0.39237478375434875,0.7150806784629822,0.31513339281082153,0.7356724739074707,0.24994203448295593,0.7408725023269653,0.5342473387718201,0.7277612686157227,0.43062326312065125,0.741732656955719,0.3697572350502014,0.7429041266441345,0.3155704140663147,0.736044704914093,Stop
0.7461806535720825,0.8031323552131653,0.6468033790588379,0.7410993576049805,0.5587536692619324,0.7039678692817688,0.49419069290161133,0.6804559826850891,0.4419037103652954,0.68212890625,0.5031664967536926,0.6324450373649597,0.3987722396850586,0.6789895296096802,0.3345382809638977,0.7090936899185181,0.27989983558654785,0.7210352420806885,0.5102565288543701,0.6360920071601868,0.3860330581665039,0.6959991455078125,0.30972322821617126,0.7200128436088562,0.24717172980308533,0.7342736721038818,0.5231055617332458,0.6720778942108154,0.39631152153015137,0.7165750861167908,0.3199065327644348,0.7351725697517395,0.25432246923446655,0.7386063933372498,0.5367885828018188,0.7281140685081482,0.43766894936561584,0.7423328161239624,0.3781599700450897,0.7441532611846924,0.32456615567207336,0.7390997409820557,Stop
0.7400492429733276,0.8063679337501526,0.6375818848609924,0.7503438591957092,0.5499398112297058,0.7101010084152222,0.483794629573822,0.6820728182792664,0.43100208044052124,0.6806883215904236,0.5038726925849915,0.6318314075469971,0.3962740898132324,0.6788595914840698,0.32985639572143555,0.7083383798599243,0.27340713143348694,0.7208011150360107,0.5115358233451843,0.6356149911880493,0.38523781299591064,0.6958377361297607,0.3079049587249756,0.7215465903282166,0.24439066648483276,0.7368363738059998,0.5241829752922058,0.6713443398475647,0.39659255743026733,0.7165114879608154,0.3189197778701782,0.7367259860038757,0.25310683250427246,0.7418369054794312,0.5371131896972656,0.7272111773490906,0.4369857609272003,0.7429403066635132,0.3765765428543091,0.7461021542549133,0.32241255044937134,0.7413038015365601,Stop
0.7451573610305786,0.8059924840927124,0.6469758749008179,0.7447443008422852,0.5587824583053589,0.7065555453300476,0.49488091468811035,0.6806548833847046,0.4431977868080139,0.6787217855453491,0.5068713426589966,0.6296638250350952,0.4037763178348541,0.6749029159545898,0.33957815170288086,0.7047816514968872,0.2856540083885193,0.7174221277236938,0.5132627487182617,0.6347672939300537,0.39097267389297485,0.6941508650779724,0.31479769945144653,0.718681275844574,0.25158029794692993,0.7329652309417725,0.524433434009552,0.6710379123687744,0.4009626805782318,0.7142945528030396,0.32460689544677734,0.7336660623550415,0.2589552700519562,0.7382807731628418,0.5364396572113037,0.7263720035552979,0.43954622745513916,0.7415959239006042,0.3808192312717438,0.7445118427276611,0.32803940773010254,0.7403432130813599,Stop
0.7437819838523865,0.8040372133255005,0.6436018347740173,0.754148542881012,0.5601484775543213,0.7142629027366638,0.4990828335285187,0.6867485046386719,0.44855114817619324,0.6844164729118347,0.5028424263000488,0.6335408091545105,0.4007761478424072,0.679848849773407,0.33658990263938904,0.7088496088981628,0.2827683389186859,0.7201545238494873,0.5087466835975647,0.6369797587394714,0.3857848346233368,0.6963536143302917,0.30990830063819885,0.7206249833106995,0.24859410524368286,0.7338201999664307,0.5201749205589294,0.6731745600700378,0.3949359059333801,0.7166616320610046,0.3165488839149475,0.7359946966171265,0.2516302764415741,0.7403539419174194,0.5321256518363953,0.7301467657089233,0.4332360625267029,0.7430602312088013,0.37356433272361755,0.7452335357666016,0.3209049701690674,0.7400158643722534,Stop
0.7439517378807068,0.8036289215087891,0.6451461315155029,0.7457574605941772,0.5576741695404053,0.7060490846633911,0.49182969331741333,0.6799980998039246,0.43935781717300415,0.6800369024276733,0.5066816806793213,0.6323975324630737,0.4024158716201782,0.6770990490913391,0.33683764934539795,0.7063273787498474,0.28136324882507324,0.7208097577095032,0.5122667551040649,0.636902928352356,0.3881308436393738,0.6944873332977295,0.31157833337783813,0.7211619019508362,0.24822402000427246,0.738394558429718,0.5225567817687988,0.6723730564117432,0.39708834886550903,0.7153053283691406,0.3198382258415222,0.7365703582763672,0.2543904781341553,0.743716835975647,0.5330579280853271,0.7276558876037598,0.4342602491378784,0.7427416443824768,0.37443023920059204,0.7459061145782471,0.3210579752922058,0.7415609955787659,Stop
0.7404869794845581,0.8038967251777649,0.6406500935554504,0.7469210624694824,0.5542590618133545,0.7067633271217346,0.490288108587265,0.6792297959327698,0.43952447175979614,0.6776537299156189,0.5062059760093689,0.631933867931366,0.4019855260848999,0.6738094091415405,0.33776718378067017,0.7034816145896912,0.28325220942497253,0.718129575252533,0.5126351118087769,0.6368755102157593,0.3907262980937958,0.6948603987693787,0.3157792389392853,0.7209256887435913,0.2537526786327362,0.7371334433555603,0.524202823638916,0.6727339625358582,0.4013538956642151,0.7176456451416016,0.32689160108566284,0.7385045289993286,0.26316720247268677,0.744953989982605,0.5364858508110046,0.7276420593261719,0.4418847858905792,0.7452711462974548,0.3850676715373993,0.7499866485595703,0.3335307240486145,0.747291088104248,Stop
0.7438367605209351,0.8052573204040527,0.6482177972793579,0.7418307065963745,0.5627069473266602,0.7043882608413696,0.5018643140792847,0.680946946144104,0.4518996775150299,0.6816599369049072,0.5073464512825012,0.6334362030029297,0.4045378863811493,0.6794227361679077,0.34066617488861084,0.7084492444992065,0.2864829897880554,0.720259428024292,0.513916552066803,0.6380409598350525,0.39160358905792236,0.6982124447822571,0.3153460919857025,0.7216805219650269,0.2530655264854431,0.7351299524307251,0.5260539054870605,0.6739609241485596,0.4021170139312744,0.7195361256599426,0.3266616463661194,0.7382023334503174,0.26227012276649475,0.7421661019325256,0.5394570231437683,0.7284414768218994,0.4426215887069702,0.7442141175270081,0.385609894990921,0.7485326528549194,0.3344894051551819,0.7461243867874146,Stop
0.7455331683158875,0.8063223361968994,0.6514435410499573,0.7412673830986023,0.5667582750320435,0.7017773985862732,0.5060528516769409,0.6792892813682556,0.4563814699649811,0.6829553842544556,0.5110809206962585,0.63078773021698,0.40792882442474365,0.6764389872550964,0.3438674211502075,0.7054109573364258,0.28994834423065186,0.717731773853302,0.5161740183830261,0.6358004212379456,0.39267003536224365,0.6944162249565125,0.31595444679260254,0.718290388584137,0.25322598218917847,0.7319297790527344,0.5269181132316589,0.6726531386375427,0.4014706015586853,0.7165977954864502,0.325588583946228,0.7356598377227783,0.2614390552043915,0.7400029301643372,0.5387948155403137,0.7287181615829468,0.4410938620567322,0.7441738843917847,0.3839220404624939,0.747767984867096,0.33276963233947754,0.7445505857467651,Stop
0.7446202635765076,0.8071181774139404,0.6467483043670654,0.7565463185310364,0.5623410940170288,0.7165143489837646,0.5006639361381531,0.6880298256874084,0.44986432790756226,0.6837116479873657,0.5078665614128113,0.6358131170272827,0.4041808843612671,0.6782353520393372,0.33707571029663086,0.7064200043678284,0.28052568435668945,0.7203652262687683,0.514020562171936,0.6380701065063477,0.3899840712547302,0.6964129209518433,0.3127325177192688,0.7226790189743042,0.2488580048084259,0.738460898399353,0.5247083902359009,0.6725478172302246,0.3995063304901123,0.7157704830169678,0.3210001289844513,0.7371343970298767,0.25522443652153015,0.7444107532501221,0.535521924495697,0.727525532245636,0.43781399726867676,0.7431685328483582,0.3783688247203827,0.747420608997345,0.32564762234687805,0.7438383102416992,Stop
0.7455059289932251,0.8070654273033142,0.6491327285766602,0.7477421164512634,0.560581386089325,0.7085391283035278,0.49525681138038635,0.6826819777488708,0.44182339310646057,0.6832026839256287,0.5078064203262329,0.6338120698928833,0.40167850255966187,0.6811612248420715,0.3322102427482605,0.7114596366882324,0.2734498977661133,0.7267348170280457,0.5143600702285767,0.6368526220321655,0.38971030712127686,0.6977022290229797,0.31097567081451416,0.7247070074081421,0.24596714973449707,0.7417911887168884,0.5255330801010132,0.6718331575393677,0.3996017575263977,0.717390239238739,0.32124966382980347,0.7389488816261292,0.25512346625328064,0.7461994290351868,0.5371542572975159,0.7267953753471375,0.44046151638031006,0.7439628839492798,0.38113194704055786,0.7488461136817932,0.328281044960022,0.7459554076194763,Stop
0.7467482089996338,0.8091295957565308,0.6464477777481079,0.7508911490440369,0.5584225654602051,0.7113651037216187,0.4943813383579254,0.6835366487503052,0.4422016143798828,0.6815941333770752,0.5077795386314392,0.6337103843688965,0.4039009213447571,0.6787992715835571,0.3366888165473938,0.7088141441345215,0.279127299785614,0.7234412431716919,0.5144249200820923,0.636906623840332,0.39240896701812744,0.696540355682373,0.31514278054237366,0.723044753074646,0.25061914324760437,0.7396599054336548,0.5258020162582397,0.6720861792564392,0.40249112248420715,0.7173038125038147,0.32498806715011597,0.7380185723304749,0.2585049867630005,0.744422972202301,0.5376448035240173,0.727465808391571,0.4406088590621948,0.7453579902648926,0.3818986713886261,0.7500007152557373,0.32941022515296936,0.746771514415741,Stop
0.7489444017410278,0.8089194893836975,0.6513647437095642,0.7440202832221985,0.5646932125091553,0.7046718001365662,0.5019544959068298,0.6808198094367981,0.45034241676330566,0.6799530386924744,0.5124525427818298,0.6313431859016418,0.41042208671569824,0.6715694665908813,0.3450823128223419,0.7002496123313904,0.2897235155105591,0.7148522138595581,0.5168094038963318,0.6357474327087402,0.39471346139907837,0.6927778720855713,0.31829750537872314,0.7192592024803162,0.25473877787590027,0.7362627387046814,0.5259317755699158,0.6714086532592773,0.4027935564517975,0.7142677903175354,0.32561028003692627,0.73577880859375,0.25914230942726135,0.7433855533599854,0.5360292792320251,0.7266841530799866,0.43869566917419434,0.7439529895782471,0.38009047508239746,0.7479932308197021,0.32786649465560913,0.7450045347213745,Stop
0.7478110194206238,0.808373212814331,0.649445116519928,0.7478415966033936,0.564157247543335,0.7085167169570923,0.5028811693191528,0.6835739612579346,0.452664315700531,0.6817631721496582,0.5097303986549377,0.6317914724349976,0.4086684286594391,0.6724758744239807,0.34541642665863037,0.7027352452278137,0.29287225008010864,0.7175719738006592,0.513922929763794,0.6365841627120972,0.39257752895355225,0.694515585899353,0.31719130277633667,0.7213112711906433,0.2549721300601959,0.7376839518547058,0.5238381028175354,0.6725661158561707,0.40062078833580017,0.7154654860496521,0.323961079120636,0.7373106479644775,0.258146733045578,0.7441956996917725,0.5349892973899841,0.7276573777198792,0.43729525804519653,0.7434267401695251,0.3788859248161316,0.7472549080848694,0.32662466168403625,0.7434439659118652,Stop
0.74805748462677,0.8077813982963562,0.6469548344612122,0.7493885159492493,0.5593542456626892,0.7098977565765381,0.4964807331562042,0.6833887696266174,0.4448281526565552,0.6815577149391174,0.508127748966217,0.6318663358688354,0.405336856842041,0.677035391330719,0.34057295322418213,0.7071757912635803,0.28461334109306335,0.7210816740989685,0.5146586894989014,0.6355063915252686,0.3937638998031616,0.695002555847168,0.3181597590446472,0.721714198589325,0.25438612699508667,0.7381731867790222,0.52602219581604,0.6710577011108398,0.4039204716682434,0.7158423066139221,0.32782649993896484,0.7375819683074951,0.2612394392490387,0.7443320155143738,0.537990391254425,0.7268052697181702,0.4416821599006653,0.7445527911186218,0.3840579390525818,0.7488317489624023,0.3314305543899536,0.7452482581138611,Stop
0.7462248802185059,0.8071126937866211,0.6473826169967651,0.7462846636772156,0.561591625213623,0.7066548466682434,0.4988788664340973,0.6814879775047302,0.44781050086021423,0.6814676523208618,0.5104221105575562,0.6326644420623779,0.40614864230155945,0.6770887970924377,0.3409634232521057,0.7071402668952942,0.28614237904548645,0.7211223840713501,0.5157016515731812,0.6380038857460022,0.3924582004547119,0.6959662437438965,0.3159172832965851,0.7217501997947693,0.2525383532047272,0.7375060319900513,0.5265278220176697,0.6740988492965698,0.4021490216255188,0.716821551322937,0.3261028528213501,0.7376080751419067,0.2609961926937103,0.7438814640045166,0.5385894775390625,0.728854775428772,0.44261184334754944,0.7442670464515686,0.38556990027427673,0.7481464743614197,0.33400702476501465,0.7448399066925049,Stop
0.748070478439331,0.8068369030952454,0.6481829881668091,0.7452087998390198,0.5614650845527649,0.7061935067176819,0.49851155281066895,0.6797853112220764,0.44729703664779663,0.6788268685340881,0.5092266798019409,0.6306366920471191,0.4051082730293274,0.6766014099121094,0.34005871415138245,0.7067786455154419,0.28437548875808716,0.7205058336257935,0.5162086486816406,0.6352540850639343,0.39440733194351196,0.6941618323326111,0.31824952363967896,0.7209140658378601,0.25536444783210754,0.7377820611000061,0.5282641649246216,0.6715403199195862,0.40588587522506714,0.7157178521156311,0.32985159754753113,0.7374190092086792,0.2641797959804535,0.7444113492965698,0.5415496826171875,0.7275862097740173,0.4453454613685608,0.7450157999992371,0.3883146345615387,0.7508943676948547,0.3365885615348816,0.7495771050453186,Stop
0.7437692880630493,0.8061032295227051,0.6420592665672302,0.7600716352462769,0.5558786392211914,0.7200088500976562,0.49334126710891724,0.6906170845031738,0.4425680339336395,0.6860983371734619,0.5039087533950806,0.6308097243309021,0.40219753980636597,0.6792817115783691,0.33762872219085693,0.7114965915679932,0.2843957543373108,0.7258082032203674,0.5109798312187195,0.6343138813972473,0.39049845933914185,0.6949701309204102,0.3155701160430908,0.7219401001930237,0.25451740622520447,0.7379155158996582,0.5222302079200745,0.669763445854187,0.4008499085903168,0.7143810987472534,0.32348209619522095,0.7363035678863525,0.25818198919296265,0.743742048740387,0.5340020656585693,0.7264502048492432,0.4364631474018097,0.7427381873130798,0.37723231315612793,0.7475827932357788,0.3241627812385559,0.7447601556777954,Stop
0.746803879737854,0.8078931570053101,0.6437913179397583,0.7556518912315369,0.555229663848877,0.7142277956008911,0.4918544292449951,0.6838953495025635,0.44043123722076416,0.679265558719635,0.504443347454071,0.6314373016357422,0.40366724133491516,0.6795176267623901,0.3390842378139496,0.7114773392677307,0.28367719054222107,0.7269622683525085,0.5126960873603821,0.634455144405365,0.3933018147945404,0.6970428228378296,0.3168720602989197,0.7250228524208069,0.2523503303527832,0.7428985834121704,0.5254760384559631,0.6697816848754883,0.40441662073135376,0.7171807885169983,0.32749149203300476,0.7395405769348145,0.2610665261745453,0.7479091286659241,0.5385645031929016,0.7257528305053711,0.4427582025527954,0.7447958588600159,0.38508230447769165,0.7501369118690491,0.33294814825057983,0.7480462193489075,Stop
0.7440885901451111,0.8083468675613403,0.6419413089752197,0.758419394493103,0.5574610233306885,0.7185524106025696,0.4964243769645691,0.6897099018096924,0.4460958242416382,0.6840016841888428,0.506049394607544,0.635934591293335,0.4061756730079651,0.6779507398605347,0.34301143884658813,0.7081630229949951,0.2898372411727905,0.7221517562866211,0.5125072598457336,0.6391575932502747,0.3923951983451843,0.6978675127029419,0.31753411889076233,0.7241023778915405,0.25484219193458557,0.7391587495803833,0.5229253768920898,0.6734707951545715,0.40154021978378296,0.7182251214981079,0.32514333724975586,0.7401638031005859,0.2595335841178894,0.7477278709411621,0.5336421132087708,0.7280232906341553,0.4360221028327942,0.7447086572647095,0.3773244321346283,0.7484372854232788,0.3246002793312073,0.7446731925010681,Stop
0.7451115846633911,0.8077090978622437,0.6445794701576233,0.7511792778968811,0.5573756098747253,0.7117121815681458,0.49401432275772095,0.6842643618583679,0.44293665885925293,0.6826669573783875,0.507580578327179,0.6332406997680664,0.4058402180671692,0.6795755624771118,0.3408282697200775,0.7111722826957703,0.2854876220226288,0.7266510725021362,0.5153388381004333,0.6362762451171875,0.3943067193031311,0.6957982182502747,0.31753310561180115,0.7240288257598877,0.2535262107849121,0.7429202795028687,0.5272718667984009,0.6714023351669312,0.40469005703926086,0.7159290909767151,0.32657474279403687,0.7390198111534119,0.25957971811294556,0.7484362721443176,0.5395152568817139,0.7273728251457214,0.4420771598815918,0.744805097579956,0.3826187551021576,0.7496179342269897,0.3295057713985443,0.7473726272583008,Stop
0.7453294396400452,0.8068627119064331,0.6437222361564636,0.7592577934265137,0.5595892667770386,0.7207199931144714,0.49908220767974854,0.6925246119499207,0.4490528404712677,0.6871858835220337,0.5056775808334351,0.6375983953475952,0.40582287311553955,0.6826461553573608,0.3429604470729828,0.7135878205299377,0.28903597593307495,0.7281509041786194,0.5126742720603943,0.6388307213783264,0.39207518100738525,0.7009145617485046,0.31616657972335815,0.7283480763435364,0.25287559628486633,0.7449892163276672,0.5237880349159241,0.6726444959640503,0.40124988555908203,0.720319926738739,0.32447338104248047,0.7425763607025146,0.25860729813575745,0.7503945827484131,0.5347769260406494,0.7274923324584961,0.4363795518875122,0.7460997104644775,0.37787753343582153,0.7504247426986694,0.32532066106796265,0.7469674348831177,Stop
0.7440726161003113,0.8084617257118225,0.6395485997200012,0.7592720985412598,0.5534349679946899,0.7187617421150208,0.49104806780815125,0.6901051998138428,0.44173282384872437,0.6855403780937195,0.50711590051651,0.6356351971626282,0.40587854385375977,0.6817479729652405,0.3411572277545929,0.7112329602241516,0.28517332673072815,0.7260270714759827,0.5135542750358582,0.6381379961967468,0.394619345664978,0.6963115930557251,0.32067766785621643,0.7242067456245422,0.2578142285346985,0.7414042353630066,0.5242802500724792,0.6720457673072815,0.4048532247543335,0.7169438004493713,0.3299625515937805,0.7401794791221619,0.264922171831131,0.7487764358520508,0.53547203540802,0.7269496917724609,0.44110625982284546,0.7457628846168518,0.3848840594291687,0.7516546249389648,0.3336966335773468,0.7500288486480713,Stop
0.7419552803039551,0.8089157342910767,0.6416913270950317,0.7526950240135193,0.5530877113342285,0.7132443189620972,0.48859649896621704,0.6867681741714478,0.4362410604953766,0.6858956217765808,0.5037758350372314,0.6320176124572754,0.4009867310523987,0.6846519112586975,0.33518293499946594,0.71766597032547,0.2798043191432953,0.7327815890312195,0.5127434134483337,0.6365432739257812,0.3911079168319702,0.7010984420776367,0.3147534728050232,0.7290854454040527,0.2511347532272339,0.7457518577575684,0.5252459645271301,0.6724113821983337,0.40234631299972534,0.7210568189620972,0.32388800382614136,0.7442672252655029,0.2568000853061676,0.7526553869247437,0.537769079208374,0.7282888889312744,0.43906906247138977,0.7460395097732544,0.3796147406101227,0.7506025433540344,0.3262549638748169,0.7470396757125854,Stop
0.7461244463920593,0.8069839477539062,0.646397590637207,0.7535500526428223,0.5589973330497742,0.7144641280174255,0.4965035617351532,0.6863745450973511,0.44643402099609375,0.6839368939399719,0.5059114694595337,0.6312127709388733,0.40397217869758606,0.6801988482475281,0.3385806977748871,0.713229238986969,0.2831602394580841,0.7294884920120239,0.5141855478286743,0.6354544162750244,0.39400050044059753,0.6964632868766785,0.3175400495529175,0.7251419425010681,0.2537502646446228,0.7437812685966492,0.5265964269638062,0.6718668341636658,0.4047248959541321,0.716336190700531,0.3269420862197876,0.7397159337997437,0.2599283754825592,0.7491306066513062,0.5395986437797546,0.7288680076599121,0.4417862296104431,0.7442320585250854,0.38261812925338745,0.7486138939857483,0.32949912548065186,0.7457613348960876,Stop
